Workbook

Sheet Natutal_illumination_light skin
A1: DATE/TIME | B1: Pimoroni MLX90640 (degree Celsius) | C1: RS PRO T-10 (degree Celsius) | D1: RobotShop MLX90640 (degree Celsius) | E1: Actual Temp (degree Celsius) | F1: DISTANCE (M) | G1: AMBIENT TEMP (degree Celsius)
A2: 09-09-24/12:00 | B2: 30.1 | C2: 29.7 | D2: 30 | E2: 36.5 | F2: 1 | G2: 16.5
A3: 09-09-24/12:01 | B3: 25.1 | C3: 29 | D3: 24.9 | E3: 36.5 | F3: 2 | G3: 16.5
A4: 09-09-24/12:02 | B4: 23 | C4: 24 | D4: 23 | E4: 36.5 | F4: 3 | G4: 16.5
A5: 09-09-24/12:03 | B5: 22 | C5: 24 | D5: 21 | E5: 36.5 | F5: 4 | G5: 16.5
A6: 09-09-24/12:04 | B6: 21 | C6: 24 | D6: 21 | E6: 36.5 | F6: 5 | G6: 16.5
B8: Natutal_illumination_light skin

Sheet Naural_Illumination_dark_skinwg
A1: DATE/TIME | B1: Pimoroni MLX90640 (degree Celsius) | C1: RS PRO T-10 (degree Celsius) | D1: RobotShop MLX90640 (degree Celsius) | E1: Actual Temp (degree Celsius) | F1: DISTANCE (M) | G1: AMBIENT TEMP (degree Celsius)
A2: 09-09-24/12:15 | B2: 29 | C2: 29.3 | D2: 29.5 | E2: 35.7 | F2: 1 | G2: 16
A3: 09-09-24/12:16 | B3: 24.5 | C3: 29 | D3: 25.75 | E3: 35.7 | F3: 2 | G3: 16
A4: 09-09-24/12:17 | B4: 23.5 | C4: 27.8 | D4: 24 | E4: 35.7 | F4: 3 | G4: 16
A5: 09-09-24/12:18 | B5: 22 | C5: 27.8 | D5: 24 | E5: 35.7 | F5: 4 | G5: 16
A6: 09-09-24/12:19 | B6: 21.5 | C6: 25 | D6: 22.5 | E6: 35.7 | F6: 5 | G6: 16
B9: Naural Illumination dark skin with eye glasses on

Sheet Naural_Illumination_darkskinwtg
A1: DATE/TIME | B1: Pimoroni MLX90640 (degree Celsius) | C1: RS PRO T-10 (degree Celsius) | D1: RobotShop MLX90640 (degree Celsius) | E1: Actual Temp (degree Celsius) | F1: DISTANCE (M) | G1: AMBIENT TEMP (degree Celsius)
A2: 09-09-24/12:15 | B2: 29.7 | C2: 30 | D2: 31.5 | E2: 35.7 | F2: 1 | G2: 16
A3: 09-09-24/12:16 | B3: 25.7 | C3: 29.8 | D3: 27 | E3: 35.7 | F3: 2 | G3: 16
A4: 09-09-24/12:17 | B4: 23.8 | C4: 28.9 | D4: 24.3 | E4: 35.7 | F4: 3 | G4: 16
A5: 09-09-24/12:18 | B5: 21.8 | C5: 27.3 | D5: 22.5 | E5: 35.7 | F5: 4 | G5: 16
A6: 09-09-24/12:19 | B6: 21.5 | C6: 26.2 | D6: 22 | E6: 35.7 | F6: 5 | G6: 16
B10: Natural Illumination dark skin without Glasses

Sheet Artificial_Illumination_Light_s
A1: DATE/TIME | B1: Pimoroni MLX90640 (degree Celsius) | C1: RS PRO T-10 (degree Celsius) | D1: RobotShop MLX90640 (degree Celsius) | E1: Actual Temp (degree Celsius) | F1: DISTANCE (M) | G1: AMBIENT TEMP (degree Celsius)
A2: 09-09-24/12:28 | B2: 28.1 | C2: 30.4 | D2: 29 | E2: 36 | F2: 1 | G2: 16.5
A3: 09-09-24/12:29 | B3: 24.5 | C3: 29.2 | D3: 25.6 | E3: 36 | F3: 2 | G3: 16.5
A4: 09-09-24/12:30 | B4: 23.5 | C4: 27.5 | D4: 24 | E4: 36 | F4: 3 | G4: 16.5
A5: 09-09-24/12:31 | B5: 22 | C5: 26.2 | D5: 22.5 | E5: 36 | F5: 4 | G5: 16.5
A6: 09-09-24/12:32 | B6: 22 | C6: 24.2 | D6: 22 | E6: 36 | F6: 5 | G6: 16.5
B9: Artificial Illumination Light skin

Sheet artificial_illuminatn_dksknwG
A1: DATE/TIME | B1: Pimoroni MLX90640 (degree Celsius) | C1: RS PRO T-10 (degree Celsius) | D1: RobotShop MLX90640 (degree Celsius) | E1: Actual Temp (degree Celsius) | F1: DISTANCE (M) | G1: AMBIENT TEMP (degree Celsius)
A2: 09-09-24/13:35 | B2: 29 | C2: 29.7 | D2: 30 | E2: 36 | F2: 1 | G2: 17
A3: 09-09-24/13:37 | B3: 26.5 | C3: 28.7 | D3: 26.8 | E3: 36 | F3: 2 | G3: 17
A4: 09-09-24/13:39 | B4: 24 | C4: 27.9 | D4: 24.5 | E4: 36 | F4: 3 | G4: 17
A5: 09-09-24/13:41 | B5: 23 | C5: 26.3 | D5: 24.4 | E5: 36 | F5: 4 | G5: 17
A6: 09-09-24/13:43 | B6: 22.8 | C6: 26.1 | D6: 23 | E6: 36 | F6: 5 | G6: 17
B10: Artificial illumination Dark skin with eye glass

Sheet Artificial_illumination_Dark_sk
A1: DATE/TIME | B1: Pimoroni MLX90640 (degree Celsius) | C1: RS PRO T-10 (degree Celsius) | D1: RobotShop MLX90640 (degree Celsius) | E1: Actual Temp (degree Celsius) | F1: DISTANCE (M) | G1: AMBIENT TEMP (degree Celsius)
A2: 09-09-24/12:35 | B2: 29.8 | C2: 29.9 | D2: 31 | E2: 36 | F2: 1 | G2: 36
A3: 09-09-24/12:37 | B3: 26.3 | C3: 29.2 | D3: 27.5 | E3: 36 | F3: 2 | G3: 36
A4: 09-09-24/12:39 | B4: 24.5 | C4: 28.4 | D4: 25 | E4: 36 | F4: 3 | G4: 36
A5: 09-09-24/12:41 | B5: 23 | C5: 27.5 | D5: 24.5 | E5: 36 | F5: 4 | G5: 36
A6: 09-09-24/12:43 | B6: 22.5 | C6: 26.4 | D6: 23.8 | E6: 36 | F6: 5 | G6: 36
B9: Artificial illumination Dark skin without eye glass

Sheet Natutal_Illuminatn _ltsknwg
A1: DATE/TIME | B1: Pimoroni MLX90640 (degree Celsius) | C1: RS PRO T-10 (degree Celsius) | D1: RobotShop MLX90640 (degree Celsius) | E1: Actual Temp (degree Celsius) | F1: DISTANCE (M) | G1: AMBIENT TEMP (degree Celsius)
A2: 09-09-24/13:55 | B2: 30 | C2: 30.4 | D2: 30.5 | E2: 35.7 | F2: 1 | G2: 16.5
A3: 09-09-24/13:56 | B3: 26.5 | C3: 28.6 | D3: 26 | E3: 35.7 | F3: 2 | G3: 16.5
A4: 09-09-24/13:57 | B4: 24 | C4: 26.2 | D4: 24.5 | E4: 35.7 | F4: 3 | G4: 16.5
A5: 09-09-24/13:58 | B5: 22.5 | C5: 24.6 | D5: 23 | E5: 35.7 | F5: 4 | G5: 16.5
A6: 09-09-24/13:59 | B6: 21.8 | C6: 22.9 | D6: 22.5 | E6: 35.7 | F6: 5 | G6: 16.5
B8: Natutal Illumination light skin with Glasses

Sheet Natutal_Illuminatn _ltsknwhgl
A1: DATE/TIME | B1: Pimoroni MLX90640 (degree Celsius) | C1: RS PRO T-10 (degree Celsius) | D1: RobotShop MLX90640 (degree Celsius) | E1: Actual Temp (degree Celsius) | F1: DISTANCE (M) | G1: AMBIENT TEMP (degree Celsius)
A2: 09-09-24/13:55 | B2: 30.5 | C2: 30.3 | D2: 31.2 | E2: 35.7 | F2: 1 | G2: 16.5
A3: 09-09-24/13:56 | B3: 25.5 | C3: 28.9 | D3: 26 | E3: 35.7 | F3: 2 | G3: 16.5
A4: 09-09-24/13:57 | B4: 24.3 | C4: 27.5 | D4: 25 | E4: 35.7 | F4: 3 | G4: 16.5
A5: 09-09-24/13:58 | B5: 22.25 | C5: 26.3 | D5: 24 | E5: 35.7 | F5: 4 | G5: 16.5
A6: 09-09-24/13:59 | B6: 21.8 | C6: 23.6 | D6: 23.3 | E6: 35.7 | F6: 5 | G6: 16.5
B10: Natutal illumination light skin without glasses

Sheet artificial_illumintn_litsknwg
A1: DATE/TIME | B1: Pimoroni MLX90640 (degree Celsius) | C1: RS PRO T-10 (degree Celsius) | D1: RobotShop MLX90640 (degree Celsius) | E1: Actual Temp (degree Celsius) | F1: DISTANCE (M) | G1: AMBIENT TEMP (degree Celsius)
A2: 09-09-24/14:00 | B2: 28.8 | C2: 30.5 | D2: 29.5 | E2: 37.5 | F2: 1 | G2: 16.5
A3: 09-09-24/14:02 | B3: 25.5 | C3: 28.5 | D3: 26.3 | E3: 37.5 | F3: 2 | G3: 16.5
A4: 09-09-24/14:04 | B4: 24.1 | C4: 28.1 | D4: 25 | E4: 37.5 | F4: 3 | G4: 16.5
A5: 09-09-24/14:06 | B5: 23.8 | C5: 27 | D5: 24.3 | E5: 37.5 | F5: 4 | G5: 17
A6: 09-09-24/14:08 | B6: 23.5 | C6: 26.1 | D6: 24 | E6: 37.5 | F6: 5 | G6: 17
B10: Artificail illumination light skin with glasses

Sheet artificial_illumintn_litsknwhgl
A1: DATE/TIME | B1: Pimoroni MLX90640 (degree Celsius) | C1: RS PRO T-10 (degree Celsius) | D1: RobotShop MLX90640 (degree Celsius) | E1: Actual Temp (degree Celsius) | F1: DISTANCE (M) | G1: AMBIENT TEMP (degree Celsius)
A2: 09-09-24/14:00 | B2: 29.5 | C2: 30.8 | D2: 30.5 | E2: 37.5 | F2: 1 | G2: 16.5
A3: 09-09-24/14:02 | B3: 25.5 | C3: 28.9 | D3: 26.3 | E3: 37.5 | F3: 2 | G3: 16.5
A4: 09-09-24/14:04 | B4: 24.5 | C4: 28 | D4: 25.3 | E4: 37.5 | F4: 3 | G4: 16.5
A5: 09-09-24/14:06 | B5: 23.8 | C5: 27.5 | D5: 24.8 | E5: 37.5 | F5: 4 | G5: 17
A6: 09-09-24/14:08 | B6: 23 | C6: 26.5 | D6: 24 | E6: 37.5 | F6: 5 | G6: 17
B9: Artificial Illumination light skin without glasses

Sheet readingdistancePimoroniMLX9064
A1: Category of Temp reading from Pimoroni MLX90640 (degree Celsius) | B1: Temp Readings at 1 Metre | C1: Temp Readings at 2 Metres | D1: Temp Readings at 3 Metres | E1: Temp Readings at 4 Metres | F1: Temp Readings at 5 Metres
A2: Light skin emissivity under natural Illumination | B2: ='Natutal_illumination_light skin'!B2 -> 30.1 | C2: ='Natutal_illumination_light skin'!B3 -> 25.1 | D2: ='Natutal_illumination_light skin'!B4 -> 23 | E2: ='Natutal_illumination_light skin'!B5 -> 22 | F2: ='Natutal_illumination_light skin'!B6 -> 21
A3: Dark skin emissivity under natural Illumination with eye glasses on | B3: =Naural_Illumination_dark_skinwg!$B$2 -> 29 | C3: =Naural_Illumination_dark_skinwg!$B$3 -> 24.5 | D3: =Naural_Illumination_dark_skinwg!$B$4 -> 23.5 | E3: =Naural_Illumination_dark_skinwg!$B$5 -> 22 | F3: =Naural_Illumination_dark_skinwg!$B$6 -> 21.5
A4: Dark skin emissivity under natural Illumination without eye glasses on | B4: =Naural_Illumination_darkskinwtg!$B$2 -> 29.7 | C4: =Naural_Illumination_darkskinwtg!$B$3 -> 25.7 | D4: =Naural_Illumination_darkskinwtg!$B$4 -> 23.8 | E4: =Naural_Illumination_darkskinwtg!$B$5 -> 21.8 | F4: =Naural_Illumination_darkskinwtg!$B$6 -> 21.5
A5: Light skin emissivity under artificial Illumination | B5: =Artificial_Illumination_Light_s!B2 -> 28.1 | C5: =Artificial_Illumination_Light_s!B3 -> 24.5 | D5: =Artificial_Illumination_Light_s!B4 -> 23.5 | E5: =Artificial_Illumination_Light_s!B6 -> 22 | F5: =Artificial_Illumination_Light_s!B6 -> 22
A6: Dark skin emissivity under artificial Illumination with eyeglasses on | B6: =artificial_illuminatn_dksknwG!B2 -> 29 | C6: =artificial_illuminatn_dksknwG!B3 -> 26.5 | D6: =artificial_illuminatn_dksknwG!B4 -> 24 | E6: =artificial_illuminatn_dksknwG!B5 -> 23 | F6: =artificial_illuminatn_dksknwG!B6 -> 22.8
A7: Dark skin emissivity under artificial l Illumination without eyeglasses on | B7: =Artificial_illumination_Dark_sk!$B$2 -> 29.8 | C7: =Artificial_illumination_Dark_sk!$B$3 -> 26.3 | D7: =Artificial_illumination_Dark_sk!$B$4 -> 24.5 | E7: =Artificial_illumination_Dark_sk!$B$5 -> 23 | F7: =Artificial_illumination_Dark_sk!$B$6 -> 22.5
A8: Light skin emissivity under natural Illumination with eyeglasses on | B8: ='Natutal_Illuminatn _ltsknwg'!B2 -> 30 | C8: ='Natutal_Illuminatn _ltsknwg'!B3 -> 26.5 | D8: ='Natutal_Illuminatn _ltsknwg'!B4 -> 24 | E8: ='Natutal_Illuminatn _ltsknwg'!B5 -> 22.5 | F8: ='Natutal_Illuminatn _ltsknwg'!B6 -> 21.8
A9: Light skin emissivity under natural Illumination without eye glasses on | B9: ='Natutal_Illuminatn _ltsknwhgl'!B2 -> 30.5 | C9: ='Natutal_Illuminatn _ltsknwhgl'!B3 -> 25.5 | D9: ='Natutal_Illuminatn _ltsknwhgl'!B4 -> 24.3 | E9: ='Natutal_Illuminatn _ltsknwhgl'!B5 -> 22.25 | F9: ='Natutal_Illuminatn _ltsknwhgl'!B6 -> 21.8
A10: Light skin emissivity under artificial Illumination with eyeglasses on | B10: =artificial_illumintn_litsknwg!B2 -> 28.8 | C10: =artificial_illumintn_litsknwg!B3 -> 25.5 | D10: =artificial_illumintn_litsknwg!B4 -> 24.1 | E10: =artificial_illumintn_litsknwg!B5 -> 23.8 | F10: =artificial_illumintn_litsknwg!B6 -> 23.5
A11: Light skin emissivity under artificial l Illumination without eyeglasses on | B11: =artificial_illumintn_litsknwhgl!B2 -> 29.5 | C11: =artificial_illumintn_litsknwhgl!B3 -> 25.5 | D11: =artificial_illumintn_litsknwhgl!B4 -> 24.5 | E11: =artificial_illumintn_litsknwhgl!B5 -> 23.8 | F11: =artificial_illumintn_litsknwhgl!B6 -> 23
A13: Mean Temp reading for each distance (Metre) | B13: =AVERAGE(B2:B11) -> 29.45 | C13: =AVERAGE(C2:C11) -> 25.56 | D13: =AVERAGE(D2:D11) -> 23.92 | E13: =AVERAGE(E2:E11) -> 22.615 | F13: =AVERAGE(F2:F11) -> 22.14
A15: Variance | B15: =_xlfn.VAR.S(B2:B11) -> 0.51833333 | C15: =_xlfn.VAR.S(C2:C11) -> 0.53377778 | D15: =_xlfn.VAR.S(D2:D11) -> 0.23066667 | E15: =_xlfn.VAR.S(E2:E11) -> 0.56113889 | F15: =_xlfn.VAR.S(F2:F11) -> 0.61377778
A17: Standard Deviation | B17: =SQRT(B15) -> 0.7199537 | C17: =SQRT(C15) -> 0.73060097 | D17: =SQRT(D15) -> 0.4802777 | E17: =SQRT(E15) -> 0.74909204 | F17: =SQRT(F15) -> 0.78343971

Sheet readingdistanceRSPROT-10
A1: Category of Temp reading from RS PRO T-10 (Degree Celsius) | B1: Temp Readings at 1 Metre | C1: Temp Readings at 2 Metres | D1: Temp Readings at 3 Metres | E1: Temp Readings at 4 Metres | F1: Temp Readings at 5 Metres
A2: Light skin emissivity under natural Illumination | B2: ='Natutal_illumination_light skin'!C2 -> 29.7 | C2: ='Natutal_illumination_light skin'!C3 -> 29 | D2: ='Natutal_illumination_light skin'!C4 -> 24 | E2: ='Natutal_illumination_light skin'!C5 -> 24 | F2: ='Natutal_illumination_light skin'!C6 -> 24
A3: Dark skin emissivity under natural Illumination with eye glasses on | B3: =Naural_Illumination_dark_skinwg!$C$2 -> 29.3 | C3: =Naural_Illumination_dark_skinwg!$C$3 -> 29 | D3: =Naural_Illumination_dark_skinwg!$C$4 -> 27.8 | E3: =Naural_Illumination_dark_skinwg!$C$5 -> 27.8 | F3: =Naural_Illumination_dark_skinwg!$C$6 -> 25
A4: Dark skin emissivity under natural Illumination without eye glasses on | B4: =Naural_Illumination_darkskinwtg!$C$2 -> 30 | C4: =Naural_Illumination_darkskinwtg!$C$3 -> 29.8 | D4: =Naural_Illumination_darkskinwtg!$C$4 -> 28.9 | E4: =Naural_Illumination_darkskinwtg!$C$5 -> 27.3 | F4: =Naural_Illumination_darkskinwtg!$C$6 -> 26.2
A5: Light skin emissivity under artificial Illumination | B5: =Artificial_Illumination_Light_s!C2 -> 30.4 | C5: =Artificial_Illumination_Light_s!C3 -> 29.2 | D5: =Artificial_Illumination_Light_s!C4 -> 27.5 | E5: =Artificial_Illumination_Light_s!C5 -> 26.2 | F5: =Artificial_Illumination_Light_s!C6 -> 24.2
A6: Dark skin emissivity under artificial Illumination with eyeglasses on | B6: =artificial_illuminatn_dksknwG!C2 -> 29.7 | C6: =artificial_illuminatn_dksknwG!C3 -> 28.7 | D6: =artificial_illuminatn_dksknwG!C4 -> 27.9 | E6: =artificial_illuminatn_dksknwG!C5 -> 26.3 | F6: =artificial_illuminatn_dksknwG!C6 -> 26.1
A7: Dark skin emissivity under artificial l Illumination without eyeglasses on | B7: =Artificial_illumination_Dark_sk!$C$2 -> 29.9 | C7: =Artificial_illumination_Dark_sk!$C$3 -> 29.2 | D7: =Artificial_illumination_Dark_sk!$C$4 -> 28.4 | E7: =Artificial_illumination_Dark_sk!$C$5 -> 27.5 | F7: =Artificial_illumination_Dark_sk!$C$6 -> 26.4
A8: Light skin emissivity under natural Illumination with eyeglasses on | B8: ='Natutal_Illuminatn _ltsknwg'!C2 -> 30.4 | C8: ='Natutal_Illuminatn _ltsknwg'!C3 -> 28.6 | D8: ='Natutal_Illuminatn _ltsknwg'!C4 -> 26.2 | E8: ='Natutal_Illuminatn _ltsknwg'!C5 -> 24.6 | F8: ='Natutal_Illuminatn _ltsknwg'!C6 -> 22.9
A9: Light skin emissivity under natural Illumination without eye glasses on | B9: ='Natutal_Illuminatn _ltsknwhgl'!C2 -> 30.3 | C9: ='Natutal_Illuminatn _ltsknwhgl'!C3 -> 28.9 | D9: ='Natutal_Illuminatn _ltsknwhgl'!C4 -> 27.5 | E9: ='Natutal_Illuminatn _ltsknwhgl'!C5 -> 26.3 | F9: ='Natutal_Illuminatn _ltsknwhgl'!C6 -> 23.6
A10: Light skin emissivity under artificial Illumination with eyeglasses on | B10: =artificial_illumintn_litsknwg!C2 -> 30.5 | C10: =artificial_illumintn_litsknwg!C3 -> 28.5 | D10: =artificial_illumintn_litsknwg!C4 -> 28.1 | E10: =artificial_illumintn_litsknwg!C5 -> 27 | F10: =artificial_illumintn_litsknwg!B6 -> 23.5
A11: Light skin emissivity under artificial l Illumination without eyeglasses on | B11: =artificial_illumintn_litsknwhgl!C2 -> 30.8 | C11: =artificial_illumintn_litsknwhgl!C3 -> 28.9 | D11: =artificial_illumintn_litsknwhgl!C4 -> 28 | E11: =artificial_illumintn_litsknwhgl!C5 -> 27.5 | F11: =artificial_illumintn_litsknwhgl!C6 -> 26.5
A13: Mean Temp reading for each distance (Metre) | B13: =AVERAGE(B2:B11) -> 30.1 | C13: =AVERAGE(C2:C11) -> 28.98 | D13: =AVERAGE(D2:D11) -> 27.43 | E13: =AVERAGE(E2:E11) -> 26.45 | F13: =AVERAGE(F2:F11) -> 24.84
A15: Variance | B15: =_xlfn.VAR.S(B2:B11) -> 0.20888889 | C15: =_xlfn.VAR.S(C2:C11) -> 0.13733333 | D15: =_xlfn.VAR.S(D2:D11) -> 1.9467778 | E15: =_xlfn.VAR.S(E2:E11) -> 1.6205556 | F15: =_xlfn.VAR.S(F2:F11) -> 1.8737778
A17: Standard Deviation | B17: =SQRT(B15) -> 0.45704364 | C17: =SQRT(C15) -> 0.37058512 | D17: =SQRT(D15) -> 1.3952698 | E17: =SQRT(E15) -> 1.2730104 | F17: =SQRT(F15) -> 1.36886

Sheet readingdistnceRobotshopMLX90640
A1: Category of Temp reading from Robotshop MLX90640 (Degree Celsius) | B1: Temp Readings at 1 Metre | C1: Temp Readings at 2 Metres | D1: Temp Readings at 3 Metres | E1: Temp Readings at 4 Metres | F1: Temp Readings at 5 Metres
A2: Light skin emissivity under natural Illumination | B2: ='Natutal_illumination_light skin'!D2 -> 30 | C2: ='Natutal_illumination_light skin'!D3 -> 24.9 | D2: ='Natutal_illumination_light skin'!D4 -> 23 | E2: ='Natutal_illumination_light skin'!D5 -> 21 | F2: ='Natutal_illumination_light skin'!D6 -> 21
A3: Dark skin emissivity under natural Illumination with eye glasses on | B3: =Naural_Illumination_dark_skinwg!$D$2 -> 29.5 | C3: =Naural_Illumination_dark_skinwg!$D$3 -> 25.75 | D3: =Naural_Illumination_dark_skinwg!$D$4 -> 24 | E3: =Naural_Illumination_dark_skinwg!$D$5 -> 24 | F3: =Naural_Illumination_dark_skinwg!$D$6 -> 22.5
A4: Dark skin emissivity under natural Illumination without eye glasses on | B4: =Naural_Illumination_darkskinwtg!$D$2 -> 31.5 | C4: =Naural_Illumination_darkskinwtg!$D$3 -> 27 | D4: =Naural_Illumination_darkskinwtg!$D$4 -> 24.3 | E4: =Naural_Illumination_darkskinwtg!$D$5 -> 22.5 | F4: =Naural_Illumination_darkskinwtg!$D$6 -> 22
A5: Light skin emissivity under artificial Illumination | B5: =Artificial_Illumination_Light_s!D2 -> 29 | C5: =Artificial_Illumination_Light_s!D3 -> 25.6 | D5: =Artificial_Illumination_Light_s!D4 -> 24 | E5: =Artificial_Illumination_Light_s!D5 -> 22.5 | F5: =Artificial_Illumination_Light_s!D6 -> 22
A6: Dark skin emissivity under artificial Illumination with eyeglasses on | B6: =artificial_illuminatn_dksknwG!D2 -> 30 | C6: =artificial_illuminatn_dksknwG!D3 -> 26.8 | D6: =artificial_illuminatn_dksknwG!D4 -> 24.5 | E6: =artificial_illuminatn_dksknwG!D5 -> 24.4 | F6: =artificial_illuminatn_dksknwG!D6 -> 23
A7: Dark skin emissivity under artificial l Illumination without eyeglasses on | B7: =Artificial_illumination_Dark_sk!$D$2 -> 31 | C7: =Artificial_illumination_Dark_sk!$D$3 -> 27.5 | D7: =Artificial_illumination_Dark_sk!$D$4 -> 25 | E7: =Artificial_illumination_Dark_sk!$D$5 -> 24.5 | F7: =Artificial_illumination_Dark_sk!$D$6 -> 23.8
A8: Light skin emissivity under natural Illumination with eyeglasses on | B8: ='Natutal_Illuminatn _ltsknwg'!D2 -> 30.5 | C8: ='Natutal_Illuminatn _ltsknwg'!D3 -> 26 | D8: ='Natutal_Illuminatn _ltsknwg'!D4 -> 24.5 | E8: ='Natutal_Illuminatn _ltsknwg'!D5 -> 23 | F8: ='Natutal_Illuminatn _ltsknwg'!D6 -> 22.5
A9: Light skin emissivity under natural Illumination without eye glasses on | B9: ='Natutal_Illuminatn _ltsknwhgl'!D2 -> 31.2 | C9: ='Natutal_Illuminatn _ltsknwhgl'!D3 -> 26 | D9: ='Natutal_Illuminatn _ltsknwhgl'!D4 -> 25 | E9: ='Natutal_Illuminatn _ltsknwhgl'!D5 -> 24 | F9: ='Natutal_Illuminatn _ltsknwhgl'!D6 -> 23.3
A10: Light skin emissivity under artificial Illumination with eyeglasses on | B10: =artificial_illumintn_litsknwg!D2 -> 29.5 | C10: =artificial_illumintn_litsknwg!D3 -> 26.3 | D10: =artificial_illumintn_litsknwg!D4 -> 25 | E10: =artificial_illumintn_litsknwg!D5 -> 24.3 | F10: =artificial_illumintn_litsknwg!D6 -> 24
A11: Light skin emissivity under artificial l Illumination without eyeglasses on | B11: =artificial_illumintn_litsknwhgl!D2 -> 30.5 | C11: =artificial_illumintn_litsknwhgl!D3 -> 26.3 | D11: =artificial_illumintn_litsknwhgl!D4 -> 25.3 | E11: =artificial_illumintn_litsknwhgl!D5 -> 24.8 | F11: =artificial_illumintn_litsknwhgl!D6 -> 24
A13: Mean Temp reading for each distance (Metre) | B13: =AVERAGE(B2:B11) -> 30.27 | C13: =AVERAGE(C2:C11) -> 26.215 | D13: =AVERAGE(D2:D11) -> 24.46 | E13: =AVERAGE(E2:E11) -> 23.5 | F13: =AVERAGE(F2:F11) -> 22.81
A15: Variance | B15: =_xlfn.VAR.S(B2:B11) -> 0.66233333 | C15: =_xlfn.VAR.S(C2:C11) -> 0.56002778 | D15: =VAR(D2:D11) -> 0.46266667 | E15: =_xlfn.VAR.S(E2:E11) -> 1.46 | F15: =_xlfn.VAR.S(F2:F11) -> 0.98544444
A17: Standard Deviation | B17: =SQRT(B15) -> 0.81383864 | C17: =SQRT(C15) -> 0.74835004 | D17: =SQRT(D15) -> 0.68019605 | E17: =SQRT(E15) -> 1.2083046 | F17: =SQRT(F15) -> 0.99269554

Sheet Avarageateachdistance
A1: Distance | B1: Pimoroni MLX90640 | C1: RS PRO T-10 | D1: Robotshop MLX90640
A2: 1 Metre | B2: =readingdistancePimoroniMLX9064!B13 -> 29.45 | C2: ='readingdistanceRSPROT-10'!B13 -> 30.1 | D2: =readingdistnceRobotshopMLX90640!B13 -> 30.27
A3: 2 Metres | B3: =readingdistancePimoroniMLX9064!C13 -> 25.56 | C3: ='readingdistanceRSPROT-10'!C13 -> 28.98 | D3: =readingdistnceRobotshopMLX90640!C13 -> 26.215
A4: 3 Metres | B4: =readingdistancePimoroniMLX9064!D13 -> 23.92 | C4: ='readingdistanceRSPROT-10'!D13 -> 27.43 | D4: =readingdistnceRobotshopMLX90640!D13 -> 24.46
A5: 4 Metres | B5: =readingdistancePimoroniMLX9064!E13 -> 22.615 | C5: ='readingdistanceRSPROT-10'!E13 -> 26.45 | D5: =readingdistnceRobotshopMLX90640!E13 -> 23.5
A6: 5 Metres | B6: =readingdistancePimoroniMLX9064!F13 -> 22.14 | C6: ='readingdistanceRSPROT-10'!F13 -> 24.84 | D6: =readingdistnceRobotshopMLX90640!F13 -> 22.81

Sheet SDateachdiatnce
A1: Distance | B1: Pimoroni MLX90640 | C1: RS PRO T-10 | D1: Robotshop MLX90640
A2: 1 Metre | B2: =readingdistancePimoroniMLX9064!B17 -> 0.7199537 | C2: ='readingdistanceRSPROT-10'!B17 -> 0.45704364 | D2: =readingdistnceRobotshopMLX90640!B17 -> 0.81383864
A3: 2 Metres | B3: =readingdistancePimoroniMLX9064!C17 -> 0.73060097 | C3: ='readingdistanceRSPROT-10'!C17 -> 0.37058512 | D3: =readingdistnceRobotshopMLX90640!C17 -> 0.74835004
A4: 3 Metres | B4: =readingdistancePimoroniMLX9064!D17 -> 0.4802777 | C4: ='readingdistanceRSPROT-10'!D17 -> 1.3952698 | D4: =readingdistnceRobotshopMLX90640!D17 -> 0.68019605
A5: 4 Metres | B5: =readingdistancePimoroniMLX9064!E17 -> 0.74909204 | C5: ='readingdistanceRSPROT-10'!E17 -> 1.2730104 | D5: =readingdistnceRobotshopMLX90640!E17 -> 1.2083046
A6: 5 Metres | B6: =readingdistancePimoroniMLX9064!F17 -> 0.78343971 | C6: ='readingdistanceRSPROT-10'!F17 -> 1.36886 | D6: =readingdistnceRobotshopMLX90640!F17 -> 0.99269554

Sheet Average_SD
B1: Average Values | H1: S.D Values
A2: =Avarageateachdistance!A1 -> Distance | B2: =Avarageateachdistance!B1 -> Pimoroni MLX90640 | C2: =Avarageateachdistance!C1 -> RS PRO T-10 | D2: =Avarageateachdistance!D1 -> Robotshop MLX90640 | G2: =SDateachdiatnce!A1 -> Distance | H2: =SDateachdiatnce!B1 -> Pimoroni MLX90640 | I2: =SDateachdiatnce!C1 -> RS PRO T-10 | J2: =SDateachdiatnce!D1 -> Robotshop MLX90640
A3: =Avarageateachdistance!A2 -> 1 Metre | B3: =Avarageateachdistance!B2 -> 29.45 | C3: =Avarageateachdistance!C2 -> 30.1 | D3: =Avarageateachdistance!D2 -> 30.27 | G3: =SDateachdiatnce!A2 -> 1 Metre | H3: =SDateachdiatnce!B2 -> 0.7199537 | I3: =SDateachdiatnce!C2 -> 0.45704364 | J3: =SDateachdiatnce!D2 -> 0.81383864
A4: =Avarageateachdistance!A3 -> 2 Metres | B4: =Avarageateachdistance!B3 -> 25.56 | C4: =Avarageateachdistance!C3 -> 28.98 | D4: =Avarageateachdistance!D3 -> 26.215 | G4: =SDateachdiatnce!A3 -> 2 Metres | H4: =SDateachdiatnce!B3 -> 0.73060097 | I4: =SDateachdiatnce!C3 -> 0.37058512 | J4: =SDateachdiatnce!D3 -> 0.74835004
A5: =Avarageateachdistance!A4 -> 3 Metres | B5: =Avarageateachdistance!B4 -> 23.92 | C5: =Avarageateachdistance!C4 -> 27.43 | D5: =Avarageateachdistance!D4 -> 24.46 | G5: =SDateachdiatnce!A4 -> 3 Metres | H5: =SDateachdiatnce!B4 -> 0.4802777 | I5: =SDateachdiatnce!C4 -> 1.3952698 | J5: =SDateachdiatnce!D4 -> 0.68019605
A6: =Avarageateachdistance!A5 -> 4 Metres | B6: =Avarageateachdistance!B5 -> 22.615 | C6: =Avarageateachdistance!C5 -> 26.45 | D6: =Avarageateachdistance!D5 -> 23.5 | G6: =SDateachdiatnce!A5 -> 4 Metres | H6: =SDateachdiatnce!B5 -> 0.74909204 | I6: =SDateachdiatnce!C5 -> 1.2730104 | J6: =SDateachdiatnce!D5 -> 1.2083046
A7: =Avarageateachdistance!A6 -> 5 Metres | B7: =Avarageateachdistance!B6 -> 22.14 | C7: =Avarageateachdistance!C6 -> 24.84 | D7: =Avarageateachdistance!D6 -> 22.81 | G7: =SDateachdiatnce!A6 -> 5 Metres | H7: =SDateachdiatnce!B6 -> 0.78343971 | I7: =SDateachdiatnce!C6 -> 1.36886 | J7: =SDateachdiatnce!D6 -> 0.99269554
