Workbook

Sheet Exp1_Tempreintervalof10mins_1
A2: DATE/TIME | B2: Pimoroni MLX90640 (degree Celsius) | C2: RS PRO T-10 (degree Celsius) | D2: RobotShop MLX90640 (degree Celsius) | E2: Actual Temp | F2: DISTANCE (M) | G2: AMBIENT TEMP (degree Celsius)
A3: 15-08-24/ 11:10AM | B3: 34.4 | C3: 32 | D3: 34.4 | E3: 36.8 | F3: 1 | G3: 25.7
A4: 15-08-24/ 11:20AM | B4: 32.2 | C4: 29 | D4: 32.2 | E4: 36.8 | F4: 2 | G4: 25.8
A5: 15-08-24/ 11:30AM | B5: 31.5 | C5: 21.5 | D5: 31 | E5: 36.8 | F5: 3 | G5: 25.8
A6: 15-08-24/ 11:40AM | B6: 30.5 | C6: 21.3 | D6: 30 | E6: 36.8 | F6: 4 | G6: 26
A7: 15-08-24/ 11:50AM | B7: 30 | C7: 21 | D7: 30.9 | E7: 36.8 | F7: 5 | G7: 26
A11: Actual Temperature = 36.8

Sheet Exp1_Tempreadintervalof2min_2
A2: DATE/TIME | B2: Pimoroni MLX90640 (degree Celsius) | C2: RS PRO T-10 (degree Celsius) | D2: RobotShop MLX90640 (degree Celsius) | E2: Actual Temp | F2: DISTANCE (M) | G2: AMBIENT TEMP (degree Celsius)
A3: 15-08-24/ 11:56 | B3: 31.5 | C3: 28 | D3: 31 | E3: 36.5 | F3: 5 | G3: 26.2
A4: 15-08-24/ 11:58 | B4: 31.5 | C4: 29.2 | D4: 31 | E4: 36.5 | F4: 4 | G4: 26.2
A5: 15-08-24/ 12:00 | B5: 32.5 | C5: 29.5 | D5: 32 | E5: 36.5 | F5: 3 | G5: 26.2
A6: 15-08-24/ 12:02 | B6: 32.9 | C6: 31 | D6: 32.9 | E6: 36.5 | F6: 2 | G6: 26.2
A7: 15-08-24/ 12:04 | B7: 34.5 | C7: 33 | D7: 34.5 | E7: 36.5 | F7: 1 | G7: 26.2
A10: Actual Temp 36.5

Sheet Exp1_Tempreadingradomlypicked_3
A1: DATE/TIME | B1: Pimoroni MLX90640 (degree Celsius) | C1: RS PRO T-10 (degree Celsius) | D1: RobotShop MLX90640 (degree Celsius) | E1: Actual Temp | F1: DISTANCE (M) | G1: AMBIENT TEMP (degree Celsius)
A2: 15-08-24/ 13:50 | B2: 33.5 | C2: 31 | D2: 33.5 | E2: 36.7 | F2: 1 | G2: 25
A3: 15-08-24/ 13:53 | B3: 31.5 | C3: 29 | D3: 31 | E3: 36.7 | F3: 2 | G3: 25
A4: 15-08-24/ 13:54 | B4: 29.2 | C4: 26.5 | D4: 29 | E4: 36.7 | F4: 3 | G4: 25
A5: 15-08-24/ 13:57 | B5: 29 | C5: 22 | D5: 29 | E5: 36.7 | F5: 4 | G5: 25
A6: 15-08-24/ 14:00 | B6: 28 | C6: 21 | D6: 28 | E6: 36.7 | F6: 5 | G6: 25.1
A9: Actual Temp 36.8

Sheet Exp1_bodydarkskinemissivity1_4
A1: DATE/TIME | B1: Pimoroni MLX90640 (degree Celsius) | C1: RS PRO T-10 (degree Celsius) | D1: RobotShop MLX90640 (degree Celsius) | E1: Actual Temp | F1: DISTANCE (M) | G1: AMBIENT TEMP (degree Celsius)
A2: 15-08-24/ 14:08 | B2: 34.75 | C2: 30.1 | D2: 33.5 | E2: 36 | F2: 1 | G2: 25.7
A3: 15-08-24/ 14:12 | B3: 32.25 | C3: 28.4 | D3: 31.75 | E3: 36 | F3: 2 | G3: 25.7
A4: 15-08-24/ 14.14 | B4: 30.75 | C4: 28.7 | D4: 30.25 | E4: 36 | F4: 3 | G4: 25.7
A5: 15-08-24/ 14:16 | B5: 30.25 | C5: 25.3 | D5: 29.25 | E5: 36 | F5: 4 | G5: 25.7
A6: 15-08-24/ 14:17 | B6: 30 | C6: 25 | D6: 29.75 | E6: 36 | F6: 5 | G6: 25.7
A9: Average | B9: =AVERAGE(Table20[Pimoroni MLX90640 (degree Celsius)]) -> 31.6 | C9: =AVERAGE(Table20[RS PRO T-10 (degree Celsius)]) -> 27.5 | D9: =AVERAGE(Table20[RobotShop MLX90640 (degree Celsius)]) -> 30.9
A12: Actual Temp 36.8
B13: Dack skin without Glasses on , under artificial home illumination

Sheet Exp1_Bodydarkskinemissivity_5
A1: DATE/TIME | B1: Pimoroni MLX90640 (degree Celsius) | C1: RS PRO T-10 (degree Celsius) | D1: RobotShop MLX90640 (degree Celsius) | E1: Actual Temp | F1: DISTANCE (M) | G1: AMBIENT TEMP (degree Celsius)
A2: 15-08-24/ 14:18 | B2: 34.5 | C2: 30.4 | D2: 33.25 | E2: 36 | F2: 1 | G2: 25.8
A3: 15-08-24/ 14:20 | B3: 31.75 | C3: 29.9 | D3: 31 | E3: 36 | F3: 2 | G3: 25.7
A4: 15-08-24/ 14.21 | B4: 30.5 | C4: 28.7 | D4: 30.25 | E4: 36 | F4: 3 | G4: 25.7
A5: 15-08-24/ 14:22 | B5: 30.25 | C5: 27.7 | D5: 29.75 | E5: 36 | F5: 4 | G5: 25.7
A6: 15-08-24/ 14:23 | B6: 29.75 | C6: 25.7 | D6: 29.75 | E6: 36 | F6: 5 | G6: 25.7
A9: Average | B9: =AVERAGE(Table21[Pimoroni MLX90640 (degree Celsius)]) -> 31.35 | C9: =AVERAGE(Table21[RS PRO T-10 (degree Celsius)]) -> 28.48 | D9: =AVERAGE(Table21[RobotShop MLX90640 (degree Celsius)]) -> 30.8
A11: Actual Temp 36.8
B12: Dack skin with Glasses on , under artificial home illumination

Sheet Exp1_bodylightskinemmisivity_6
A1: DATE/TIME | B1: Pimoroni MLX90640 (degree Celsius) | C1: RS PRO T-10 (degree Celsius) | D1: RobotShop MLX90640 (degree Celsius) | E1: Actual Temp | F1: DISTANCE (M) | G1: AMBIENT TEMP (degree Celsius)
A2: 15-08-24/ 14:45 | B2: 33.75 | C2: 30.3 | D2: 33.5 | E2: 36.8 | F2: 1 | G2: 25.8
A3: 15-08-24/ 14:47 | B3: 31.5 | C3: 29.3 | D3: 31.7 | E3: 36.8 | F3: 2 | G3: 25.7
A4: 15-08-24/ 14.49 | B4: 30.2 | C4: 28.8 | D4: 30 | E4: 36.8 | F4: 3 | G4: 25.7
A5: 15-08-24/ 14:50 | B5: 29.5 | C5: 28.3 | D5: 29 | E5: 36.8 | F5: 4 | G5: 25.7
A6: 15-08-24/ 14:52 | B6: 28.5 | C6: 28 | D6: 29 | E6: 36.8 | F6: 5 | G6: 25.7
A9: Average | B9: =AVERAGE(Table22[Pimoroni MLX90640 (degree Celsius)]) -> 30.69 | C9: =AVERAGE(Table22[RS PRO T-10 (degree Celsius)]) -> 28.94 | D9: =AVERAGE(Table22[RobotShop MLX90640 (degree Celsius)]) -> 30.64
A11: Actual Temp 36.8
C12: Light skin with Glasses on , under artificial home illumination

Sheet Exp1_bodylightskinemmisivity1_7
A1: DATE/TIME | B1: Pimoroni MLX90640 (degree Celsius) | C1: RS PRO T-10 (degree Celsius) | D1: RobotShop MLX90640 (degree Celsius) | E1: Actual Temp | F1: DISTANCE (M) | G1: AMBIENT TEMP (degree Celsius)
A2: 15-08-24/ 14:33 | B2: 32.5 | C2: 29.8 | D2: 32.5 | E2: 36.2 | F2: 1 | G2: 25.8
A3: 15-08-24/ 14:34 | B3: 30.75 | C3: 28.2 | D3: 30.5 | E3: 36.2 | F3: 2 | G3: 25.7
A4: 15-08-24/ 14:36 | B4: 29.7 | C4: 25.9 | D4: 30 | E4: 36.2 | F4: 3 | G4: 25.7
A5: 15-08-24/ 14:38 | B5: 28.75 | C5: 25.2 | D5: 29 | E5: 36.2 | F5: 4 | G5: 25.7
A6: 15-08-24/ 14:41 | B6: 24.1 | C6: 20.2 | D6: 24 | E6: 36.2 | F6: 5 | G6: 25.7
A9: Average | B9: =AVERAGE(Table23[Pimoroni MLX90640 (degree Celsius)]) -> 29.16 | C9: =AVERAGE(Table23[RS PRO T-10 (degree Celsius)]) -> 25.86 | D9: =AVERAGE(Table23[RobotShop MLX90640 (degree Celsius)]) -> 29.2
A13: Actual Temp 36.8
B14: Light skin without Glasses on , under artificial home illumination

Sheet Exp1_Lightskinlowtempnaturalh_8
A1: DATE/TIME | B1: Pimoroni MLX90640 (degree Celsius) | C1: RS PRO T-10 (degree Celsius) | D1: RobotShop MLX90640 (degree Celsius) | E1: Actual Temp | F1: DISTANCE (M) | G1: AMBIENT TEMP (degree Celsius)
A2: 15-08-24/ 16:08 | B2: 32 | C2: 31.6 | D2: 32 | E2: 36.1 | F2: 1 | G2: 20.2
A3: 15-08-24/ 16:10 | B3: 28.75 | C3: 30 | D3: 29 | E3: 36.1 | F3: 2 | G3: 20.2
A4: 15-08-24/ 16:12 | B4: 27.8 | C4: 29 | D4: 27.25 | E4: 36.1 | F4: 3 | G4: 20.6
A5: 15-08-24/ 16:13 | B5: 26.5 | C5: 28.2 | D5: 26.5 | E5: 36.1 | F5: 4 | G5: 21
A6: 15-08-24/ 16:14 | B6: 25.2 | C6: 27.5 | D6: 25 | E6: 36.1 | F6: 5 | G6: 21
A9: Average | B9: =AVERAGE(Table24[Pimoroni MLX90640 (degree Celsius)]) -> 28.05 | C9: =AVERAGE(Table24[RS PRO T-10 (degree Celsius)]) -> 29.26 | D9: =AVERAGE(Table24[RobotShop MLX90640 (degree Celsius)]) -> 27.95
A12: Actual Temp 36.8
B13: Light skin, low temp, natural home illumination

Sheet Exp1_Darkskinlowtempnaturalho_9
A1: DATE/TIME | B1: Pimoroni MLX90640 (degree Celsius) | C1: RS PRO T-10 (degree Celsius) | D1: RobotShop MLX90640 (degree Celsius) | E1: Actual Temp | F1: DISTANCE (M) | G1: AMBIENT TEMP (degree Celsius)
A2: 15-08-24/ 16:20 | B2: 32.75 | C2: 30.9 | D2: 31.5 | E2: 36.8 | F2: 1 | G2: 21.7
A3: 15-08-24/ 16:21 | B3: 29.25 | C3: 29.5 | D3: 28.5 | E3: 36.8 | F3: 2 | G3: 21.9
A4: 15-08-24/ 16:22 | B4: 28.25 | C4: 28.8 | D4: 28.5 | E4: 36.8 | F4: 3 | G4: 21.9
A5: 15-08-24/ 16:23 | B5: 27.25 | C5: 28.5 | D5: 27 | E5: 36.8 | F5: 4 | G5: 22
A6: 15-08-24/ 16:24 | B6: 27 | C6: 28.5 | D6: 26.25 | E6: 36.8 | F6: 5 | G6: 22.1
A9: Average | B9: =AVERAGE(Table25[Pimoroni MLX90640 (degree Celsius)]) -> 28.9 | C9: =AVERAGE(Table25[RS PRO T-10 (degree Celsius)]) -> 29.24 | D9: =AVERAGE(Table25[RobotShop MLX90640 (degree Celsius)]) -> 28.35
A14: Actual Temp 36.80
B15: Dark skin, low temp, natural home illumination

Sheet Exp1_Darksknlowtepartificial_10
A1: DATE/TIME | B1: Pimoroni MLX90640 (degree Celsius) | C1: RS PRO T-10 (degree Celsius) | D1: RobotShop MLX90640 (degree Celsius) | E1: Actual Temp | F1: DISTANCE (M) | G1: AMBIENT TEMP (degree Celsius)
A2: 15-08-24/ 16:43 | B2: 32.5 | C2: 30.4 | D2: 32.25 | E2: 35.6 | F2: 1 | G2: 22.6
A3: 15-08-24/ 16:44 | B3: 29.5 | C3: 29.6 | D3: 29.75 | E3: 35.6 | F3: 2 | G3: 22.6
A4: 15-08-24/ 16:45 | B4: 28.75 | C4: 28 | D4: 28.75 | E4: 35.6 | F4: 3 | G4: 22.8
A5: 15-08-24/ 16:47 | B5: 27.75 | C5: 26.2 | D5: 26.2 | E5: 35.6 | F5: 4 | G5: 22.8
A6: 15-08-24/ 16:49 | B6: 26.75 | C6: 26.5 | D6: 27 | E6: 35.6 | F6: 5 | G6: 22.8
A9: Average | B9: =AVERAGE(Table26[Pimoroni MLX90640 (degree Celsius)]) -> 29.05 | C9: =AVERAGE(Table26[RS PRO T-10 (degree Celsius)]) -> 28.14 | D9: =AVERAGE(Table26[RobotShop MLX90640 (degree Celsius)]) -> 28.79
A13: Actual Temp 35.6
B15: dark skin, low temp, artificial home illumination

Sheet Exp1_lghtsknlowtempartificia_11
A1: DATE/TIME | B1: Pimoroni MLX90640 (degree Celsius) | C1: RS PRO T-10 (degree Celsius) | D1: RobotShop MLX90640 (degree Celsius) | E1: Actual Temp | F1: DISTANCE (M) | G1: AMBIENT TEMP (degree Celsius)
A2: 15-08-24/ 16:53 | B2: 32.2 | C2: 30.1 | D2: 31.5 | E2: 36.9 | F2: 1 | G2: 22.6
A3: 15-08-24/ 16:54 | B3: 30.5 | C3: 30 | D3: 29.25 | E3: 36.9 | F3: 2 | G3: 22.6
A4: 15-08-24/ 16:55 | B4: 29.75 | C4: 28.8 | D4: 28.5 | E4: 36.9 | F4: 3 | G4: 22.8
A5: 15-08-24/ 16:56 | B5: 28.75 | C5: 27.5 | D5: 28 | E5: 36.9 | F5: 4 | G5: 22.8
A6: 15-08-24/ 16:57 | B6: 28.25 | C6: 27.4 | D6: 27.5 | E6: 36.9 | F6: 5 | G6: 22.8
A9: Average | B9: =AVERAGE(Table16[Pimoroni MLX90640 (degree Celsius)]) -> 29.89 | C9: =AVERAGE(Table16[RS PRO T-10 (degree Celsius)]) -> 28.76 | D9: =AVERAGE(Table16[RobotShop MLX90640 (degree Celsius)]) -> 28.95
A13: Actual Temp 36.9
B14: light skin, low temp, artificial home illumination

Sheet Exp1_CategoryofTempReadingfromP
A1: Column1 | B1: Column2 | C1: Column3 | D1: Column4 | E1: Column5 | F1: Column6 | G1: Column7 | H1: Column8 | I1: Column9 | J1: Column10
A2: Category of Temp reading from Pimoroni MLX90640 (degree Celsius) | B2: Temp Readings at 1 Metre | D2: Temp Readings at 2 Metres | F2: Temp Readings at 3 Metres | H2: Temp Readings at 4 Metres | J2: Temp Readings at 5 Metres
A3: Temp reading interval of 10mins | B3: =Exp1_Tempreintervalof10mins_1!B3 -> 34.4 | D3: =Exp1_Tempreintervalof10mins_1!B4 -> 32.2 | F3: =Exp1_Tempreintervalof10mins_1!B5 -> 31.5 | H3: =Exp1_Tempreintervalof10mins_1!B6 -> 30.5 | J3: =Exp1_Tempreintervalof10mins_1!B7 -> 30
A4: Temp reading interval of 2mins | B4: =Exp1_Tempreadintervalof2min_2!B7 -> 34.5 | D4: =Exp1_Tempreadintervalof2min_2!B6 -> 32.9 | F4: =Exp1_Tempreadintervalof2min_2!B5 -> 32.5 | H4: =Exp1_Tempreadintervalof2min_2!B6 -> 32.9 | J4: =Exp1_Tempreadintervalof2min_2!B3 -> 31.5
A5: Temp reading radomly picked | B5: =Exp1_Tempreadingradomlypicked_3!B2 -> 33.5 | D5: =Exp1_Tempreadingradomlypicked_3!B3 -> 31.5 | F5: =Exp1_Tempreadingradomlypicked_3!B4 -> 29.2 | H5: =Exp1_Tempreadingradomlypicked_3!B5 -> 29 | J5: =Exp1_Tempreadingradomlypicked_3!B6 -> 28
A6: Dack emissivity skin without Glasses on , under artificial home illumination | B6: =Exp1_bodydarkskinemissivity1_4!B2 -> 34.75 | D6: =Exp1_bodydarkskinemissivity1_4!B3 -> 32.25 | F6: =Exp1_bodydarkskinemissivity1_4!B4 -> 30.75 | H6: =Exp1_bodydarkskinemissivity1_4!B5 -> 30.25 | J6: =Exp1_bodydarkskinemissivity1_4!B6 -> 30
A7: Dack skin emissivity with Glasses on , under artificial home illumination | B7: =Exp1_Bodydarkskinemissivity_5!B2 -> 34.5 | D7: =Exp1_Bodydarkskinemissivity_5!B3 -> 31.75 | F7: =Exp1_Bodydarkskinemissivity_5!B4 -> 30.5 | H7: =Exp1_Bodydarkskinemissivity_5!B5 -> 30.25 | J7: =Exp1_Bodydarkskinemissivity_5!B6 -> 29.75
A8: Light skin emissivity with Glasses on , under artificial home illumination | B8: =Exp1_bodylightskinemmisivity_6!B2 -> 33.75 | D8: =Exp1_bodylightskinemmisivity_6!B3 -> 31.5 | F8: =Exp1_bodylightskinemmisivity_6!B4 -> 30.2 | H8: =Exp1_bodylightskinemmisivity_6!B5 -> 29.5 | J8: =Exp1_bodylightskinemmisivity_6!B6 -> 28.5
A9: Light skin emissivity without Glasses on, under artificial home illumination | B9: =Exp1_bodylightskinemmisivity1_7!B2 -> 32.5 | D9: =Exp1_bodylightskinemmisivity1_7!B3 -> 30.75 | F9: =Exp1_bodylightskinemmisivity1_7!B4 -> 29.7 | H9: =Exp1_bodylightskinemmisivity1_7!B5 -> 28.75 | J9: =Exp1_bodylightskinemmisivity1_7!B6 -> 24.1
A10: Light skin emissivity, low temp, natural home illumination | B10: =Exp1_Lightskinlowtempnaturalh_8!B2 -> 32 | D10: =Exp1_Lightskinlowtempnaturalh_8!B3 -> 28.75 | F10: =Exp1_Lightskinlowtempnaturalh_8!B4 -> 27.8 | H10: =Exp1_Lightskinlowtempnaturalh_8!B5 -> 26.5 | J10: =Exp1_Lightskinlowtempnaturalh_8!B6 -> 25.2
A11: Dark skin emissivity, low temp, natural home illumination | B11: =Exp1_Darkskinlowtempnaturalho_9!B2 -> 32.75 | D11: =Exp1_Darkskinlowtempnaturalho_9!B3 -> 29.25 | F11: =Exp1_Darkskinlowtempnaturalho_9!B4 -> 28.25 | H11: =Exp1_Darkskinlowtempnaturalho_9!B5 -> 27.25 | J11: =Exp1_Darkskinlowtempnaturalho_9!B6 -> 27
A12: Dark skin emissivity, low temp, artificial home illumination | B12: =Exp1_Darksknlowtepartificial_10!B2 -> 32.5 | D12: =Exp1_Darksknlowtepartificial_10!B3 -> 29.5 | F12: =Exp1_Darksknlowtepartificial_10!B4 -> 28.75 | H12: =Exp1_Darksknlowtepartificial_10!B5 -> 27.75 | J12: =Exp1_Darksknlowtepartificial_10!B6 -> 26.75
A13: Light skin emissivity, low temp, artificial home illumination | B13: =Exp1_lghtsknlowtempartificia_11!B2 -> 32.2 | D13: =Exp1_lghtsknlowtempartificia_11!B3 -> 30.5 | F13: =Exp1_lghtsknlowtempartificia_11!B4 -> 29.75 | H13: =Exp1_lghtsknlowtempartificia_11!B5 -> 28.75 | J13: =Exp1_lghtsknlowtempartificia_11!B6 -> 28.25
A14: Mean Temp reading for each distance (Metre) | B14: =AVERAGE(B3:B13) -> 33.395455 | D14: =AVERAGE(D3:D13) -> 30.986364 | F14: =AVERAGE(F3:F13) -> 29.9 | H14: =AVERAGE(H3:H13) -> 29.218182 | J14: =AVERAGE(J3:J13) -> 28.095455

Sheet Exp1_CategoriesofTempreadingbyR
A1: Column1 | B1: Column2 | C1: Column3 | D1: Column4 | E1: Column5 | F1: Column6 | G1: Column7 | H1: Column8 | I1: Column9 | J1: Column10
A2: Category of Temp reading from RS PRO T-10 (Degree Celsius) | B2: Temp Readings at 1 Metre | D2: Temp Readings at 2 Metres | F2: Temp Readings at 3 Metres | H2: Temp Readings at 4 Metres | J2: Temp Readings at 5 Metres
A3: Temp reading interval of 10mins | B3: =Exp1_Tempreintervalof10mins_1!C3 -> 32 | D3: =Exp1_Tempreintervalof10mins_1!C4 -> 29 | F3: =Exp1_Tempreintervalof10mins_1!C5 -> 21.5 | H3: =Exp1_Tempreintervalof10mins_1!C6 -> 21.3 | J3: =Exp1_Tempreintervalof10mins_1!C7 -> 21
A4: Temp reading interval of 2mins | B4: =Exp1_Tempreadintervalof2min_2!C7 -> 33 | D4: =Exp1_Tempreadintervalof2min_2!C6 -> 31 | F4: =Exp1_Tempreadintervalof2min_2!C5 -> 29.5 | H4: =Exp1_Tempreadintervalof2min_2!C4 -> 29.2 | J4: =Exp1_Tempreadintervalof2min_2!C3 -> 28
A5: Temp reading radomly picked | B5: =Exp1_Tempreadingradomlypicked_3!C2 -> 31 | D5: =Exp1_Tempreadingradomlypicked_3!C3 -> 29 | F5: =Exp1_Tempreadingradomlypicked_3!C4 -> 26.5 | H5: =Exp1_Tempreadingradomlypicked_3!C5 -> 22 | J5: =Exp1_Tempreadingradomlypicked_3!C6 -> 21
A6: Dack emissivity skin without Glasses on , under artificial home illumination | B6: =Exp1_bodydarkskinemissivity1_4!C2 -> 30.1 | D6: =Exp1_bodydarkskinemissivity1_4!C3 -> 28.4 | F6: =Exp1_bodydarkskinemissivity1_4!C4 -> 28.7 | H6: =Exp1_bodydarkskinemissivity1_4!C5 -> 25.3 | J6: =Exp1_bodydarkskinemissivity1_4!C6 -> 25
A7: Dack skin emissivity with Glasses on , under artificial home illumination | B7: =Exp1_Bodydarkskinemissivity_5!C2 -> 30.4 | D7: =Exp1_Bodydarkskinemissivity_5!C3 -> 29.9 | F7: =Exp1_Bodydarkskinemissivity_5!C4 -> 28.7 | H7: =Exp1_Bodydarkskinemissivity_5!C5 -> 27.7 | J7: =Exp1_Bodydarkskinemissivity_5!C6 -> 25.7
A8: Light skin emissivity with Glasses on , under artificial home illumination | B8: =Exp1_bodylightskinemmisivity_6!C2 -> 30.3 | D8: =Exp1_bodylightskinemmisivity_6!C3 -> 29.3 | F8: =Exp1_bodylightskinemmisivity_6!C4 -> 28.8 | H8: =Exp1_bodylightskinemmisivity_6!C5 -> 28.3 | J8: =Exp1_bodylightskinemmisivity_6!C6 -> 28
A9: Light skin emissivity without Glasses on, under artificial home illumination | B9: =Exp1_bodylightskinemmisivity1_7!C2 -> 29.8 | D9: =Exp1_bodylightskinemmisivity1_7!C3 -> 28.2 | F9: =Exp1_bodylightskinemmisivity1_7!C4 -> 25.9 | H9: =Exp1_bodylightskinemmisivity1_7!C5 -> 25.2 | J9: =Exp1_bodylightskinemmisivity1_7!C6 -> 20.2
A10: Light skin emissivity, low temp, natural home illumination | B10: =Exp1_Lightskinlowtempnaturalh_8!C2 -> 31.6 | D10: =Exp1_Lightskinlowtempnaturalh_8!C3 -> 30 | F10: =Exp1_Lightskinlowtempnaturalh_8!C4 -> 29 | H10: =Exp1_Lightskinlowtempnaturalh_8!C5 -> 28.2 | J10: =Exp1_Lightskinlowtempnaturalh_8!C6 -> 27.5
A11: Dark skin emissivity, low temp, natural home illumination | B11: =Exp1_Darkskinlowtempnaturalho_9!C2 -> 30.9 | D11: =Exp1_Darkskinlowtempnaturalho_9!C3 -> 29.5 | F11: =Exp1_Darkskinlowtempnaturalho_9!C4 -> 28.8 | H11: =Exp1_Darkskinlowtempnaturalho_9!C5 -> 28.5 | J11: =Exp1_Darkskinlowtempnaturalho_9!C6 -> 28.5
A12: Dark skin emissivity, low temp, artificial home illumination | B12: =Exp1_Darksknlowtepartificial_10!C2 -> 30.4 | D12: =Exp1_Darksknlowtepartificial_10!C3 -> 29.6 | F12: =Exp1_Darksknlowtepartificial_10!C4 -> 28 | H12: =Exp1_Darksknlowtepartificial_10!C5 -> 26.2 | J12: =Exp1_Darksknlowtepartificial_10!C6 -> 26.5
A13: Light skin emissivity, low temp, artificial home illumination | B13: =Exp1_lghtsknlowtempartificia_11!C2 -> 30.1 | D13: =Exp1_lghtsknlowtempartificia_11!C3 -> 30 | F13: =Exp1_lghtsknlowtempartificia_11!C4 -> 28.8 | H13: =Exp1_lghtsknlowtempartificia_11!C5 -> 27.5 | J13: =Exp1_lghtsknlowtempartificia_11!C6 -> 27.4
A14: Mean Temp reading for each distance (Metre) | B14: =AVERAGE(B3:B13) -> 30.872727 | D14: =AVERAGE(D3:D13) -> 29.445455 | F14: =AVERAGE(F3:F13) -> 27.654545 | H14: =AVERAGE(H3:H13) -> 26.309091 | J14: =AVERAGE(J3:J13) -> 25.345455

Sheet Exp1_CategoriesofTempreadingRob
A1: Column1 | B1: Column2 | C1: Column3 | D1: Column4 | E1: Column5 | F1: Column6 | G1: Column7 | H1: Column8 | I1: Column9 | J1: Column10
A2: Category of Temp reading from Robotshop MLX90640 (Degree Celsius) | B2: Temp Readings at 1 Metre | D2: Temp Readings at 2 Metres | F2: Temp Readings at 3 Metres | H2: Temp Readings at 4 Metres | J2: Temp Readings at 5 Metres
A3: Temp reading interval of 10mins | B3: =Exp1_Tempreintervalof10mins_1!D3 -> 34.4 | D3: =Exp1_Tempreintervalof10mins_1!D4 -> 32.2 | F3: =Exp1_Tempreintervalof10mins_1!D5 -> 31 | H3: =Exp1_Tempreintervalof10mins_1!D6 -> 30 | J3: =Exp1_Tempreintervalof10mins_1!D7 -> 30.9
A4: Temp reading interval of 2mins | B4: =Exp1_Tempreadintervalof2min_2!D7 -> 34.5 | D4: =Exp1_Tempreadintervalof2min_2!D6 -> 32.9 | F4: =Exp1_Tempreadintervalof2min_2!D5 -> 32 | H4: =Exp1_Tempreadintervalof2min_2!D4 -> 31 | J4: =Exp1_Tempreadintervalof2min_2!D3 -> 31
A5: Temp reading radomly picked | B5: =Exp1_Tempreadingradomlypicked_3!D2 -> 33.5 | D5: =Exp1_Tempreadingradomlypicked_3!D3 -> 31 | F5: =Exp1_Tempreadingradomlypicked_3!D4 -> 29 | H5: =Exp1_Tempreadingradomlypicked_3!D5 -> 29 | J5: =Exp1_Tempreadingradomlypicked_3!D6 -> 28
A6: Dack emissivity skin without Glasses on , under artificial home illumination | B6: =Exp1_bodydarkskinemissivity1_4!D2 -> 33.5 | D6: =Exp1_bodydarkskinemissivity1_4!D3 -> 31.75 | F6: =Exp1_bodydarkskinemissivity1_4!D4 -> 30.25 | H6: =Exp1_bodydarkskinemissivity1_4!D5 -> 29.25 | J6: =Exp1_bodydarkskinemissivity1_4!D6 -> 29.75
A7: Dack skin emissivity with Glasses on , under artificial home illumination | B7: =Exp1_Bodydarkskinemissivity_5!D2 -> 33.25 | D7: =Exp1_Bodydarkskinemissivity_5!D3 -> 31 | F7: =Exp1_Bodydarkskinemissivity_5!D4 -> 30.25 | H7: =Exp1_Bodydarkskinemissivity_5!D5 -> 29.75 | J7: =Exp1_Bodydarkskinemissivity_5!D6 -> 29.75
A8: Light skin emissivity with Glasses on , under artificial home illumination | B8: =Exp1_bodylightskinemmisivity_6!D2 -> 33.5 | D8: =Exp1_bodylightskinemmisivity_6!D3 -> 31.7 | F8: =Exp1_bodylightskinemmisivity_6!D4 -> 30 | H8: =Exp1_bodylightskinemmisivity_6!D5 -> 29 | J8: =Exp1_bodylightskinemmisivity_6!D6 -> 29
A9: Light skin emissivity without Glasses on, under artificial home illumination | B9: =Exp1_bodylightskinemmisivity1_7!D2 -> 32.5 | D9: =Exp1_bodylightskinemmisivity1_7!D3 -> 30.5 | F9: =Exp1_bodylightskinemmisivity1_7!D4 -> 30 | H9: =Exp1_bodylightskinemmisivity1_7!D5 -> 29 | J9: =Exp1_bodylightskinemmisivity1_7!D6 -> 24
A10: Light skin emissivity, low temp, natural home illumination | B10: =Exp1_Lightskinlowtempnaturalh_8!D2 -> 32 | D10: =Exp1_Lightskinlowtempnaturalh_8!D3 -> 29 | F10: =Exp1_Lightskinlowtempnaturalh_8!D4 -> 27.25 | H10: =Exp1_Lightskinlowtempnaturalh_8!D5 -> 26.5 | J10: =Exp1_Lightskinlowtempnaturalh_8!D6 -> 25
A11: Dark skin emmisivity, low temp, natural home illumination | B11: =Exp1_Darkskinlowtempnaturalho_9!D2 -> 31.5 | D11: =Exp1_Darkskinlowtempnaturalho_9!D3 -> 28.5 | F11: =Exp1_Darkskinlowtempnaturalho_9!D4 -> 28.5 | H11: =Exp1_Darkskinlowtempnaturalho_9!D5 -> 27 | J11: =Exp1_Darkskinlowtempnaturalho_9!D6 -> 26.25
A12: Dark skin emissivity, low temp, artificial home illumination | B12: =Exp1_Darksknlowtepartificial_10!D2 -> 32.25 | D12: =Exp1_Darksknlowtepartificial_10!D3 -> 29.75 | F12: =Exp1_Darksknlowtepartificial_10!D4 -> 28.75 | H12: =Exp1_Darksknlowtepartificial_10!D5 -> 26.2 | J12: =Exp1_Darksknlowtepartificial_10!D6 -> 27
A13: Light skin emissivity, low temp, artificial home illumination | B13: =Exp1_lghtsknlowtempartificia_11!D2 -> 31.5 | D13: =Exp1_lghtsknlowtempartificia_11!D3 -> 29.25 | F13: =Exp1_lghtsknlowtempartificia_11!D4 -> 28.5 | H13: =Exp1_lghtsknlowtempartificia_11!D6 -> 27.5 | J13: =Exp1_lghtsknlowtempartificia_11!D6 -> 27.5
A15: Mean Temp reading for each distance (Metre) | B15: =AVERAGE(B3:B13) -> 32.945455 | D15: =AVERAGE(D3:D13) -> 30.686364 | F15: =AVERAGE(F3:F13) -> 29.590909 | H15: =AVERAGE(H3:H13) -> 28.563636 | J15: =AVERAGE(J3:J13) -> 28.013636

Sheet Exp1_ RobotShpMLXMeanvarianceSD
B1: Temp Readings at 1 Metre | C1: Temp Readings at 2 Metres | D1: Temp Readings at 3 Metres | E1: Temp Readings at 4 Metres | F1: Temp Readings at 5 Metres
B2: =Exp1_CategoriesofTempreadingRob!B3 -> 34.4 | C2: =Exp1_CategoriesofTempreadingRob!D3 -> 32.2 | D2: =Exp1_CategoriesofTempreadingRob!F3 -> 31 | E2: =Exp1_CategoriesofTempreadingRob!H3 -> 30 | F2: =Exp1_CategoriesofTempreadingRob!J3 -> 30.9
B3: =Exp1_CategoriesofTempreadingRob!B4 -> 34.5 | C3: =Exp1_CategoriesofTempreadingRob!D4 -> 32.9 | D3: =Exp1_CategoriesofTempreadingRob!F4 -> 32 | E3: =Exp1_CategoriesofTempreadingRob!H4 -> 31 | F3: =Exp1_CategoriesofTempreadingRob!J4 -> 31
B4: =Exp1_CategoriesofTempreadingRob!B5 -> 33.5 | C4: =Exp1_CategoriesofTempreadingRob!D5 -> 31 | D4: =Exp1_CategoriesofTempreadingRob!F5 -> 29 | E4: =Exp1_CategoriesofTempreadingRob!H5 -> 29 | F4: =Exp1_CategoriesofTempreadingRob!J5 -> 28
B5: =Exp1_CategoriesofTempreadingRob!B6 -> 33.5 | C5: =Exp1_CategoriesofTempreadingRob!D6 -> 31.75 | D5: =Exp1_CategoriesofTempreadingRob!F6 -> 30.25 | E5: =Exp1_CategoriesofTempreadingRob!H6 -> 29.25 | F5: =Exp1_CategoriesofTempreadingRob!J6 -> 29.75
B6: =Exp1_CategoriesofTempreadingRob!B7 -> 33.25 | C6: =Exp1_CategoriesofTempreadingRob!D7 -> 31 | D6: =Exp1_CategoriesofTempreadingRob!F7 -> 30.25 | E6: =Exp1_CategoriesofTempreadingRob!H7 -> 29.75 | F6: =Exp1_CategoriesofTempreadingRob!J7 -> 29.75
B7: =Exp1_CategoriesofTempreadingRob!B8 -> 33.5 | C7: =Exp1_CategoriesofTempreadingRob!D8 -> 31.7 | D7: =Exp1_CategoriesofTempreadingRob!F8 -> 30 | E7: =Exp1_CategoriesofTempreadingRob!H8 -> 29 | F7: =Exp1_CategoriesofTempreadingRob!J8 -> 29
B8: =Exp1_CategoriesofTempreadingRob!B9 -> 32.5 | C8: =Exp1_CategoriesofTempreadingRob!D9 -> 30.5 | D8: =Exp1_CategoriesofTempreadingRob!F9 -> 30 | E8: =Exp1_CategoriesofTempreadingRob!H9 -> 29 | F8: =Exp1_CategoriesofTempreadingRob!J9 -> 24
B9: =Exp1_CategoriesofTempreadingRob!B10 -> 32 | C9: =Exp1_CategoriesofTempreadingRob!D10 -> 29 | D9: =Exp1_CategoriesofTempreadingRob!F10 -> 27.25 | E9: =Exp1_CategoriesofTempreadingRob!H10 -> 26.5 | F9: =Exp1_CategoriesofTempreadingRob!J10 -> 25
B10: =Exp1_CategoriesofTempreadingRob!B11 -> 31.5 | C10: =Exp1_CategoriesofTempreadingRob!D11 -> 28.5 | D10: =Exp1_CategoriesofTempreadingRob!F11 -> 28.5 | E10: =Exp1_CategoriesofTempreadingRob!H11 -> 27 | F10: =Exp1_CategoriesofTempreadingRob!J11 -> 26.25
B11: =Exp1_CategoriesofTempreadingRob!B12 -> 32.25 | C11: =Exp1_CategoriesofTempreadingRob!D12 -> 29.75 | D11: =Exp1_CategoriesofTempreadingRob!F12 -> 28.75 | E11: =Exp1_CategoriesofTempreadingRob!H12 -> 26.2 | F11: =Exp1_CategoriesofTempreadingRob!J12 -> 27
B12: =Exp1_CategoriesofTempreadingRob!B13 -> 31.5 | C12: =Exp1_CategoriesofTempreadingRob!D13 -> 29.25 | D12: =Exp1_CategoriesofTempreadingRob!F13 -> 28.5 | E12: =Exp1_CategoriesofTempreadingRob!H13 -> 27.5 | F12: =Exp1_CategoriesofTempreadingRob!J13 -> 27.5
A14: Variance | B14: =_xlfn.VAR.S(Table11[Temp Readings at 1 Metre]) -> 1.1302273 | C14: =_xlfn.VAR.S(Table11[Temp Readings at 2 Metres]) -> 2.0145455 | D14: =_xlfn.VAR.S(Table11[Temp Readings at 3 Metres]) -> 1.7909091 | E14: =_xlfn.VAR.S(Table11[Temp Readings at 4 Metres]) -> 2.3870455 | F14: =_xlfn.VAR.S(Table11[Temp Readings at 5 Metres]) -> 5.3845455
A16: Standard Deviation (SD) | B16: =SQRT(B14) -> 1.0631215 | C16: =SQRT(C14) -> 1.4193468 | D16: =SQRT(D14) -> 1.3382485 | E16: =SQRT(E14) -> 1.5450066 | F16: =SQRT(F14) -> 2.3204623

Sheet Exp1_RSPROT10MeanvarianceSD
B1: Temp Readings at 1 Metre | C1: Temp Readings at 2 Metres | D1: Temp Readings at 3 Metres | E1: Temp Readings at 4 Metres | F1: Temp Readings at 5 Metres
B2: =Exp1_CategoriesofTempreadingbyR!B3 -> 32 | C2: =Exp1_CategoriesofTempreadingbyR!D3 -> 29 | D2: =Exp1_CategoriesofTempreadingbyR!F3 -> 21.5 | E2: =Exp1_CategoriesofTempreadingbyR!H3 -> 21.3 | F2: =Exp1_CategoriesofTempreadingbyR!J3 -> 21
B3: =Exp1_CategoriesofTempreadingbyR!B4 -> 33 | C3: =Exp1_CategoriesofTempreadingbyR!D4 -> 31 | D3: =Exp1_CategoriesofTempreadingbyR!F4 -> 29.5 | E3: =Exp1_CategoriesofTempreadingbyR!H4 -> 29.2 | F3: =Exp1_CategoriesofTempreadingbyR!J4 -> 28
B4: =Exp1_CategoriesofTempreadingbyR!B5 -> 31 | C4: =Exp1_CategoriesofTempreadingbyR!D5 -> 29 | D4: =Exp1_CategoriesofTempreadingbyR!F5 -> 26.5 | E4: =Exp1_CategoriesofTempreadingbyR!H5 -> 22 | F4: =Exp1_CategoriesofTempreadingbyR!J5 -> 21
B5: =Exp1_CategoriesofTempreadingbyR!B6 -> 30.1 | C5: =Exp1_CategoriesofTempreadingbyR!D6 -> 28.4 | D5: =Exp1_CategoriesofTempreadingbyR!F6 -> 28.7 | E5: =Exp1_CategoriesofTempreadingbyR!H6 -> 25.3 | F5: =Exp1_CategoriesofTempreadingbyR!J6 -> 25
B6: =Exp1_CategoriesofTempreadingbyR!B7 -> 30.4 | C6: =Exp1_CategoriesofTempreadingbyR!D7 -> 29.9 | D6: =Exp1_CategoriesofTempreadingbyR!F7 -> 28.7 | E6: =Exp1_CategoriesofTempreadingbyR!H7 -> 27.7 | F6: =Exp1_CategoriesofTempreadingbyR!J7 -> 25.7
B7: =Exp1_CategoriesofTempreadingbyR!B8 -> 30.3 | C7: =Exp1_CategoriesofTempreadingbyR!D8 -> 29.3 | D7: =Exp1_CategoriesofTempreadingbyR!F8 -> 28.8 | E7: =Exp1_CategoriesofTempreadingbyR!H8 -> 28.3 | F7: =Exp1_CategoriesofTempreadingbyR!J8 -> 28
B8: =Exp1_CategoriesofTempreadingbyR!B9 -> 29.8 | C8: =Exp1_CategoriesofTempreadingbyR!D9 -> 28.2 | D8: =Exp1_CategoriesofTempreadingbyR!F9 -> 25.9 | E8: =Exp1_CategoriesofTempreadingbyR!H9 -> 25.2 | F8: =Exp1_CategoriesofTempreadingbyR!J9 -> 20.2
B9: =Exp1_CategoriesofTempreadingbyR!B10 -> 31.6 | C9: =Exp1_CategoriesofTempreadingbyR!D10 -> 30 | D9: =Exp1_CategoriesofTempreadingbyR!F10 -> 29 | E9: =Exp1_CategoriesofTempreadingbyR!H10 -> 28.2 | F9: =Exp1_CategoriesofTempreadingbyR!J10 -> 27.5
B10: =Exp1_CategoriesofTempreadingbyR!B11 -> 30.9 | C10: =Exp1_CategoriesofTempreadingbyR!D11 -> 29.5 | D10: =Exp1_CategoriesofTempreadingbyR!F11 -> 28.8 | E10: =Exp1_CategoriesofTempreadingbyR!H11 -> 28.5 | F10: =Exp1_CategoriesofTempreadingbyR!J11 -> 28.5
B11: =Exp1_CategoriesofTempreadingbyR!B12 -> 30.4 | C11: =Exp1_CategoriesofTempreadingbyR!D12 -> 29.6 | D11: =Exp1_CategoriesofTempreadingbyR!F12 -> 28 | E11: =Exp1_CategoriesofTempreadingbyR!H12 -> 26.2 | F11: =Exp1_CategoriesofTempreadingbyR!J12 -> 26.5
B12: =Exp1_CategoriesofTempreadingbyR!B13 -> 30.1 | C12: =Exp1_CategoriesofTempreadingbyR!D13 -> 30 | D12: =Exp1_CategoriesofTempreadingbyR!F13 -> 28.8 | E12: =Exp1_CategoriesofTempreadingbyR!H13 -> 27.5 | F12: =Exp1_CategoriesofTempreadingbyR!J13 -> 27.4
A14: Variance | B14: =_xlfn.VAR.S(Table9[Temp Readings at 1 Metre]) -> 0.94618182 | C14: =_xlfn.VAR.S(Table9[Temp Readings at 2 Metres]) -> 0.63272727 | D14: =_xlfn.VAR.S(Table9[Temp Readings at 3 Metres]) -> 5.3747273 | E14: =_xlfn.VAR.S(Table9[Temp Readings at 4 Metres]) -> 6.9969091 | F14: =_xlfn.VAR.S(Table9[Temp Readings at 5 Metres]) -> 9.8727273
A16: Standard Deviation (SD) | B16: =SQRT(B14) -> 0.97271878 | C16: =SQRT(C14) -> 0.79544156 | D16: =SQRT(D14) -> 2.3183458 | E16: =SQRT(E14) -> 2.6451671 | F16: =SQRT(F14) -> 3.1420896

Sheet Exp1_PimoroniMLX90640MeanVrSD
B1: Temp Readings at 1 Metre | C1: Temp Readings at 2 Metres | D1: Temp Readings at 3 Metres | E1: Temp Readings at 4 Metres | F1: Temp Readings at 5 Metres
B2: =Exp1_CategoryofTempReadingfromP!B3 -> 34.4 | C2: =Exp1_CategoryofTempReadingfromP!D3 -> 32.2 | D2: =Exp1_CategoryofTempReadingfromP!F3 -> 31.5 | E2: =Exp1_CategoryofTempReadingfromP!H3 -> 30.5 | F2: =Exp1_CategoryofTempReadingfromP!J3 -> 30
B3: =Exp1_CategoryofTempReadingfromP!B4 -> 34.5 | C3: =Exp1_CategoryofTempReadingfromP!D4 -> 32.9 | D3: =Exp1_CategoryofTempReadingfromP!F4 -> 32.5 | E3: =Exp1_CategoryofTempReadingfromP!H4 -> 32.9 | F3: =Exp1_CategoryofTempReadingfromP!J4 -> 31.5
B4: =Exp1_CategoryofTempReadingfromP!B5 -> 33.5 | C4: =Exp1_CategoryofTempReadingfromP!D5 -> 31.5 | D4: =Exp1_CategoryofTempReadingfromP!F5 -> 29.2 | E4: =Exp1_CategoryofTempReadingfromP!H5 -> 29 | F4: =Exp1_CategoryofTempReadingfromP!J5 -> 28
B5: =Exp1_CategoryofTempReadingfromP!B6 -> 34.75 | C5: =Exp1_CategoryofTempReadingfromP!D6 -> 32.25 | D5: =Exp1_CategoryofTempReadingfromP!F6 -> 30.75 | E5: =Exp1_CategoryofTempReadingfromP!H6 -> 30.25 | F5: =Exp1_CategoryofTempReadingfromP!J6 -> 30
B6: =Exp1_CategoryofTempReadingfromP!B7 -> 34.5 | C6: =Exp1_CategoryofTempReadingfromP!D7 -> 31.75 | D6: =Exp1_CategoryofTempReadingfromP!F7 -> 30.5 | E6: =Exp1_CategoryofTempReadingfromP!H7 -> 30.25 | F6: =Exp1_CategoryofTempReadingfromP!J7 -> 29.75
B7: =Exp1_CategoryofTempReadingfromP!B8 -> 33.75 | C7: =Exp1_CategoryofTempReadingfromP!D8 -> 31.5 | D7: =Exp1_CategoryofTempReadingfromP!F8 -> 30.2 | E7: =Exp1_CategoryofTempReadingfromP!H8 -> 29.5 | F7: =Exp1_CategoryofTempReadingfromP!J8 -> 28.5
B8: =Exp1_CategoryofTempReadingfromP!B9 -> 32.5 | C8: =Exp1_CategoryofTempReadingfromP!D9 -> 30.75 | D8: =Exp1_CategoryofTempReadingfromP!F9 -> 29.7 | E8: =Exp1_CategoryofTempReadingfromP!H9 -> 28.75 | F8: =Exp1_CategoryofTempReadingfromP!J9 -> 24.1
B9: =Exp1_CategoryofTempReadingfromP!B10 -> 32 | C9: =Exp1_CategoryofTempReadingfromP!D10 -> 28.75 | D9: =Exp1_CategoryofTempReadingfromP!F10 -> 27.8 | E9: =Exp1_CategoryofTempReadingfromP!H10 -> 26.5 | F9: =Exp1_CategoryofTempReadingfromP!J10 -> 25.2
B10: =Exp1_CategoryofTempReadingfromP!B11 -> 32.75 | C10: =Exp1_CategoryofTempReadingfromP!D11 -> 29.25 | D10: =Exp1_CategoryofTempReadingfromP!F11 -> 28.25 | E10: =Exp1_CategoryofTempReadingfromP!H11 -> 27.25 | F10: =Exp1_CategoryofTempReadingfromP!J11 -> 27
B11: =Exp1_CategoryofTempReadingfromP!B12 -> 32.5 | C11: =Exp1_CategoryofTempReadingfromP!D12 -> 29.5 | D11: =Exp1_CategoryofTempReadingfromP!F12 -> 28.75 | E11: =Exp1_CategoryofTempReadingfromP!H12 -> 27.75 | F11: =Exp1_CategoryofTempReadingfromP!J12 -> 26.75
B12: =Exp1_CategoryofTempReadingfromP!B13 -> 32.2 | C12: =Exp1_CategoryofTempReadingfromP!D13 -> 30.5 | D12: =Exp1_CategoryofTempReadingfromP!F13 -> 29.75 | E12: =Exp1_CategoryofTempReadingfromP!H13 -> 28.75 | F12: =Exp1_CategoryofTempReadingfromP!J13 -> 28.25
A14: Variance | B14: =_xlfn.VAR.S(Table7[Temp Readings at 1 Metre]) -> 1.0817273 | C14: =_xlfn.VAR.S(Table7[Temp Readings at 2 Metres]) -> 1.8360455 | D14: =_xlfn.VAR.S(Table7[Temp Readings at 3 Metres]) -> 1.95 | E14: =_xlfn.VAR.S(Table7[Temp Readings at 4 Metres]) -> 3.1311364 | F14: =_xlfn.VAR.S(Table7[Temp Readings at 5 Metres]) -> 4.9137273
A16: Standard Deviation (SD) | B16: =SQRT(B14) -> 1.0400612 | C16: =SQRT(C14) -> 1.3550075 | D16: =SQRT(D14) -> 1.396424 | E16: =SQRT(E14) -> 1.7695017 | F16: =SQRT(F14) -> 2.2166929

Sheet Exp1_averageforeachthermalcamra
A1: Distance | B1: Pimoroni MLX90640 | C1: RS PRO T-10 | D1: Robotshop MLX90640
A2: 1 Metre | B2: =Exp1_CategoryofTempReadingfromP!B14 -> 33.395455 | C2: =Exp1_CategoriesofTempreadingbyR!B14 -> 30.872727 | D2: =Exp1_CategoriesofTempreadingRob!B15 -> 32.945455
A3: 2 Metres | B3: =Exp1_CategoryofTempReadingfromP!D14 -> 30.986364 | C3: =Exp1_CategoriesofTempreadingbyR!D14 -> 29.445455 | D3: =Exp1_CategoriesofTempreadingRob!D15 -> 30.686364
A4: 3 Metres | B4: =Exp1_CategoryofTempReadingfromP!F14 -> 29.9 | C4: =Exp1_CategoriesofTempreadingbyR!F14 -> 27.654545 | D4: =Exp1_CategoriesofTempreadingRob!F15 -> 29.590909
A5: 4 Metres | B5: =Exp1_CategoryofTempReadingfromP!H14 -> 29.218182 | C5: =Exp1_CategoriesofTempreadingbyR!H14 -> 26.309091 | D5: =Exp1_CategoriesofTempreadingRob!H15 -> 28.563636
A6: 5 Metres | B6: =Exp1_CategoryofTempReadingfromP!J14 -> 28.095455 | C6: =Exp1_CategoriesofTempreadingbyR!J14 -> 25.345455 | D6: =Exp1_CategoriesofTempreadingRob!J15 -> 28.013636

Sheet Exp1_VarianceateachThermalCamer
A1: Variance at each Distance | B1: Pimoroni MLX90640 | C1: RS PRO T-10 | D1: Robotshop MLX90640
A2: 1 Metre | B2: =Exp1_PimoroniMLX90640MeanVrSD!B14 -> 1.0817273 | C2: =Exp1_RSPROT10MeanvarianceSD!B14 -> 0.94618182 | D2: ='Exp1_ RobotShpMLXMeanvarianceSD'!B14 -> 1.1302273
A3: 2 Metres | B3: =Exp1_PimoroniMLX90640MeanVrSD!C14 -> 1.8360455 | C3: =Exp1_RSPROT10MeanvarianceSD!C14 -> 0.63272727 | D3: ='Exp1_ RobotShpMLXMeanvarianceSD'!C14 -> 2.0145455
A4: 3 Metres | B4: =Exp1_PimoroniMLX90640MeanVrSD!D14 -> 1.95 | C4: =Exp1_RSPROT10MeanvarianceSD!D14 -> 5.3747273 | D4: ='Exp1_ RobotShpMLXMeanvarianceSD'!D14 -> 1.7909091
A5: 4 Metres | B5: =Exp1_PimoroniMLX90640MeanVrSD!E14 -> 3.1311364 | C5: =Exp1_RSPROT10MeanvarianceSD!E14 -> 6.9969091 | D5: ='Exp1_ RobotShpMLXMeanvarianceSD'!E14 -> 2.3870455
A6: 5 Metres | B6: =Exp1_PimoroniMLX90640MeanVrSD!F14 -> 4.9137273 | C6: =Exp1_RSPROT10MeanvarianceSD!F14 -> 9.8727273 | D6: ='Exp1_ RobotShpMLXMeanvarianceSD'!F14 -> 5.3845455

Sheet Exp1_SDforeachThermalCamera
A1: SD at each Distance | B1: Pimoroni MLX90640 | C1: RS PRO T-10 | D1: Robotshop MLX90640
A2: 1 Metre | B2: =Exp1_PimoroniMLX90640MeanVrSD!B16 -> 1.0400612 | C2: =Exp1_RSPROT10MeanvarianceSD!B16 -> 0.97271878 | D2: ='Exp1_ RobotShpMLXMeanvarianceSD'!B16 -> 1.0631215
A3: 2 Metres | B3: =Exp1_PimoroniMLX90640MeanVrSD!C16 -> 1.3550075 | C3: =Exp1_RSPROT10MeanvarianceSD!C16 -> 0.79544156 | D3: ='Exp1_ RobotShpMLXMeanvarianceSD'!C16 -> 1.4193468
A4: 3 Metres | B4: =Exp1_PimoroniMLX90640MeanVrSD!D16 -> 1.396424 | C4: =Exp1_RSPROT10MeanvarianceSD!D16 -> 2.3183458 | D4: ='Exp1_ RobotShpMLXMeanvarianceSD'!D16 -> 1.3382485
A5: 4 Metres | B5: =Exp1_PimoroniMLX90640MeanVrSD!E16 -> 1.7695017 | C5: =Exp1_RSPROT10MeanvarianceSD!E16 -> 2.6451671 | D5: ='Exp1_ RobotShpMLXMeanvarianceSD'!E16 -> 1.5450066
A6: 5 Metres | B6: =Exp1_PimoroniMLX90640MeanVrSD!F16 -> 2.2166929 | C6: =Exp1_RSPROT10MeanvarianceSD!F16 -> 3.1420896 | D6: ='Exp1_ RobotShpMLXMeanvarianceSD'!F16 -> 2.3204623

Sheet Exp1_Average_SD
A2: Distance | B2: Pimoroni MLX90640 | C2: Pimoroni MLX906402 | E2: Distance | F2: RS PRO T-10 | G2: RS PRO T-102 | I2: Distance | J2: Robotshop MLX90640 | K2: Robotshop MLX906402
A3: =Exp1_averageforeachthermalcamra!A2 -> 1 Metre | B3: =Exp1_averageforeachthermalcamra!B2 -> 33.395455 | C3: =Exp1_SDforeachThermalCamera!B2 -> 1.0400612 | E3: 1 Metre | F3: =Exp1_averageforeachthermalcamra!C2 -> 30.872727 | G3: =Exp1_SDforeachThermalCamera!C2 -> 0.97271878 | I3: 1 Metre | J3: =Exp1_averageforeachthermalcamra!D2 -> 32.945455 | K3: =Exp1_SDforeachThermalCamera!D2 -> 1.0631215
A4: =Exp1_averageforeachthermalcamra!A3 -> 2 Metres | B4: =Exp1_averageforeachthermalcamra!B3 -> 30.986364 | C4: =Exp1_SDforeachThermalCamera!B3 -> 1.3550075 | E4: 2 Metres | F4: =Exp1_averageforeachthermalcamra!C3 -> 29.445455 | G4: =Exp1_SDforeachThermalCamera!C3 -> 0.79544156 | I4: 2 Metres | J4: =Exp1_averageforeachthermalcamra!D3 -> 30.686364 | K4: =Exp1_SDforeachThermalCamera!D3 -> 1.4193468
A5: =Exp1_averageforeachthermalcamra!A4 -> 3 Metres | B5: =Exp1_averageforeachthermalcamra!B4 -> 29.9 | C5: =Exp1_SDforeachThermalCamera!B4 -> 1.396424 | E5: 3 Metres | F5: =Exp1_averageforeachthermalcamra!C4 -> 27.654545 | G5: =Exp1_SDforeachThermalCamera!C4 -> 2.3183458 | I5: 3 Metres | J5: =Exp1_averageforeachthermalcamra!D4 -> 29.590909 | K5: =Exp1_SDforeachThermalCamera!D4 -> 1.3382485
A6: =Exp1_averageforeachthermalcamra!A5 -> 4 Metres | B6: =Exp1_averageforeachthermalcamra!B5 -> 29.218182 | C6: =Exp1_SDforeachThermalCamera!B5 -> 1.7695017 | E6: 4 Metres | F6: =Exp1_averageforeachthermalcamra!C5 -> 26.309091 | G6: =Exp1_SDforeachThermalCamera!C5 -> 2.6451671 | I6: 4 Metres | J6: =Exp1_averageforeachthermalcamra!D5 -> 28.563636 | K6: =Exp1_SDforeachThermalCamera!D5 -> 1.5450066
A7: =Exp1_averageforeachthermalcamra!A6 -> 5 Metres | B7: =Exp1_averageforeachthermalcamra!B6 -> 28.095455 | C7: =Exp1_SDforeachThermalCamera!B6 -> 2.2166929 | E7: 5 Metres | F7: =Exp1_averageforeachthermalcamra!C6 -> 25.345455 | G7: =Exp1_SDforeachThermalCamera!C6 -> 3.1420896 | I7: 5 Metres | J7: =Exp1_averageforeachthermalcamra!D6 -> 28.013636 | K7: =Exp1_SDforeachThermalCamera!D6 -> 2.3204623

Sheet Exp1_AV SD 
B1: Average Value | F1: Standard Deviation
A2: Distance | B2: Pimoroni MLX90640 | C2: RS PRO T-10 | D2: Robotshop MLX90640 | F2: Distance | G2: Pimoroni MLX906402 | H2: RS PRO T-102 | I2: Robotshop MLX906402
A3: =Exp1_averageforeachthermalcamra!A2 -> 1 Metre | B3: =Exp1_averageforeachthermalcamra!B2 -> 33.395455 | C3: =Exp1_averageforeachthermalcamra!C2 -> 30.872727 | D3: =Exp1_averageforeachthermalcamra!D2 -> 32.945455 | F3: 1 Metre | G3: =Exp1_SDforeachThermalCamera!B2 -> 1.0400612 | H3: =Exp1_SDforeachThermalCamera!C2 -> 0.97271878 | I3: =Exp1_SDforeachThermalCamera!D2 -> 1.0631215
A4: =Exp1_averageforeachthermalcamra!A3 -> 2 Metres | B4: =Exp1_averageforeachthermalcamra!B3 -> 30.986364 | C4: =Exp1_averageforeachthermalcamra!C3 -> 29.445455 | D4: =Exp1_averageforeachthermalcamra!D3 -> 30.686364 | F4: 2 Metres | G4: =Exp1_SDforeachThermalCamera!B3 -> 1.3550075 | H4: =Exp1_SDforeachThermalCamera!C3 -> 0.79544156 | I4: =Exp1_SDforeachThermalCamera!D3 -> 1.4193468
A5: =Exp1_averageforeachthermalcamra!A4 -> 3 Metres | B5: =Exp1_averageforeachthermalcamra!B4 -> 29.9 | C5: =Exp1_averageforeachthermalcamra!C4 -> 27.654545 | D5: =Exp1_averageforeachthermalcamra!D4 -> 29.590909 | F5: 3 Metres | G5: =Exp1_SDforeachThermalCamera!B4 -> 1.396424 | H5: =Exp1_SDforeachThermalCamera!C4 -> 2.3183458 | I5: =Exp1_SDforeachThermalCamera!D4 -> 1.3382485
A6: =Exp1_averageforeachthermalcamra!A5 -> 4 Metres | B6: =Exp1_averageforeachthermalcamra!B5 -> 29.218182 | C6: =Exp1_averageforeachthermalcamra!C5 -> 26.309091 | D6: =Exp1_averageforeachthermalcamra!D5 -> 28.563636 | F6: 4 Metres | G6: =Exp1_SDforeachThermalCamera!B5 -> 1.7695017 | H6: =Exp1_SDforeachThermalCamera!C5 -> 2.6451671 | I6: =Exp1_SDforeachThermalCamera!D5 -> 1.5450066
A7: =Exp1_averageforeachthermalcamra!A6 -> 5 Metres | B7: =Exp1_averageforeachthermalcamra!B6 -> 28.095455 | C7: =Exp1_averageforeachthermalcamra!C6 -> 25.345455 | D7: =Exp1_averageforeachthermalcamra!D6 -> 28.013636 | F7: 5 Metres | G7: =Exp1_SDforeachThermalCamera!B6 -> 2.2166929 | H7: =Exp1_SDforeachThermalCamera!C6 -> 3.1420896 | I7: =Exp1_SDforeachThermalCamera!D6 -> 2.3204623

Sheet 2Natutalillumination_light skin
A1: DATE/TIME | B1: Pimoroni MLX90640 (degree Celsius) | C1: RS PRO T-10 (degree Celsius) | D1: RobotShop MLX90640 (degree Celsius) | E1: Actual Temp (degree Celsius) | F1: DISTANCE (M) | G1: AMBIENT TEMP (degree Celsius)
A2: 09-09-24/12:00 | B2: 30.1 | C2: 29.7 | D2: 30 | E2: 36.5 | F2: 1 | G2: 16.5
A3: 09-09-24/12:01 | B3: 25.1 | C3: 29 | D3: 24.9 | E3: 36.5 | F3: 2 | G3: 16.5
A4: 09-09-24/12:02 | B4: 23 | C4: 24 | D4: 23 | E4: 36.5 | F4: 3 | G4: 16.5
A5: 09-09-24/12:03 | B5: 22 | C5: 24 | D5: 21 | E5: 36.5 | F5: 4 | G5: 16.5
A6: 09-09-24/12:04 | B6: 21 | C6: 24 | D6: 21 | E6: 36.5 | F6: 5 | G6: 16.5
A9: Average | B9: =AVERAGE(B2:B6) -> 24.24 | C9: =AVERAGE(C2:C6) -> 26.14 | D9: =AVERAGE(D2:D6) -> 23.98
B13: Natutal_illumination_light skin

Sheet 2NauralIllumination_dark_skinwg
A1: DATE/TIME | B1: Pimoroni MLX90640 (degree Celsius) | C1: RS PRO T-10 (degree Celsius) | D1: RobotShop MLX90640 (degree Celsius) | E1: Actual Temp (degree Celsius) | F1: DISTANCE (M) | G1: AMBIENT TEMP (degree Celsius)
A2: 09-09-24/12:15 | B2: 29 | C2: 29.3 | D2: 29.5 | E2: 35.7 | F2: 1 | G2: 16
A3: 09-09-24/12:16 | B3: 24.5 | C3: 29 | D3: 25.75 | E3: 35.7 | F3: 2 | G3: 16
A4: 09-09-24/12:17 | B4: 23.5 | C4: 27.8 | D4: 24 | E4: 35.7 | F4: 3 | G4: 16
A5: 09-09-24/12:18 | B5: 22 | C5: 27.8 | D5: 24 | E5: 35.7 | F5: 4 | G5: 16
A6: 09-09-24/12:19 | B6: 21.5 | C6: 25 | D6: 22.5 | E6: 35.7 | F6: 5 | G6: 16
A9: Average | B9: =AVERAGE(B2:B6) -> 24.1 | C9: =AVERAGE(C2:C6) -> 27.78 | D9: =AVERAGE(D2:D6) -> 25.15
B13: Naural Illumination dark skin with eye glasses on

Sheet 2NauralIllumination_darkskinwtg
A1: DATE/TIME | B1: Pimoroni MLX90640 (degree Celsius) | C1: RS PRO T-10 (degree Celsius) | D1: RobotShop MLX90640 (degree Celsius) | E1: Actual Temp (degree Celsius) | F1: DISTANCE (M) | G1: AMBIENT TEMP (degree Celsius)
A2: 09-09-24/12:15 | B2: 29.7 | C2: 30 | D2: 31.5 | E2: 35.7 | F2: 1 | G2: 16
A3: 09-09-24/12:16 | B3: 25.7 | C3: 29.8 | D3: 27 | E3: 35.7 | F3: 2 | G3: 16
A4: 09-09-24/12:17 | B4: 23.8 | C4: 28.9 | D4: 24.3 | E4: 35.7 | F4: 3 | G4: 16
A5: 09-09-24/12:18 | B5: 21.8 | C5: 27.3 | D5: 22.5 | E5: 35.7 | F5: 4 | G5: 16
A6: 09-09-24/12:19 | B6: 21.5 | C6: 26.2 | D6: 22 | E6: 35.7 | F6: 5 | G6: 16
A9: Average | B9: =AVERAGE(B2:B6) -> 24.5 | C9: =AVERAGE(C2:C6) -> 28.44 | D9: =AVERAGE(D2:D6) -> 25.46
B14: Natural Illumination dark skin without Glasses

Sheet 2ArtificialIllumination_Light_s
A1: DATE/TIME | B1: Pimoroni MLX90640 (degree Celsius) | C1: RS PRO T-10 (degree Celsius) | D1: RobotShop MLX90640 (degree Celsius) | E1: Actual Temp (degree Celsius) | F1: DISTANCE (M) | G1: AMBIENT TEMP (degree Celsius)
A2: 09-09-24/12:28 | B2: 28.1 | C2: 30.4 | D2: 29 | E2: 36 | F2: 1 | G2: 16.5
A3: 09-09-24/12:29 | B3: 24.5 | C3: 29.2 | D3: 25.6 | E3: 36 | F3: 2 | G3: 16.5
A4: 09-09-24/12:30 | B4: 23.5 | C4: 27.5 | D4: 24 | E4: 36 | F4: 3 | G4: 16.5
A5: 09-09-24/12:31 | B5: 22 | C5: 26.2 | D5: 22.5 | E5: 36 | F5: 4 | G5: 16.5
A6: 09-09-24/12:32 | B6: 22 | C6: 24.2 | D6: 22 | E6: 36 | F6: 5 | G6: 16.5
A9: Average | B9: =AVERAGE(B2:B6) -> 24.02 | C9: =AVERAGE(C2:C6) -> 27.5 | D9: =AVERAGE(D2:D6) -> 24.62
B15: Artificial Illumination Light skin

Sheet 2artificialilluminatn_dksknwG
A1: DATE/TIME | B1: Pimoroni MLX90640 (degree Celsius) | C1: RS PRO T-10 (degree Celsius) | D1: RobotShop MLX90640 (degree Celsius) | E1: Actual Temp (degree Celsius) | F1: DISTANCE (M) | G1: AMBIENT TEMP (degree Celsius)
A2: 09-09-24/13:35 | B2: 29 | C2: 29.7 | D2: 30 | E2: 36 | F2: 1 | G2: 17
A3: 09-09-24/13:37 | B3: 26.5 | C3: 28.7 | D3: 26.8 | E3: 36 | F3: 2 | G3: 17
A4: 09-09-24/13:39 | B4: 24 | C4: 27.9 | D4: 24.5 | E4: 36 | F4: 3 | G4: 17
A5: 09-09-24/13:41 | B5: 23 | C5: 26.3 | D5: 24.4 | E5: 36 | F5: 4 | G5: 17
A6: 09-09-24/13:43 | B6: 22.8 | C6: 26.1 | D6: 23 | E6: 36 | F6: 5 | G6: 17
A9: average | B9: =AVERAGE(B2:B6) -> 25.06 | C9: =AVERAGE(C2:C6) -> 27.74 | D9: =AVERAGE(D2:D6) -> 25.74
B14: Artificial illumination Dark skin with eye glass

Sheet 2Artificialillumination_Dark_sk
A1: DATE/TIME | B1: Pimoroni MLX90640 (degree Celsius) | C1: RS PRO T-10 (degree Celsius) | D1: RobotShop MLX90640 (degree Celsius) | E1: Actual Temp (degree Celsius) | F1: DISTANCE (M) | G1: AMBIENT TEMP (degree Celsius)
A2: 09-09-24/12:35 | B2: 29.8 | C2: 29.9 | D2: 31 | E2: 36 | F2: 1 | G2: 36
A3: 09-09-24/12:37 | B3: 26.3 | C3: 29.2 | D3: 27.5 | E3: 36 | F3: 2 | G3: 36
A4: 09-09-24/12:39 | B4: 24.5 | C4: 28.4 | D4: 25 | E4: 36 | F4: 3 | G4: 36
A5: 09-09-24/12:41 | B5: 23 | C5: 27.5 | D5: 24.5 | E5: 36 | F5: 4 | G5: 36
A6: 09-09-24/12:43 | B6: 22.5 | C6: 26.4 | D6: 23.8 | E6: 36 | F6: 5 | G6: 36
A9: Average | B9: =AVERAGE(B2:B6) -> 25.22 | C9: =AVERAGE(C2:C6) -> 28.28 | D9: =AVERAGE(D2:D6) -> 26.36
B16: Artificial illumination Dark skin without eye glass

Sheet 2NatutalIlluminatn _ltsknwg
A1: DATE/TIME | B1: Pimoroni MLX90640 (degree Celsius) | C1: RS PRO T-10 (degree Celsius) | D1: RobotShop MLX90640 (degree Celsius) | E1: Actual Temp (degree Celsius) | F1: DISTANCE (M) | G1: AMBIENT TEMP (degree Celsius)
A2: 09-09-24/13:55 | B2: 30 | C2: 30.4 | D2: 30.5 | E2: 35.7 | F2: 1 | G2: 16.5
A3: 09-09-24/13:56 | B3: 26.5 | C3: 28.6 | D3: 26 | E3: 35.7 | F3: 2 | G3: 16.5
A4: 09-09-24/13:57 | B4: 24 | C4: 26.2 | D4: 24.5 | E4: 35.7 | F4: 3 | G4: 16.5
A5: 09-09-24/13:58 | B5: 22.5 | C5: 24.6 | D5: 23 | E5: 35.7 | F5: 4 | G5: 16.5
A6: 09-09-24/13:59 | B6: 21.8 | C6: 22.9 | D6: 22.5 | E6: 35.7 | F6: 5 | G6: 16.5
A9: Average | B9: =AVERAGE(B2:B6) -> 24.96 | C9: =AVERAGE(C2:C6) -> 26.54 | D9: =AVERAGE(D2:D6) -> 25.3
B12: Natutal Illumination light skin with Glasses

Sheet 2NatutalIlluminatn _ltsknwhgl
A1: DATE/TIME | B1: Pimoroni MLX90640 (degree Celsius) | C1: RS PRO T-10 (degree Celsius) | D1: RobotShop MLX90640 (degree Celsius) | E1: Actual Temp (degree Celsius) | F1: DISTANCE (M) | G1: AMBIENT TEMP (degree Celsius)
A2: 09-09-24/13:55 | B2: 30.5 | C2: 30.3 | D2: 31.2 | E2: 35.7 | F2: 1 | G2: 16.5
A3: 09-09-24/13:56 | B3: 25.5 | C3: 28.9 | D3: 26 | E3: 35.7 | F3: 2 | G3: 16.5
A4: 09-09-24/13:57 | B4: 24.3 | C4: 27.5 | D4: 25 | E4: 35.7 | F4: 3 | G4: 16.5
A5: 09-09-24/13:58 | B5: 22.25 | C5: 26.3 | D5: 24 | E5: 35.7 | F5: 4 | G5: 16.5
A6: 09-09-24/13:59 | B6: 21.8 | C6: 23.6 | D6: 23.3 | E6: 35.7 | F6: 5 | G6: 16.5
A9: Avarage | B9: =AVERAGE(B2:B6) -> 24.87 | C9: =AVERAGE(C2:C6) -> 27.32 | D9: =AVERAGE(D2:D6) -> 25.9
B14: Natutal illumination light skin without glasses

Sheet 2artificialillumintn_litsknwg
A1: DATE/TIME | B1: Pimoroni MLX90640 (degree Celsius) | C1: RS PRO T-10 (degree Celsius) | D1: RobotShop MLX90640 (degree Celsius) | E1: Actual Temp (degree Celsius) | F1: DISTANCE (M) | G1: AMBIENT TEMP (degree Celsius)
A2: 09-09-24/14:00 | B2: 28.8 | C2: 30.5 | D2: 29.5 | E2: 37.5 | F2: 1 | G2: 16.5
A3: 09-09-24/14:02 | B3: 25.5 | C3: 28.5 | D3: 26.3 | E3: 37.5 | F3: 2 | G3: 16.5
A4: 09-09-24/14:04 | B4: 24.1 | C4: 28.1 | D4: 25 | E4: 37.5 | F4: 3 | G4: 16.5
A5: 09-09-24/14:06 | B5: 23.8 | C5: 27 | D5: 24.3 | E5: 37.5 | F5: 4 | G5: 17
A6: 09-09-24/14:08 | B6: 23.5 | C6: 26.1 | D6: 24 | E6: 37.5 | F6: 5 | G6: 17
A8: Average | B8: =AVERAGE(B2:B6) -> 25.14 | C8: =AVERAGE(C2:C6) -> 28.04 | D8: =AVERAGE(D2:D6) -> 25.82
B14: Artificail illumination light skin with glasses

Sheet 2artificialillumintn_litsknwhgl
A1: DATE/TIME | B1: Pimoroni MLX90640 (degree Celsius) | C1: RS PRO T-10 (degree Celsius) | D1: RobotShop MLX90640 (degree Celsius) | E1: Actual Temp (degree Celsius) | F1: DISTANCE (M) | G1: AMBIENT TEMP (degree Celsius)
A2: 09-09-24/14:00 | B2: 29.5 | C2: 30.8 | D2: 30.5 | E2: 37.5 | F2: 1 | G2: 16.5
A3: 09-09-24/14:02 | B3: 25.5 | C3: 28.9 | D3: 26.3 | E3: 37.5 | F3: 2 | G3: 16.5
A4: 09-09-24/14:04 | B4: 24.5 | C4: 28 | D4: 25.3 | E4: 37.5 | F4: 3 | G4: 16.5
A5: 09-09-24/14:06 | B5: 23.8 | C5: 27.5 | D5: 24.8 | E5: 37.5 | F5: 4 | G5: 17
A6: 09-09-24/14:08 | B6: 23 | C6: 26.5 | D6: 24 | E6: 37.5 | F6: 5 | G6: 17
A9: Average | B9: =AVERAGE(B2:B6) -> 25.26 | C9: =AVERAGE(C2:C6) -> 28.34 | D9: =AVERAGE(D2:D6) -> 26.18
B13: Artificial Illumination light skin without glasses

Sheet readingdistancePimoroniMLX9064
A1: Category of Temp reading from Pimoroni MLX90640 (degree Celsius) | B1: Temp Readings at 1 Metre | C1: Temp Readings at 2 Metres | D1: Temp Readings at 3 Metres | E1: Temp Readings at 4 Metres | F1: Temp Readings at 5 Metres
A2: Light skin emissivity under natural Illumination | B2: ='[1]Natutal_illumination_light skin'!B2 -> 30.1 | C2: ='[1]Natutal_illumination_light skin'!B3 -> 25.1 | D2: ='[1]Natutal_illumination_light skin'!B4 -> 23 | E2: ='[1]Natutal_illumination_light skin'!B5 -> 22 | F2: ='[1]Natutal_illumination_light skin'!B6 -> 21
A3: Dark skin emissivity under natural Illumination with eye glasses on | B3: =[1]Naural_Illumination_dark_skinwg!$B$2 -> 29 | C3: =[1]Naural_Illumination_dark_skinwg!$B$3 -> 24.5 | D3: =[1]Naural_Illumination_dark_skinwg!$B$4 -> 23.5 | E3: =[1]Naural_Illumination_dark_skinwg!$B$5 -> 22 | F3: =[1]Naural_Illumination_dark_skinwg!$B$6 -> 21.5
A4: Dark skin emissivity under natural Illumination without eye glasses on | B4: =[1]Naural_Illumination_darkskinwtg!$B$2 -> 29.7 | C4: =[1]Naural_Illumination_darkskinwtg!$B$3 -> 25.7 | D4: =[1]Naural_Illumination_darkskinwtg!$B$4 -> 23.8 | E4: =[1]Naural_Illumination_darkskinwtg!$B$5 -> 21.8 | F4: =[1]Naural_Illumination_darkskinwtg!$B$6 -> 21.5
A5: Light skin emissivity under artificial Illumination | B5: =[1]Artificial_Illumination_Light_s!B2 -> 28.1 | C5: =[1]Artificial_Illumination_Light_s!B3 -> 24.5 | D5: =[1]Artificial_Illumination_Light_s!B4 -> 23.5 | E5: =[1]Artificial_Illumination_Light_s!B6 -> 22 | F5: =[1]Artificial_Illumination_Light_s!B6 -> 22
A6: Dark skin emissivity under artificial Illumination with eyeglasses on | B6: =[1]artificial_illuminatn_dksknwG!B2 -> 29 | C6: =[1]artificial_illuminatn_dksknwG!B3 -> 26.5 | D6: =[1]artificial_illuminatn_dksknwG!B4 -> 24 | E6: =[1]artificial_illuminatn_dksknwG!B5 -> 23 | F6: =[1]artificial_illuminatn_dksknwG!B6 -> 22.8
A7: Dark skin emissivity under artificial l Illumination without eyeglasses on | B7: =[1]Artificial_illumination_Dark_sk!$B$2 -> 29.8 | C7: =[1]Artificial_illumination_Dark_sk!$B$3 -> 26.3 | D7: =[1]Artificial_illumination_Dark_sk!$B$4 -> 24.5 | E7: =[1]Artificial_illumination_Dark_sk!$B$5 -> 23 | F7: =[1]Artificial_illumination_Dark_sk!$B$6 -> 22.5
A8: Light skin emissivity under natural Illumination with eyeglasses on | B8: ='[1]Natutal_Illuminatn _ltsknwg'!B2 -> 30 | C8: ='[1]Natutal_Illuminatn _ltsknwg'!B3 -> 26.5 | D8: ='[1]Natutal_Illuminatn _ltsknwg'!B4 -> 24 | E8: ='[1]Natutal_Illuminatn _ltsknwg'!B5 -> 22.5 | F8: ='[1]Natutal_Illuminatn _ltsknwg'!B6 -> 21.8
A9: Light skin emissivity under natural Illumination without eye glasses on | B9: ='[1]Natutal_Illuminatn _ltsknwhgl'!B2 -> 30.5 | C9: ='[1]Natutal_Illuminatn _ltsknwhgl'!B3 -> 25.5 | D9: ='[1]Natutal_Illuminatn _ltsknwhgl'!B4 -> 24.3 | E9: ='[1]Natutal_Illuminatn _ltsknwhgl'!B5 -> 22.25 | F9: ='[1]Natutal_Illuminatn _ltsknwhgl'!B6 -> 21.8
A10: Light skin emissivity under artificial Illumination with eyeglasses on | B10: =[1]artificial_illumintn_litsknwg!B2 -> 28.8 | C10: =[1]artificial_illumintn_litsknwg!B3 -> 25.5 | D10: =[1]artificial_illumintn_litsknwg!B4 -> 24.1 | E10: =[1]artificial_illumintn_litsknwg!B5 -> 23.8 | F10: =[1]artificial_illumintn_litsknwg!B6 -> 23.5
A11: Light skin emissivity under artificial l Illumination without eyeglasses on | B11: =[1]artificial_illumintn_litsknwhgl!B2 -> 29.5 | C11: =[1]artificial_illumintn_litsknwhgl!B3 -> 25.5 | D11: =[1]artificial_illumintn_litsknwhgl!B4 -> 24.5 | E11: =[1]artificial_illumintn_litsknwhgl!B5 -> 23.8 | F11: =[1]artificial_illumintn_litsknwhgl!B6 -> 23
A13: Mean Temp reading for each distance (Metre) | B13: =AVERAGE(B2:B11) -> 29.45 | C13: =AVERAGE(C2:C11) -> 25.56 | D13: =AVERAGE(D2:D11) -> 23.92 | E13: =AVERAGE(E2:E11) -> 22.615 | F13: =AVERAGE(F2:F11) -> 22.14
A15: Variance | B15: =_xlfn.VAR.S(B2:B11) -> 0.51833333 | C15: =_xlfn.VAR.S(C2:C11) -> 0.53377778 | D15: =_xlfn.VAR.S(D2:D11) -> 0.23066667 | E15: =_xlfn.VAR.S(E2:E11) -> 0.56113889 | F15: =_xlfn.VAR.S(F2:F11) -> 0.61377778
A17: Standard Deviation | B17: =SQRT(B15) -> 0.7199537 | C17: =SQRT(C15) -> 0.73060097 | D17: =SQRT(D15) -> 0.4802777 | E17: =SQRT(E15) -> 0.74909204 | F17: =SQRT(F15) -> 0.78343971

Sheet readingdistanceRSPROT-10
A1: Category of Temp reading from RS PRO T-10 (Degree Celsius) | B1: Temp Readings at 1 Metre | C1: Temp Readings at 2 Metres | D1: Temp Readings at 3 Metres | E1: Temp Readings at 4 Metres | F1: Temp Readings at 5 Metres
A2: Light skin emissivity under natural Illumination | B2: ='[1]Natutal_illumination_light skin'!C2 -> 29.7 | C2: ='[1]Natutal_illumination_light skin'!C3 -> 29 | D2: ='[1]Natutal_illumination_light skin'!C4 -> 24 | E2: ='[1]Natutal_illumination_light skin'!C5 -> 24 | F2: ='[1]Natutal_illumination_light skin'!C6 -> 24
A3: Dark skin emissivity under natural Illumination with eye glasses on | B3: =[1]Naural_Illumination_dark_skinwg!$C$2 -> 29.3 | C3: =[1]Naural_Illumination_dark_skinwg!$C$3 -> 29 | D3: =[1]Naural_Illumination_dark_skinwg!$C$4 -> 27.8 | E3: =[1]Naural_Illumination_dark_skinwg!$C$5 -> 27.8 | F3: =[1]Naural_Illumination_dark_skinwg!$C$6 -> 25
A4: Dark skin emissivity under natural Illumination without eye glasses on | B4: =[1]Naural_Illumination_darkskinwtg!$C$2 -> 30 | C4: =[1]Naural_Illumination_darkskinwtg!$C$3 -> 29.8 | D4: =[1]Naural_Illumination_darkskinwtg!$C$4 -> 28.9 | E4: =[1]Naural_Illumination_darkskinwtg!$C$5 -> 27.3 | F4: =[1]Naural_Illumination_darkskinwtg!$C$6 -> 26.2
A5: Light skin emissivity under artificial Illumination | B5: =[1]Artificial_Illumination_Light_s!C2 -> 30.4 | C5: =[1]Artificial_Illumination_Light_s!C3 -> 29.2 | D5: =[1]Artificial_Illumination_Light_s!C4 -> 27.5 | E5: =[1]Artificial_Illumination_Light_s!C5 -> 26.2 | F5: =[1]Artificial_Illumination_Light_s!C6 -> 24.2
A6: Dark skin emissivity under artificial Illumination with eyeglasses on | B6: =[1]artificial_illuminatn_dksknwG!C2 -> 29.7 | C6: =[1]artificial_illuminatn_dksknwG!C3 -> 28.7 | D6: =[1]artificial_illuminatn_dksknwG!C4 -> 27.9 | E6: =[1]artificial_illuminatn_dksknwG!C5 -> 26.3 | F6: =[1]artificial_illuminatn_dksknwG!C6 -> 26.1
A7: Dark skin emissivity under artificial l Illumination without eyeglasses on | B7: =[1]Artificial_illumination_Dark_sk!$C$2 -> 29.9 | C7: =[1]Artificial_illumination_Dark_sk!$C$3 -> 29.2 | D7: =[1]Artificial_illumination_Dark_sk!$C$4 -> 28.4 | E7: =[1]Artificial_illumination_Dark_sk!$C$5 -> 27.5 | F7: =[1]Artificial_illumination_Dark_sk!$C$6 -> 26.4
A8: Light skin emissivity under natural Illumination with eyeglasses on | B8: ='[1]Natutal_Illuminatn _ltsknwg'!C2 -> 30.4 | C8: ='[1]Natutal_Illuminatn _ltsknwg'!C3 -> 28.6 | D8: ='[1]Natutal_Illuminatn _ltsknwg'!C4 -> 26.2 | E8: ='[1]Natutal_Illuminatn _ltsknwg'!C5 -> 24.6 | F8: ='[1]Natutal_Illuminatn _ltsknwg'!C6 -> 22.9
A9: Light skin emissivity under natural Illumination without eye glasses on | B9: ='[1]Natutal_Illuminatn _ltsknwhgl'!C2 -> 30.3 | C9: ='[1]Natutal_Illuminatn _ltsknwhgl'!C3 -> 28.9 | D9: ='[1]Natutal_Illuminatn _ltsknwhgl'!C4 -> 27.5 | E9: ='[1]Natutal_Illuminatn _ltsknwhgl'!C5 -> 26.3 | F9: ='[1]Natutal_Illuminatn _ltsknwhgl'!C6 -> 23.6
A10: Light skin emissivity under artificial Illumination with eyeglasses on | B10: =[1]artificial_illumintn_litsknwg!C2 -> 30.5 | C10: =[1]artificial_illumintn_litsknwg!C3 -> 28.5 | D10: =[1]artificial_illumintn_litsknwg!C4 -> 28.1 | E10: =[1]artificial_illumintn_litsknwg!C5 -> 27 | F10: =[1]artificial_illumintn_litsknwg!B6 -> 23.5
A11: Light skin emissivity under artificial l Illumination without eyeglasses on | B11: =[1]artificial_illumintn_litsknwhgl!C2 -> 30.8 | C11: =[1]artificial_illumintn_litsknwhgl!C3 -> 28.9 | D11: =[1]artificial_illumintn_litsknwhgl!C4 -> 28 | E11: =[1]artificial_illumintn_litsknwhgl!C5 -> 27.5 | F11: =[1]artificial_illumintn_litsknwhgl!C6 -> 26.5
A13: Mean Temp reading for each distance (Metre) | B13: =AVERAGE(B2:B11) -> 30.1 | C13: =AVERAGE(C2:C11) -> 28.98 | D13: =AVERAGE(D2:D11) -> 27.43 | E13: =AVERAGE(E2:E11) -> 26.45 | F13: =AVERAGE(F2:F11) -> 24.84
A15: Variance | B15: =_xlfn.VAR.S(B2:B11) -> 0.20888889 | C15: =_xlfn.VAR.S(C2:C11) -> 0.13733333 | D15: =_xlfn.VAR.S(D2:D11) -> 1.9467778 | E15: =_xlfn.VAR.S(E2:E11) -> 1.6205556 | F15: =_xlfn.VAR.S(F2:F11) -> 1.8737778
A17: Standard Deviation | B17: =SQRT(B15) -> 0.45704364 | C17: =SQRT(C15) -> 0.37058512 | D17: =SQRT(D15) -> 1.3952698 | E17: =SQRT(E15) -> 1.2730104 | F17: =SQRT(F15) -> 1.36886

Sheet readingdistnceRobotshopMLX90640
A1: Category of Temp reading from Robotshop MLX90640 (Degree Celsius) | B1: Temp Readings at 1 Metre | C1: Temp Readings at 2 Metres | D1: Temp Readings at 3 Metres | E1: Temp Readings at 4 Metres | F1: Temp Readings at 5 Metres
A2: Light skin emissivity under natural Illumination | B2: ='[1]Natutal_illumination_light skin'!D2 -> 30 | C2: ='[1]Natutal_illumination_light skin'!D3 -> 24.9 | D2: ='[1]Natutal_illumination_light skin'!D4 -> 23 | E2: ='[1]Natutal_illumination_light skin'!D5 -> 21 | F2: ='[1]Natutal_illumination_light skin'!D6 -> 21
A3: Dark skin emissivity under natural Illumination with eye glasses on | B3: =[1]Naural_Illumination_dark_skinwg!$D$2 -> 29.5 | C3: =[1]Naural_Illumination_dark_skinwg!$D$3 -> 25.75 | D3: =[1]Naural_Illumination_dark_skinwg!$D$4 -> 24 | E3: =[1]Naural_Illumination_dark_skinwg!$D$5 -> 24 | F3: =[1]Naural_Illumination_dark_skinwg!$D$6 -> 22.5
A4: Dark skin emissivity under natural Illumination without eye glasses on | B4: =[1]Naural_Illumination_darkskinwtg!$D$2 -> 31.5 | C4: =[1]Naural_Illumination_darkskinwtg!$D$3 -> 27 | D4: =[1]Naural_Illumination_darkskinwtg!$D$4 -> 24.3 | E4: =[1]Naural_Illumination_darkskinwtg!$D$5 -> 22.5 | F4: =[1]Naural_Illumination_darkskinwtg!$D$6 -> 22
A5: Light skin emissivity under artificial Illumination | B5: =[1]Artificial_Illumination_Light_s!D2 -> 29 | C5: =[1]Artificial_Illumination_Light_s!D3 -> 25.6 | D5: =[1]Artificial_Illumination_Light_s!D4 -> 24 | E5: =[1]Artificial_Illumination_Light_s!D5 -> 22.5 | F5: =[1]Artificial_Illumination_Light_s!D6 -> 22
A6: Dark skin emissivity under artificial Illumination with eyeglasses on | B6: =[1]artificial_illuminatn_dksknwG!D2 -> 30 | C6: =[1]artificial_illuminatn_dksknwG!D3 -> 26.8 | D6: =[1]artificial_illuminatn_dksknwG!D4 -> 24.5 | E6: =[1]artificial_illuminatn_dksknwG!D5 -> 24.4 | F6: =[1]artificial_illuminatn_dksknwG!D6 -> 23
A7: Dark skin emissivity under artificial l Illumination without eyeglasses on | B7: =[1]Artificial_illumination_Dark_sk!$D$2 -> 31 | C7: =[1]Artificial_illumination_Dark_sk!$D$3 -> 27.5 | D7: =[1]Artificial_illumination_Dark_sk!$D$4 -> 25 | E7: =[1]Artificial_illumination_Dark_sk!$D$5 -> 24.5 | F7: =[1]Artificial_illumination_Dark_sk!$D$6 -> 23.8
A8: Light skin emissivity under natural Illumination with eyeglasses on | B8: ='[1]Natutal_Illuminatn _ltsknwg'!D2 -> 30.5 | C8: ='[1]Natutal_Illuminatn _ltsknwg'!D3 -> 26 | D8: ='[1]Natutal_Illuminatn _ltsknwg'!D4 -> 24.5 | E8: ='[1]Natutal_Illuminatn _ltsknwg'!D5 -> 23 | F8: ='[1]Natutal_Illuminatn _ltsknwg'!D6 -> 22.5
A9: Light skin emissivity under natural Illumination without eye glasses on | B9: ='[1]Natutal_Illuminatn _ltsknwhgl'!D2 -> 31.2 | C9: ='[1]Natutal_Illuminatn _ltsknwhgl'!D3 -> 26 | D9: ='[1]Natutal_Illuminatn _ltsknwhgl'!D4 -> 25 | E9: ='[1]Natutal_Illuminatn _ltsknwhgl'!D5 -> 24 | F9: ='[1]Natutal_Illuminatn _ltsknwhgl'!D6 -> 23.3
A10: Light skin emissivity under artificial Illumination with eyeglasses on | B10: =[1]artificial_illumintn_litsknwg!D2 -> 29.5 | C10: =[1]artificial_illumintn_litsknwg!D3 -> 26.3 | D10: =[1]artificial_illumintn_litsknwg!D4 -> 25 | E10: =[1]artificial_illumintn_litsknwg!D5 -> 24.3 | F10: =[1]artificial_illumintn_litsknwg!D6 -> 24
A11: Light skin emissivity under artificial l Illumination without eyeglasses on | B11: =[1]artificial_illumintn_litsknwhgl!D2 -> 30.5 | C11: =[1]artificial_illumintn_litsknwhgl!D3 -> 26.3 | D11: =[1]artificial_illumintn_litsknwhgl!D4 -> 25.3 | E11: =[1]artificial_illumintn_litsknwhgl!D5 -> 24.8 | F11: =[1]artificial_illumintn_litsknwhgl!D6 -> 24
A13: Mean Temp reading for each distance (Metre) | B13: =AVERAGE(B2:B11) -> 30.27 | C13: =AVERAGE(C2:C11) -> 26.215 | D13: =AVERAGE(D2:D11) -> 24.46 | E13: =AVERAGE(E2:E11) -> 23.5 | F13: =AVERAGE(F2:F11) -> 22.81
A15: Variance | B15: =_xlfn.VAR.S(B2:B11) -> 0.66233333 | C15: =_xlfn.VAR.S(C2:C11) -> 0.56002778 | D15: =VAR(D2:D11) -> 0.46266667 | E15: =_xlfn.VAR.S(E2:E11) -> 1.46 | F15: =_xlfn.VAR.S(F2:F11) -> 0.98544444
A17: Standard Deviation | B17: =SQRT(B15) -> 0.81383864 | C17: =SQRT(C15) -> 0.74835004 | D17: =SQRT(D15) -> 0.68019605 | E17: =SQRT(E15) -> 1.2083046 | F17: =SQRT(F15) -> 0.99269554

Sheet Avarageateachdistance
A1: Distance | B1: Pimoroni MLX90640 | C1: RS PRO T-10 | D1: Robotshop MLX90640
A2: 1 Metre | B2: =[1]readingdistancePimoroniMLX9064!B13 -> 29.45 | C2: ='[1]readingdistanceRSPROT-10'!B13 -> 30.1 | D2: =[1]readingdistnceRobotshopMLX90640!B13 -> 30.27
A3: 2 Metres | B3: =[1]readingdistancePimoroniMLX9064!C13 -> 25.56 | C3: ='[1]readingdistanceRSPROT-10'!C13 -> 28.98 | D3: =[1]readingdistnceRobotshopMLX90640!C13 -> 26.215
A4: 3 Metres | B4: =[1]readingdistancePimoroniMLX9064!D13 -> 23.92 | C4: ='[1]readingdistanceRSPROT-10'!D13 -> 27.43 | D4: =[1]readingdistnceRobotshopMLX90640!D13 -> 24.46
A5: 4 Metres | B5: =[1]readingdistancePimoroniMLX9064!E13 -> 22.615 | C5: ='[1]readingdistanceRSPROT-10'!E13 -> 26.45 | D5: =[1]readingdistnceRobotshopMLX90640!E13 -> 23.5
A6: 5 Metres | B6: =[1]readingdistancePimoroniMLX9064!F13 -> 22.14 | C6: ='[1]readingdistanceRSPROT-10'!F13 -> 24.84 | D6: =[1]readingdistnceRobotshopMLX90640!F13 -> 22.81

Sheet SDateachdiatnce
A1: Distance | B1: Pimoroni MLX90640 | C1: RS PRO T-10 | D1: Robotshop MLX90640
A2: 1 Metre | B2: =[1]readingdistancePimoroniMLX9064!B17 -> 0.7199537 | C2: ='[1]readingdistanceRSPROT-10'!B17 -> 0.45704364 | D2: =[1]readingdistnceRobotshopMLX90640!B17 -> 0.81383864
A3: 2 Metres | B3: =[1]readingdistancePimoroniMLX9064!C17 -> 0.73060097 | C3: ='[1]readingdistanceRSPROT-10'!C17 -> 0.37058512 | D3: =[1]readingdistnceRobotshopMLX90640!C17 -> 0.74835004
A4: 3 Metres | B4: =[1]readingdistancePimoroniMLX9064!D17 -> 0.4802777 | C4: ='[1]readingdistanceRSPROT-10'!D17 -> 1.3952698 | D4: =[1]readingdistnceRobotshopMLX90640!D17 -> 0.68019605
A5: 4 Metres | B5: =[1]readingdistancePimoroniMLX9064!E17 -> 0.74909204 | C5: ='[1]readingdistanceRSPROT-10'!E17 -> 1.2730104 | D5: =[1]readingdistnceRobotshopMLX90640!E17 -> 1.2083046
A6: 5 Metres | B6: =[1]readingdistancePimoroniMLX9064!F17 -> 0.78343971 | C6: ='[1]readingdistanceRSPROT-10'!F17 -> 1.36886 | D6: =[1]readingdistnceRobotshopMLX90640!F17 -> 0.99269554

Sheet Average_SD
B1: Average Values | H1: S.D Values
A2: =[1]Avarageateachdistance!A1 -> Distance | B2: =[1]Avarageateachdistance!B1 -> Pimoroni MLX90640 | C2: =[1]Avarageateachdistance!C1 -> RS PRO T-10 | D2: =[1]Avarageateachdistance!D1 -> Robotshop MLX90640 | G2: =[1]SDateachdiatnce!A1 -> Distance | H2: =[1]SDateachdiatnce!B1 -> Pimoroni MLX90640 | I2: =[1]SDateachdiatnce!C1 -> RS PRO T-10 | J2: =[1]SDateachdiatnce!D1 -> Robotshop MLX90640
A3: =[1]Avarageateachdistance!A2 -> 1 Metre | B3: =[1]Avarageateachdistance!B2 -> 29.45 | C3: =[1]Avarageateachdistance!C2 -> 30.1 | D3: =[1]Avarageateachdistance!D2 -> 30.27 | G3: =[1]SDateachdiatnce!A2 -> 1 Metre | H3: =[1]SDateachdiatnce!B2 -> 0.7199537 | I3: =[1]SDateachdiatnce!C2 -> 0.45704364 | J3: =[1]SDateachdiatnce!D2 -> 0.81383864
A4: =[1]Avarageateachdistance!A3 -> 2 Metres | B4: =[1]Avarageateachdistance!B3 -> 25.56 | C4: =[1]Avarageateachdistance!C3 -> 28.98 | D4: =[1]Avarageateachdistance!D3 -> 26.215 | G4: =[1]SDateachdiatnce!A3 -> 2 Metres | H4: =[1]SDateachdiatnce!B3 -> 0.73060097 | I4: =[1]SDateachdiatnce!C3 -> 0.37058512 | J4: =[1]SDateachdiatnce!D3 -> 0.74835004
A5: =[1]Avarageateachdistance!A4 -> 3 Metres | B5: =[1]Avarageateachdistance!B4 -> 23.92 | C5: =[1]Avarageateachdistance!C4 -> 27.43 | D5: =[1]Avarageateachdistance!D4 -> 24.46 | G5: =[1]SDateachdiatnce!A4 -> 3 Metres | H5: =[1]SDateachdiatnce!B4 -> 0.4802777 | I5: =[1]SDateachdiatnce!C4 -> 1.3952698 | J5: =[1]SDateachdiatnce!D4 -> 0.68019605
A6: =[1]Avarageateachdistance!A5 -> 4 Metres | B6: =[1]Avarageateachdistance!B5 -> 22.615 | C6: =[1]Avarageateachdistance!C5 -> 26.45 | D6: =[1]Avarageateachdistance!D5 -> 23.5 | G6: =[1]SDateachdiatnce!A5 -> 4 Metres | H6: =[1]SDateachdiatnce!B5 -> 0.74909204 | I6: =[1]SDateachdiatnce!C5 -> 1.2730104 | J6: =[1]SDateachdiatnce!D5 -> 1.2083046
A7: =[1]Avarageateachdistance!A6 -> 5 Metres | B7: =[1]Avarageateachdistance!B6 -> 22.14 | C7: =[1]Avarageateachdistance!C6 -> 24.84 | D7: =[1]Avarageateachdistance!D6 -> 22.81 | G7: =[1]SDateachdiatnce!A6 -> 5 Metres | H7: =[1]SDateachdiatnce!B6 -> 0.78343971 | I7: =[1]SDateachdiatnce!C6 -> 1.36886 | J7: =[1]SDateachdiatnce!D6 -> 0.99269554

Sheet Pimoroni MLX90640
A1: Pimoroni MLX90640 reading taken all cases | B1: 1 Metre | C1: 2 Metres | D1: 3 Metres | E1: 4 Metres | F1: 5 Metres
A2: Temperature reading from light skin with glasses on at random time intervals under artificial home illumination, ambient temp at 26 degree celsius | B2: =Exp1_bodylightskinemmisivity_6!B2 -> 33.75 | C2: =Exp1_bodylightskinemmisivity_6!B3 -> 31.5 | D2: =Exp1_bodylightskinemmisivity_6!B4 -> 30.2 | E2: =Exp1_bodylightskinemmisivity_6!B5 -> 29.5 | F2: =Exp1_bodylightskinemmisivity_6!B6 -> 28.5
A3: Temperature reading from light skin without glasses on at random time interval under artificial home illumination, ambient temp at 26 degree celsius | B3: =Exp1_bodylightskinemmisivity1_7!B2 -> 32.5 | C3: =Exp1_bodylightskinemmisivity1_7!B3 -> 30.75 | D3: =Exp1_bodylightskinemmisivity1_7!B4 -> 29.7 | E3: =Exp1_bodylightskinemmisivity1_7!B5 -> 28.75 | F3: =Exp1_bodylightskinemmisivity1_7!B6 -> 24.1
A4: Temperature reading from light skin under natural home illumination and low ambient temperature at 20 degree celsius | B4: =Exp1_Lightskinlowtempnaturalh_8!B2 -> 32 | C4: =Exp1_Lightskinlowtempnaturalh_8!B3 -> 28.75 | D4: =Exp1_Lightskinlowtempnaturalh_8!B4 -> 27.8 | E4: =Exp1_Lightskinlowtempnaturalh_8!B5 -> 26.5 | F4: =Exp1_Lightskinlowtempnaturalh_8!B6 -> 25.2
A5: Temperature reading from light skin under artificial home illumination and low ambient temperature at 20 degree celsius | B5: 32.2 | C5: 30.5 | D5: 29.75 | E5: 28.75 | F5: 28.25
A6: Natural illumination, light skin ambient temp at 16 degrees celsius | B6: ='2Natutalillumination_light skin'!B2 -> 30.1 | C6: ='2Natutalillumination_light skin'!B3 -> 25.1 | D6: ='2Natutalillumination_light skin'!B4 -> 23 | E6: ='2Natutalillumination_light skin'!B5 -> 22 | F6: ='2Natutalillumination_light skin'!B6 -> 21
A7: Artificial Illumination,Light skin , ambient temp at 16 degree celsius | B7: ='2ArtificialIllumination_Light_s'!B2 -> 28.1 | C7: ='2ArtificialIllumination_Light_s'!B3 -> 24.5 | D7: ='2ArtificialIllumination_Light_s'!B4 -> 23.5 | E7: ='2ArtificialIllumination_Light_s'!B5 -> 22 | F7: ='2ArtificialIllumination_Light_s'!B6 -> 22
A8: Natutal Illumination light skin with Glasses, ambient temp at 16 degree celsius | B8: ='2NatutalIlluminatn _ltsknwg'!B2 -> 30 | C8: ='2NatutalIlluminatn _ltsknwg'!B3 -> 26.5 | D8: ='2NatutalIlluminatn _ltsknwg'!B4 -> 24 | E8: ='2NatutalIlluminatn _ltsknwg'!B5 -> 22.5 | F8: ='2NatutalIlluminatn _ltsknwg'!B6 -> 21.8
A9: Natural illumination light skin without glasses, ambient temp at 16 degrees celsius | B9: ='2NatutalIlluminatn _ltsknwhgl'!B2 -> 30.5 | C9: ='2NatutalIlluminatn _ltsknwhgl'!B3 -> 25.5 | D9: ='2NatutalIlluminatn _ltsknwhgl'!B4 -> 24.3 | E9: ='2NatutalIlluminatn _ltsknwhgl'!B5 -> 22.25 | F9: ='2NatutalIlluminatn _ltsknwhgl'!B6 -> 21.8
A10: Artificial illumination light skin with glasses, ambient temp at 16 degrees Celsius | B10: ='2artificialillumintn_litsknwg'!B2 -> 28.8 | C10: ='2artificialillumintn_litsknwg'!B3 -> 25.5 | D10: ='2artificialillumintn_litsknwg'!B4 -> 24.1 | E10: ='2artificialillumintn_litsknwg'!B5 -> 23.8 | F10: ='2artificialillumintn_litsknwg'!B6 -> 23.5
A11: Artificial Illumination light skin without glasses, ambient temp at 16 degrees Celsius | B11: ='2artificialillumintn_litsknwhgl'!B2 -> 29.5 | C11: ='2artificialillumintn_litsknwhgl'!B3 -> 25.5 | D11: ='2artificialillumintn_litsknwhgl'!B4 -> 24.5 | E11: ='2artificialillumintn_litsknwhgl'!B5 -> 23.8 | F11: ='2artificialillumintn_litsknwhgl'!B6 -> 23
A12: Temperature reading from dark skin without glasses on at random time interval under artificial home illumination | B12: =Exp1_bodydarkskinemissivity1_4!B2 -> 34.75 | C12: =Exp1_bodydarkskinemissivity1_4!B3 -> 32.25 | D12: =Exp1_bodydarkskinemissivity1_4!B4 -> 30.75 | E12: =Exp1_bodydarkskinemissivity1_4!B5 -> 30.25 | F12: =Exp1_bodydarkskinemissivity1_4!B6 -> 30
A13: Temperature reading from dark skin with glasses on at random time interval under artificial home illumination | B13: =Exp1_Bodydarkskinemissivity_5!B2 -> 34.5 | C13: =Exp1_Bodydarkskinemissivity_5!B3 -> 31.75 | D13: =Exp1_Bodydarkskinemissivity_5!B4 -> 30.5 | E13: =Exp1_Bodydarkskinemissivity_5!B5 -> 30.25 | F13: =Exp1_Bodydarkskinemissivity_5!B6 -> 29.75
A14: Temperature reading from Dark skin under natural home illumination and ambient temperature at 20 degrees celsisus | B14: =Exp1_Darkskinlowtempnaturalho_9!B2 -> 32.75 | C14: =Exp1_Darkskinlowtempnaturalho_9!B3 -> 29.25 | D14: =Exp1_Darkskinlowtempnaturalho_9!B4 -> 28.25 | E14: =Exp1_Darkskinlowtempnaturalho_9!B5 -> 27.25 | F14: =Exp1_Darkskinlowtempnaturalho_9!B6 -> 27
A15: Temperature reading from Dark skin under artificial home illumination and ambient temperature at 20 degrees celsisus | B15: =Exp1_Darksknlowtepartificial_10!B2 -> 32.5 | C15: =Exp1_Darksknlowtepartificial_10!B3 -> 29.5 | D15: =Exp1_Darksknlowtepartificial_10!B4 -> 28.75 | E15: =Exp1_Darksknlowtepartificial_10!B5 -> 27.75 | F15: =Exp1_Darksknlowtepartificial_10!B6 -> 26.75
A16: Naural Illumination, dark skin, with glasses on , ambient temp at 16 degree celsius | B16: ='2NauralIllumination_dark_skinwg'!B2 -> 29 | C16: ='2NauralIllumination_dark_skinwg'!B3 -> 24.5 | D16: ='2NauralIllumination_dark_skinwg'!B4 -> 23.5 | E16: ='2NauralIllumination_dark_skinwg'!B5 -> 22 | F16: ='2NauralIllumination_dark_skinwg'!B6 -> 21.5
A17: Natural Illumination, dark skin, without Glasses, ambient temp at 16 degrees celsius | B17: ='2NauralIllumination_darkskinwtg'!B2 -> 29.7 | C17: ='2NauralIllumination_darkskinwtg'!B3 -> 25.7 | D17: ='2NauralIllumination_darkskinwtg'!B4 -> 23.8 | E17: ='2NauralIllumination_darkskinwtg'!B5 -> 21.8 | F17: ='2NauralIllumination_darkskinwtg'!B6 -> 21.5
A18: Artificial illumination Dark skin with glass , ambient temp at 16 degrees celsius | B18: ='2artificialilluminatn_dksknwG'!B2 -> 29 | C18: ='2artificialilluminatn_dksknwG'!B3 -> 26.5 | D18: ='2artificialilluminatn_dksknwG'!B4 -> 24 | E18: ='2artificialilluminatn_dksknwG'!B5 -> 23 | F18: ='2artificialilluminatn_dksknwG'!B6 -> 22.8
A19: Artificial illumination Dark skin without glass, ambient temp at 16 degrees Celsius | B19: ='2Artificialillumination_Dark_sk'!B2 -> 29.8 | C19: ='2Artificialillumination_Dark_sk'!B3 -> 26.3 | D19: ='2Artificialillumination_Dark_sk'!B4 -> 24.5 | E19: ='2Artificialillumination_Dark_sk'!B5 -> 23 | F19: ='2Artificialillumination_Dark_sk'!B6 -> 22.5
A21: Average | B21: =AVERAGE(B2:B19) -> 31.080556 | C21: =AVERAGE(C2:C19) -> 27.769444 | D21: =AVERAGE(D2:D19) -> 26.383333 | E21: =AVERAGE(E2:E19) -> 25.286111 | F21: =AVERAGE(F2:F19) -> 24.497222
A23: Standard Deviation | B23: =_xlfn.STDEV.S(B2:B19) -> 2.0644141 | C23: =_xlfn.STDEV.S(C2:C19) -> 2.7218689 | D23: =_xlfn.STDEV.S(D2:D19) -> 2.9382368 | E23: =_xlfn.STDEV.S(E2:E19) -> 3.2434008 | F23: =_xlfn.STDEV.S(F2:F19) -> 3.0779802

Sheet RS PRO T-10 
A1: RS PRO T-10 reading taken all cases | B1: 1 Metre | C1: 2 Metres | D1: 3 Metres | E1: 4 Metres | F1: 5 Metres
A2: Temperature reading from light skin with glasses on at random time intervals under artificial home illumination, ambient temp at 26 degree celsius | B2: =Exp1_bodylightskinemmisivity_6!C2 -> 30.3 | C2: =Exp1_bodylightskinemmisivity_6!C3 -> 29.3 | D2: =Exp1_bodylightskinemmisivity_6!C4 -> 28.8 | E2: =Exp1_bodylightskinemmisivity_6!C5 -> 28.3 | F2: =Exp1_bodylightskinemmisivity_6!C6 -> 28
A3: Temperature reading from light skin without glasses on at random time interval under artificial home illumination, ambient temp at 26 degree celsius | B3: =Exp1_bodylightskinemmisivity1_7!C2 -> 29.8 | C3: =Exp1_bodylightskinemmisivity1_7!C3 -> 28.2 | D3: =Exp1_bodylightskinemmisivity1_7!C4 -> 25.9 | E3: =Exp1_bodylightskinemmisivity1_7!C5 -> 25.2 | F3: =Exp1_bodylightskinemmisivity1_7!C6 -> 20.2
A4: Temperature reading from light skin under natural home illumination and low ambient temperature at 20 degree celsius | B4: =Exp1_Lightskinlowtempnaturalh_8!C2 -> 31.6 | C4: =Exp1_Lightskinlowtempnaturalh_8!C3 -> 30 | D4: =Exp1_Lightskinlowtempnaturalh_8!C4 -> 29 | E4: =Exp1_Lightskinlowtempnaturalh_8!C5 -> 28.2 | F4: =Exp1_Lightskinlowtempnaturalh_8!C6 -> 27.5
A5: Temperature reading from light skin under artificial home illumination and low ambient temperature at 20 degree celsius | B5: =Exp1_lghtsknlowtempartificia_11!C2 -> 30.1 | C5: =Exp1_lghtsknlowtempartificia_11!C3 -> 30 | D5: =Exp1_lghtsknlowtempartificia_11!C4 -> 28.8 | E5: =Exp1_lghtsknlowtempartificia_11!C5 -> 27.5 | F5: =Exp1_lghtsknlowtempartificia_11!C6 -> 27.4
A6: Natural illumination, light skin ambient temp at 16 degrees celsius | B6: ='2Natutalillumination_light skin'!C2 -> 29.7 | C6: ='2Natutalillumination_light skin'!C3 -> 29 | D6: ='2Natutalillumination_light skin'!C4 -> 24 | E6: ='2Natutalillumination_light skin'!C5 -> 24 | F6: ='2Natutalillumination_light skin'!C6 -> 24
A7: Artificial Illumination,Light skin , ambient temp at 16 degree celsius | B7: ='2ArtificialIllumination_Light_s'!C2 -> 30.4 | C7: ='2ArtificialIllumination_Light_s'!C3 -> 29.2 | D7: ='2ArtificialIllumination_Light_s'!C4 -> 27.5 | E7: ='2ArtificialIllumination_Light_s'!C5 -> 26.2 | F7: ='2ArtificialIllumination_Light_s'!C6 -> 24.2
A8: Natutal Illumination light skin with Glasses, ambient temp at 16 degree celsius | B8: ='2NatutalIlluminatn _ltsknwg'!C2 -> 30.4 | C8: ='2NatutalIlluminatn _ltsknwg'!C3 -> 28.6 | D8: ='2NatutalIlluminatn _ltsknwg'!C4 -> 26.2 | E8: ='2NatutalIlluminatn _ltsknwg'!C5 -> 24.6 | F8: ='2NatutalIlluminatn _ltsknwg'!C6 -> 22.9
A9: Natural illumination light skin without glasses, ambient temp at 16 degrees celsius | B9: ='2NatutalIlluminatn _ltsknwhgl'!C2 -> 30.3 | C9: ='2NatutalIlluminatn _ltsknwhgl'!C3 -> 28.9 | D9: ='2NatutalIlluminatn _ltsknwhgl'!C4 -> 27.5 | E9: ='2NatutalIlluminatn _ltsknwhgl'!C5 -> 26.3 | F9: ='2NatutalIlluminatn _ltsknwhgl'!C6 -> 23.6
A10: Artificial illumination light skin with glasses, ambient temp at 16 degrees Celsius | B10: ='2artificialillumintn_litsknwg'!C2 -> 30.5 | C10: ='2artificialillumintn_litsknwg'!C3 -> 28.5 | D10: ='2artificialillumintn_litsknwg'!C4 -> 28.1 | E10: ='2artificialillumintn_litsknwg'!C5 -> 27 | F10: ='2artificialillumintn_litsknwg'!C6 -> 26.1
A11: Artificial Illumination light skin without glasses, ambient temp at 16 degrees Celsius | B11: ='2artificialillumintn_litsknwhgl'!C2 -> 30.8 | C11: ='2artificialillumintn_litsknwhgl'!C3 -> 28.9 | D11: ='2artificialillumintn_litsknwhgl'!C4 -> 28 | E11: ='2artificialillumintn_litsknwhgl'!C5 -> 27.5 | F11: ='2artificialillumintn_litsknwhgl'!C6 -> 26.5
A12: Temperature reading from dark skin without glasses on at random time interval under artificial home illumination | B12: =Exp1_bodydarkskinemissivity1_4!C2 -> 30.1 | C12: =Exp1_bodydarkskinemissivity1_4!C3 -> 28.4 | D12: =Exp1_bodydarkskinemissivity1_4!C4 -> 28.7 | E12: =Exp1_bodydarkskinemissivity1_4!C5 -> 25.3 | F12: =Exp1_bodydarkskinemissivity1_4!C6 -> 25
A13: Temperature reading from dark skin with glasses on at random time interval under artificial home illumination | B13: =Exp1_Bodydarkskinemissivity_5!C2 -> 30.4 | C13: =Exp1_Bodydarkskinemissivity_5!C3 -> 29.9 | D13: =Exp1_Bodydarkskinemissivity_5!C4 -> 28.7 | E13: =Exp1_Bodydarkskinemissivity_5!C5 -> 27.7 | F13: =Exp1_Bodydarkskinemissivity_5!C6 -> 25.7
A14: Temperature reading from Dark skin under natural home illumination and ambient temperature at 20 degrees celsius | B14: =Exp1_Darkskinlowtempnaturalho_9!C2 -> 30.9 | C14: =Exp1_Darkskinlowtempnaturalho_9!C3 -> 29.5 | D14: =Exp1_Darkskinlowtempnaturalho_9!C4 -> 28.8 | E14: =Exp1_Darkskinlowtempnaturalho_9!C5 -> 28.5 | F14: =Exp1_Darkskinlowtempnaturalho_9!C6 -> 28.5
A15: Temperature reading from Dark skin under artificial home illumination and ambient temperature at 20 degrees celcius | B15: =Exp1_Darksknlowtepartificial_10!C2 -> 30.4 | C15: =Exp1_Darksknlowtepartificial_10!C3 -> 29.6 | D15: =Exp1_Darksknlowtepartificial_10!C4 -> 28 | E15: =Exp1_Darksknlowtepartificial_10!C5 -> 26.2 | F15: =Exp1_Darksknlowtepartificial_10!C6 -> 26.5
A16: Naural Illumination, dark skin, with glasses on , ambient temp at 16 degree celsius | B16: ='2NauralIllumination_dark_skinwg'!C2 -> 29.3 | C16: ='2NauralIllumination_dark_skinwg'!C3 -> 29 | D16: ='2NauralIllumination_dark_skinwg'!C4 -> 27.8 | E16: ='2NauralIllumination_dark_skinwg'!C5 -> 27.8 | F16: ='2NauralIllumination_dark_skinwg'!C6 -> 25
A17: Natural Illumination, dark skin, without Glasses, ambient temp at 16 degrees celsius | B17: ='2NauralIllumination_darkskinwtg'!C2 -> 30 | C17: ='2NauralIllumination_darkskinwtg'!C3 -> 29.8 | D17: ='2NauralIllumination_darkskinwtg'!C4 -> 28.9 | E17: ='2NauralIllumination_darkskinwtg'!C5 -> 27.3 | F17: ='2NauralIllumination_darkskinwtg'!C6 -> 26.2
A18: Artificial illumination Dark skin with glass , ambient temp at 16 degrees celsius | B18: ='2artificialilluminatn_dksknwG'!C2 -> 29.7 | C18: ='2artificialilluminatn_dksknwG'!C3 -> 28.7 | D18: ='2artificialilluminatn_dksknwG'!C4 -> 27.9 | E18: ='2artificialilluminatn_dksknwG'!C5 -> 26.3 | F18: ='2artificialilluminatn_dksknwG'!C6 -> 26.1
A19: Artificial illumination Dark skin without glass, ambient temp at 16 degrees Celsius | B19: ='2Artificialillumination_Dark_sk'!C2 -> 29.9 | C19: ='2Artificialillumination_Dark_sk'!C3 -> 29.2 | D19: ='2Artificialillumination_Dark_sk'!C4 -> 28.4 | E19: ='2Artificialillumination_Dark_sk'!C5 -> 27.5 | F19: ='2Artificialillumination_Dark_sk'!C6 -> 26.4
A22: Average | B22: =AVERAGE(B2:B19) -> 30.255556 | C22: =AVERAGE(C2:C19) -> 29.15 | D22: =AVERAGE(D2:D19) -> 27.833333 | E22: =AVERAGE(E2:E19) -> 26.744444 | F22: =AVERAGE(F2:F19) -> 25.544444
A24: Standard Deviation | B24: =_xlfn.STDEV.S(B2:B19) -> 0.52268787 | C24: =_xlfn.STDEV.S(C2:C19) -> 0.56072432 | D24: =_xlfn.STDEV.S(D2:D19) -> 1.2966019 | E24: =_xlfn.STDEV.S(E2:E19) -> 1.3133801 | F24: =_xlfn.STDEV.S(F2:F19) -> 2.0260719

Sheet RobotShop MLX90640
A1: RobotShop MLX90640 reading taken all cases | B1: 1 Metre | C1: 2 Metres | D1: 3 Metres | E1: 4 Metres | F1: 5 Metres
A2: Temperature reading from light skin with glasses on at random time intervals under artificial home illumination, ambient temp at 26 degree celsius | B2: =Exp1_bodylightskinemmisivity_6!D2 -> 33.5 | C2: =Exp1_bodylightskinemmisivity_6!D3 -> 31.7 | D2: =Exp1_bodylightskinemmisivity_6!D4 -> 30 | E2: =Exp1_bodylightskinemmisivity_6!D5 -> 29 | F2: =Exp1_bodylightskinemmisivity_6!D6 -> 29
A3: Temperature reading from light skin without glasses on at random time interval under artificial home illumination, ambient temp at 26 degree celsius | B3: =Exp1_bodylightskinemmisivity1_7!D2 -> 32.5 | C3: =Exp1_bodylightskinemmisivity1_7!D3 -> 30.5 | D3: =Exp1_bodylightskinemmisivity1_7!D4 -> 30 | E3: =Exp1_bodylightskinemmisivity1_7!D5 -> 29 | F3: =Exp1_bodylightskinemmisivity1_7!D6 -> 24
A4: Temperature reading from light skin under natural home illumination and low ambient temperature at 20 degree celsius | B4: =Exp1_Lightskinlowtempnaturalh_8!D2 -> 32 | C4: =Exp1_Lightskinlowtempnaturalh_8!D3 -> 29 | D4: =Exp1_Lightskinlowtempnaturalh_8!D4 -> 27.25 | E4: =Exp1_Lightskinlowtempnaturalh_8!D5 -> 26.5 | F4: =Exp1_Lightskinlowtempnaturalh_8!D6 -> 25
A5: Temperature reading from light skin under artificial home illumination and low ambient temperature at 20 degree celsius | B5: =Exp1_lghtsknlowtempartificia_11!D2 -> 31.5 | C5: =Exp1_lghtsknlowtempartificia_11!D3 -> 29.25 | D5: =Exp1_lghtsknlowtempartificia_11!D4 -> 28.5 | E5: =Exp1_lghtsknlowtempartificia_11!D5 -> 28 | F5: =Exp1_lghtsknlowtempartificia_11!D6 -> 27.5
A6: Natural illumination, light skin ambient temp at 16 degrees celsius | B6: ='2Natutalillumination_light skin'!D2 -> 30 | C6: ='2Natutalillumination_light skin'!D3 -> 24.9 | D6: ='2Natutalillumination_light skin'!D4 -> 23 | E6: ='2Natutalillumination_light skin'!D5 -> 21 | F6: ='2Natutalillumination_light skin'!D6 -> 21
A7: Artificial Illumination,Light skin , ambient temp at 16 degree celsius | B7: ='2ArtificialIllumination_Light_s'!D2 -> 29 | C7: ='2ArtificialIllumination_Light_s'!D3 -> 25.6 | D7: ='2ArtificialIllumination_Light_s'!D4 -> 24 | E7: ='2ArtificialIllumination_Light_s'!D5 -> 22.5 | F7: ='2ArtificialIllumination_Light_s'!D6 -> 22
A8: Natutal Illumination light skin with Glasses, ambient temp at 16 degree celsius | B8: ='2NatutalIlluminatn _ltsknwg'!D2 -> 30.5 | C8: ='2NatutalIlluminatn _ltsknwg'!D3 -> 26 | D8: ='2NatutalIlluminatn _ltsknwg'!D4 -> 24.5 | E8: ='2NatutalIlluminatn _ltsknwg'!D5 -> 23 | F8: ='2NatutalIlluminatn _ltsknwg'!D6 -> 22.5
A9: Natural illumination light skin without glasses, ambient temp at 16 degrees celsius | B9: ='2NatutalIlluminatn _ltsknwhgl'!D2 -> 31.2 | C9: ='2NatutalIlluminatn _ltsknwhgl'!D3 -> 26 | D9: ='2NatutalIlluminatn _ltsknwhgl'!D4 -> 25 | E9: ='2NatutalIlluminatn _ltsknwhgl'!D5 -> 24 | F9: ='2NatutalIlluminatn _ltsknwhgl'!D6 -> 23.3
A10: Artificial illumination light skin with glasses, ambient temp at 16 degrees Celsius | B10: ='2artificialillumintn_litsknwg'!D2 -> 29.5 | C10: ='2artificialillumintn_litsknwg'!D3 -> 26.3 | D10: ='2artificialillumintn_litsknwg'!D4 -> 25 | E10: ='2artificialillumintn_litsknwg'!D5 -> 24.3 | F10: ='2artificialillumintn_litsknwg'!D6 -> 24
A11: Artificial Illumination light skin without glasses, ambient temp at 16 degrees Celsius | B11: ='2artificialillumintn_litsknwhgl'!D2 -> 30.5 | C11: ='2artificialillumintn_litsknwhgl'!D3 -> 26.3 | D11: ='2artificialillumintn_litsknwhgl'!D4 -> 25.3 | E11: ='2artificialillumintn_litsknwhgl'!D5 -> 24.8 | F11: ='2artificialillumintn_litsknwhgl'!D6 -> 24
A12: Temperature reading from dark skin without glasses on at random time interval under artificial home illumination, ambient temp 26 degree celsius | B12: =Exp1_bodydarkskinemissivity1_4!D2 -> 33.5 | C12: =Exp1_bodydarkskinemissivity1_4!D3 -> 31.75 | D12: =Exp1_bodydarkskinemissivity1_4!D4 -> 30.25 | E12: =Exp1_bodydarkskinemissivity1_4!D5 -> 29.25 | F12: =Exp1_bodydarkskinemissivity1_4!D6 -> 29.75
A13: Temperature reading from dark skin with glasses on at random time intervals under artificial home illumination, ambient temp 26 Celsius | B13: =Exp1_Bodydarkskinemissivity_5!D2 -> 33.25 | C13: =Exp1_Bodydarkskinemissivity_5!D3 -> 31 | D13: =Exp1_Bodydarkskinemissivity_5!D4 -> 30.25 | E13: =Exp1_Bodydarkskinemissivity_5!D5 -> 29.75 | F13: =Exp1_Bodydarkskinemissivity_5!D6 -> 29.75
A14: Temperature reading from Dark skin under natural home illumination and ambient temperature at 20 degrees celsius | B14: =Exp1_Darkskinlowtempnaturalho_9!D2 -> 31.5 | C14: =Exp1_Darkskinlowtempnaturalho_9!D3 -> 28.5 | D14: =Exp1_Darkskinlowtempnaturalho_9!D4 -> 28.5 | E14: =Exp1_Darkskinlowtempnaturalho_9!D5 -> 27 | F14: =Exp1_Darkskinlowtempnaturalho_9!D6 -> 26.25
A15: Temperature reading from Dark skin under artificial home illumination and ambient temperature at 20 degree celsius | B15: =Exp1_Darksknlowtepartificial_10!D2 -> 32.25 | C15: =Exp1_Darksknlowtepartificial_10!D3 -> 29.75 | D15: =Exp1_Darksknlowtepartificial_10!D4 -> 28.75 | E15: =Exp1_Darksknlowtepartificial_10!D5 -> 26.2 | F15: =Exp1_Darksknlowtepartificial_10!D6 -> 27
A16: Naural Illumination, dark skin, with glasses on , ambient temp at 16 degree celsius | B16: ='2NauralIllumination_dark_skinwg'!D2 -> 29.5 | C16: ='2NauralIllumination_dark_skinwg'!D3 -> 25.75 | D16: ='2NauralIllumination_dark_skinwg'!D4 -> 24 | E16: ='2NauralIllumination_dark_skinwg'!D5 -> 24 | F16: ='2NauralIllumination_dark_skinwg'!D6 -> 22.5
A17: Natural Illumination, dark skin, without Glasses, ambient temp at 16 degrees celsius | B17: ='2NauralIllumination_darkskinwtg'!D2 -> 31.5 | C17: ='2NauralIllumination_darkskinwtg'!D3 -> 27 | D17: ='2NauralIllumination_darkskinwtg'!D4 -> 24.3 | E17: ='2NauralIllumination_darkskinwtg'!D5 -> 22.5 | F17: ='2NauralIllumination_darkskinwtg'!D6 -> 22
A18: Artificial illumination Dark skin with glass , ambient temp at 16 degrees celsius | B18: ='2artificialilluminatn_dksknwG'!D2 -> 30 | C18: ='2artificialilluminatn_dksknwG'!D3 -> 26.8 | D18: ='2artificialilluminatn_dksknwG'!D4 -> 24.5 | E18: ='2artificialilluminatn_dksknwG'!D5 -> 24.4 | F18: ='2artificialilluminatn_dksknwG'!D6 -> 23
A19: Artificial illumination Dark skin without glass, ambient temp at 16 degrees Celsius | B19: ='2Artificialillumination_Dark_sk'!D2 -> 31 | C19: ='2Artificialillumination_Dark_sk'!D3 -> 27.5 | D19: ='2Artificialillumination_Dark_sk'!D4 -> 25 | E19: ='2Artificialillumination_Dark_sk'!D5 -> 24.5 | F19: ='2Artificialillumination_Dark_sk'!D6 -> 23.8
A22: Average | B22: =AVERAGE(B2:B19) -> 31.261111 | C22: =AVERAGE(C2:C19) -> 27.977778 | D22: =AVERAGE(D2:D19) -> 26.561111 | E22: =AVERAGE(E2:E19) -> 25.538889 | F22: =AVERAGE(F2:F19) -> 24.797222
A24: Standard Deviation | B24: =_xlfn.STDEV.S(B2:B19) -> 1.391947 | C24: =_xlfn.STDEV.S(C2:C19) -> 2.2461878 | D24: =_xlfn.STDEV.S(D2:D19) -> 2.5663292 | E24: =_xlfn.STDEV.S(E2:E19) -> 2.6538294 | F24: =_xlfn.STDEV.S(F2:F19) -> 2.7656226

Sheet Avg_SD
B1: Average Values | H1: S.D Values
A2: =[1]Avarageateachdistance!A1 -> Distance | B2: =[1]Avarageateachdistance!B1 -> Pimoroni MLX90640 | C2: =[1]Avarageateachdistance!C1 -> RS PRO T-10 | D2: =[1]Avarageateachdistance!D1 -> Robotshop MLX90640 | G2: =[1]SDateachdiatnce!A1 -> Distance | H2: =[1]SDateachdiatnce!B1 -> Pimoroni MLX90640 | I2: =[1]SDateachdiatnce!C1 -> RS PRO T-10 | J2: =[1]SDateachdiatnce!D1 -> Robotshop MLX90640
A3: 1 Metre | B3: ='Pimoroni MLX90640'!B21 -> 31.080556 | C3: ='RS PRO T-10 '!B22 -> 30.255556 | D3: ='RobotShop MLX90640'!B22 -> 31.261111 | G3: 1 Metre | H3: ='Pimoroni MLX90640'!B23 -> 2.0644141 | I3: ='RS PRO T-10 '!B24 -> 0.52268787 | J3: ='RobotShop MLX90640'!B24 -> 1.391947
A4: 2 Metres | B4: ='Pimoroni MLX90640'!C21 -> 27.769444 | C4: ='RS PRO T-10 '!C22 -> 29.15 | D4: ='RobotShop MLX90640'!C22 -> 27.977778 | G4: 2 Metres | H4: ='Pimoroni MLX90640'!C23 -> 2.7218689 | I4: ='RS PRO T-10 '!C24 -> 0.56072432 | J4: ='RobotShop MLX90640'!C24 -> 2.2461878
A5: 3 Metres | B5: ='Pimoroni MLX90640'!D21 -> 26.383333 | C5: ='RS PRO T-10 '!D22 -> 27.833333 | D5: ='RobotShop MLX90640'!D22 -> 26.561111 | G5: 3 Metres | H5: ='Pimoroni MLX90640'!D23 -> 2.9382368 | I5: ='RS PRO T-10 '!D24 -> 1.2966019 | J5: ='RobotShop MLX90640'!D24 -> 2.5663292
A6: 4 Metres | B6: ='Pimoroni MLX90640'!E21 -> 25.286111 | C6: ='RS PRO T-10 '!E22 -> 26.744444 | D6: ='RobotShop MLX90640'!E22 -> 25.538889 | G6: 4 Metres | H6: ='Pimoroni MLX90640'!E23 -> 3.2434008 | I6: ='RS PRO T-10 '!E24 -> 1.3133801 | J6: ='RobotShop MLX90640'!E24 -> 2.6538294
A7: 5 Metres | B7: ='Pimoroni MLX90640'!F21 -> 24.497222 | C7: ='RS PRO T-10 '!F22 -> 25.544444 | D7: ='RobotShop MLX90640'!F22 -> 24.797222 | G7: 5 Metres | H7: ='Pimoroni MLX90640'!F23 -> 3.0779802 | I7: ='RS PRO T-10 '!F24 -> 2.0260719 | J7: ='RobotShop MLX90640'!F24 -> 2.7656226

Sheet comparing_eyeglasses_graph
A1: co

Sheet Comparingbody_emissivity

Sheet comparing_Illumination_source

Sheet average 2 experiment at diff AT

Sheet MLX-P
A1: ='Pimoroni MLX90640'!A1 -> Pimoroni MLX90640 reading taken all cases | B1: ='Pimoroni MLX90640'!B1 -> 1 Metre | C1: ='Pimoroni MLX90640'!C1 -> 2 Metres | D1: ='Pimoroni MLX90640'!D1 -> 3 Metres | E1: ='Pimoroni MLX90640'!E1 -> 4 Metres | F1: ='Pimoroni MLX90640'!F1 -> 5 Metres
A2: ='Pimoroni MLX90640'!A2 -> Temperature reading from light skin with glasses on at random time intervals under artificial home illumination, ambient temp at 26 degree celsius | B2: ='Pimoroni MLX90640'!B2 -> 33.75 | C2: ='Pimoroni MLX90640'!C2 -> 31.5 | D2: ='Pimoroni MLX90640'!D2 -> 30.2 | E2: ='Pimoroni MLX90640'!E2 -> 29.5 | F2: ='Pimoroni MLX90640'!F2 -> 28.5
A3: ='Pimoroni MLX90640'!A3 -> Temperature reading from light skin without glasses on at random time interval under artificial home illumination, ambient temp at 26 degree celsius | B3: ='Pimoroni MLX90640'!B3 -> 32.5 | C3: ='Pimoroni MLX90640'!C3 -> 30.75 | D3: ='Pimoroni MLX90640'!D3 -> 29.7 | E3: ='Pimoroni MLX90640'!E3 -> 28.75 | F3: ='Pimoroni MLX90640'!F3 -> 24.1
A4: ='Pimoroni MLX90640'!A12 -> Temperature reading from dark skin without glasses on at random time interval under artificial home illumination | B4: ='Pimoroni MLX90640'!B12 -> 34.75 | C4: ='Pimoroni MLX90640'!C12 -> 32.25 | D4: ='Pimoroni MLX90640'!D12 -> 30.75 | E4: ='Pimoroni MLX90640'!E12 -> 30.25 | F4: ='Pimoroni MLX90640'!F12 -> 30
A5: ='Pimoroni MLX90640'!A13 -> Temperature reading from dark skin with glasses on at random time interval under artificial home illumination | B5: ='Pimoroni MLX90640'!B13 -> 34.5 | C5: ='Pimoroni MLX90640'!C13 -> 31.75 | D5: ='Pimoroni MLX90640'!D13 -> 30.5 | E5: ='Pimoroni MLX90640'!E13 -> 30.25 | F5: ='Pimoroni MLX90640'!F13 -> 29.75
A7: Average | B7: =AVERAGE(B2:B5) -> 33.875 | C7: =AVERAGE(C2:C5) -> 31.5625 | D7: =AVERAGE(D2:D5) -> 30.2875 | E7: =AVERAGE(E2:E5) -> 29.6875 | F7: =AVERAGE(F2:F5) -> 28.0875
A8: SD | B8: =_xlfn.STDEV.P(B2:B5) -> 0.875 | C8: =_xlfn.STDEV.P(C2:C5) -> 0.54126588 | D8: =_xlfn.STDEV.P(D2:D5) -> 0.3911122 | E8: =_xlfn.STDEV.P(E2:E5) -> 0.62186715 | F8: =_xlfn.STDEV.P(F2:F5) -> 2.37128
A14: ='Pimoroni MLX90640'!A4 -> Temperature reading from light skin under natural home illumination and low ambient temperature at 20 degree celsius | B14: ='Pimoroni MLX90640'!B4 -> 32 | C14: ='Pimoroni MLX90640'!C4 -> 28.75 | D14: ='Pimoroni MLX90640'!D4 -> 27.8 | E14: ='Pimoroni MLX90640'!E4 -> 26.5 | F14: ='Pimoroni MLX90640'!F4 -> 25.2
A15: ='Pimoroni MLX90640'!A5 -> Temperature reading from light skin under artificial home illumination and low ambient temperature at 20 degree celsius | B15: ='Pimoroni MLX90640'!B5 -> 32.2 | C15: ='Pimoroni MLX90640'!C5 -> 30.5 | D15: ='Pimoroni MLX90640'!D5 -> 29.75 | E15: ='Pimoroni MLX90640'!E5 -> 28.75 | F15: ='Pimoroni MLX90640'!F5 -> 28.25
A16: ='Pimoroni MLX90640'!A14 -> Temperature reading from Dark skin under natural home illumination and ambient temperature at 20 degrees celsisus | B16: ='Pimoroni MLX90640'!B14 -> 32.75 | C16: ='Pimoroni MLX90640'!C14 -> 29.25 | D16: ='Pimoroni MLX90640'!D14 -> 28.25 | E16: ='Pimoroni MLX90640'!E14 -> 27.25 | F16: ='Pimoroni MLX90640'!F14 -> 27
A17: ='Pimoroni MLX90640'!A15 -> Temperature reading from Dark skin under artificial home illumination and ambient temperature at 20 degrees celsisus | B17: ='Pimoroni MLX90640'!B15 -> 32.5 | C17: ='Pimoroni MLX90640'!C15 -> 29.5 | D17: ='Pimoroni MLX90640'!D15 -> 28.75 | E17: ='Pimoroni MLX90640'!E15 -> 27.75 | F17: ='Pimoroni MLX90640'!F15 -> 26.75
A19: Avarage | B19: =AVERAGE(B14:B17) -> 32.3625 | C19: =AVERAGE(C14:C17) -> 29.5 | D19: =AVERAGE(D14:D17) -> 28.6375 | E19: =AVERAGE(E14:E17) -> 27.5625 | F19: =AVERAGE(F14:F17) -> 26.8
A20: SD | B20: =_xlfn.STDEV.P(B14:B17) -> 0.28586492 | C20: =_xlfn.STDEV.P(C14:C17) -> 0.63737744 | D20: =_xlfn.STDEV.P(D14:D17) -> 0.72489223 | E20: =_xlfn.STDEV.P(E14:E17) -> 0.81729355 | F20: =_xlfn.STDEV.P(F14:F17) -> 1.0845506
A22: ='Pimoroni MLX90640'!A6 -> Natural illumination, light skin ambient temp at 16 degrees celsius | B22: ='Pimoroni MLX90640'!B6 -> 30.1 | C22: ='Pimoroni MLX90640'!C6 -> 25.1 | D22: ='Pimoroni MLX90640'!D6 -> 23 | E22: ='Pimoroni MLX90640'!E6 -> 22 | F22: ='Pimoroni MLX90640'!F6 -> 21
A23: ='Pimoroni MLX90640'!A7 -> Artificial Illumination,Light skin , ambient temp at 16 degree celsius | B23: ='Pimoroni MLX90640'!B7 -> 28.1 | C23: ='Pimoroni MLX90640'!C7 -> 24.5 | D23: ='Pimoroni MLX90640'!D7 -> 23.5 | E23: ='Pimoroni MLX90640'!E7 -> 22 | F23: ='Pimoroni MLX90640'!F7 -> 22
A24: ='Pimoroni MLX90640'!A17 -> Natural Illumination, dark skin, without Glasses, ambient temp at 16 degrees celsius | B24: ='Pimoroni MLX90640'!B17 -> 29.7 | C24: ='Pimoroni MLX90640'!C17 -> 25.7 | D24: ='Pimoroni MLX90640'!D17 -> 23.8 | E24: ='Pimoroni MLX90640'!E17 -> 21.8 | F24: ='Pimoroni MLX90640'!F17 -> 21.5
A25: ='Pimoroni MLX90640'!A18 -> Artificial illumination Dark skin with glass , ambient temp at 16 degrees celsius | B25: ='Pimoroni MLX90640'!B18 -> 29 | C25: ='Pimoroni MLX90640'!C18 -> 26.5 | D25: ='Pimoroni MLX90640'!D18 -> 24 | E25: ='Pimoroni MLX90640'!E18 -> 23 | F25: ='Pimoroni MLX90640'!F18 -> 22.8
A27: Avarage | B27: =AVERAGE(B22:B25) -> 29.225 | C27: =AVERAGE(C22:C25) -> 25.45 | D27: =AVERAGE(D22:D25) -> 23.575 | E27: =AVERAGE(E22:E25) -> 22.2 | F27: =AVERAGE(F22:F25) -> 21.825
A28: SD | B28: =_xlfn.STDEV.P(B22:B25) -> 0.75952288 | C28: =_xlfn.STDEV.P(C22:C25) -> 0.73993243 | D28: =_xlfn.STDEV.P(D22:D25) -> 0.37666298 | E28: =_xlfn.STDEV.P(E22:E25) -> 0.46904158 | F28: =_xlfn.STDEV.P(F22:F25) -> 0.66473679

Sheet AV_SD_MLX-P
A1: Average Values for MLX-P at different ambient temp | G1: S.D Values for MLX-P at different ambient temp
A2: =[1]Avarageateachdistance!A1 -> Distance | B2: MLX-P Readings at 26 degrees | C2: MLX-P Readings at 20 Degrees | D2: MLX-P Readings at 16 degrees | G2: Distance | H2: Readings at 26 degrees | I2: Readings at 20 Degrees | J2: Readings at 16 degrees
A3: 1 | B3: ='MLX-P'!B7 -> 33.875 | C3: ='MLX-P'!B19 -> 32.3625 | D3: ='MLX-P'!B27 -> 29.225 | G3: 1 | H3: ='MLX-P'!B8 -> 0.875 | I3: ='MLX-P'!B20 -> 0.28586492 | J3: ='MLX-P'!B28 -> 0.75952288
A4: 2 | B4: ='MLX-P'!C7 -> 31.5625 | C4: ='MLX-P'!C19 -> 29.5 | D4: ='MLX-P'!C27 -> 25.45 | G4: 2 | H4: ='MLX-P'!C8 -> 0.54126588 | I4: ='MLX-P'!C20 -> 0.63737744 | J4: ='MLX-P'!C28 -> 0.73993243
A5: 3 | B5: ='MLX-P'!D7 -> 30.2875 | C5: ='MLX-P'!D19 -> 28.6375 | D5: ='MLX-P'!D27 -> 23.575 | G5: 3 | H5: ='MLX-P'!D8 -> 0.3911122 | I5: ='MLX-P'!D20 -> 0.72489223 | J5: ='MLX-P'!D28 -> 0.37666298
A6: 4 | B6: ='MLX-P'!E7 -> 29.6875 | C6: ='MLX-P'!E19 -> 27.5625 | D6: ='MLX-P'!E27 -> 22.2 | G6: 4 | H6: ='MLX-P'!E8 -> 0.62186715 | I6: ='MLX-P'!E20 -> 0.81729355 | J6: ='MLX-P'!E28 -> 0.46904158
A7: 5 | B7: ='MLX-P'!F7 -> 28.0875 | C7: ='MLX-P'!F19 -> 26.8 | D7: ='MLX-P'!F27 -> 21.825 | G7: 5 | H7: ='MLX-P'!F8 -> 2.37128 | I7: ='MLX-P'!F20 -> 1.0845506 | J7: ='MLX-P'!F28 -> 0.66473679

Sheet RS_T-10
A1: ='RS PRO T-10 '!A1 -> RS PRO T-10 reading taken all cases | B1: ='RS PRO T-10 '!B1 -> 1 Metre | C1: ='RS PRO T-10 '!C1 -> 2 Metres | D1: ='RS PRO T-10 '!D1 -> 3 Metres | E1: ='RS PRO T-10 '!E1 -> 4 Metres | F1: ='RS PRO T-10 '!F1 -> 5 Metres
A2: ='RS PRO T-10 '!A2 -> Temperature reading from light skin with glasses on at random time intervals under artificial home illumination, ambient temp at 26 degree celsius | B2: ='RS PRO T-10 '!B2 -> 30.3 | C2: ='RS PRO T-10 '!C2 -> 29.3 | D2: ='RS PRO T-10 '!D2 -> 28.8 | E2: ='RS PRO T-10 '!E2 -> 28.3 | F2: ='RS PRO T-10 '!F2 -> 28
A3: ='RS PRO T-10 '!A3 -> Temperature reading from light skin without glasses on at random time interval under artificial home illumination, ambient temp at 26 degree celsius | B3: ='RS PRO T-10 '!B3 -> 29.8 | C3: ='RS PRO T-10 '!C3 -> 28.2 | D3: ='RS PRO T-10 '!D3 -> 25.9 | E3: ='RS PRO T-10 '!E3 -> 25.2 | F3: ='RS PRO T-10 '!F3 -> 20.2
A4: ='RS PRO T-10 '!A12 -> Temperature reading from dark skin without glasses on at random time interval under artificial home illumination | B4: ='RS PRO T-10 '!B12 -> 30.1 | C4: ='RS PRO T-10 '!C12 -> 28.4 | D4: ='RS PRO T-10 '!D12 -> 28.7 | E4: ='RS PRO T-10 '!E12 -> 25.3 | F4: ='RS PRO T-10 '!F12 -> 25
A5: ='RS PRO T-10 '!A13 -> Temperature reading from dark skin with glasses on at random time interval under artificial home illumination | B5: ='RS PRO T-10 '!B13 -> 30.4 | C5: ='RS PRO T-10 '!C13 -> 29.9 | D5: ='RS PRO T-10 '!D13 -> 28.7 | E5: ='RS PRO T-10 '!E13 -> 27.7 | F5: ='RS PRO T-10 '!F13 -> 25.7
A7: Avarage | B7: =AVERAGE(B2:B5) -> 30.15 | C7: =AVERAGE(C2:C5) -> 28.95 | D7: =AVERAGE(D2:D5) -> 28.025 | E7: =AVERAGE(E2:E5) -> 26.625 | F7: =AVERAGE(F2:F5) -> 24.725
A8: SD | B8: =_xlfn.STDEV.P(B2:B5) -> 0.22912878 | C8: =_xlfn.STDEV.P(C2:C5) -> 0.68738635 | D8: =_xlfn.STDEV.P(D2:D5) -> 1.2275484 | E8: =_xlfn.STDEV.P(E2:E5) -> 1.3917166 | F8: =_xlfn.STDEV.P(F2:F5) -> 2.8384635
A12: ='RS PRO T-10 '!A4 -> Temperature reading from light skin under natural home illumination and low ambient temperature at 20 degree celsius | B12: ='RS PRO T-10 '!B4 -> 31.6 | C12: ='RS PRO T-10 '!C4 -> 30 | D12: ='RS PRO T-10 '!D4 -> 29 | E12: ='RS PRO T-10 '!E4 -> 28.2 | F12: ='RS PRO T-10 '!F4 -> 27.5
A13: ='RS PRO T-10 '!A5 -> Temperature reading from light skin under artificial home illumination and low ambient temperature at 20 degree celsius | B13: ='RS PRO T-10 '!B5 -> 30.1 | C13: ='RS PRO T-10 '!C5 -> 30 | D13: ='RS PRO T-10 '!D5 -> 28.8 | E13: ='RS PRO T-10 '!E5 -> 27.5 | F13: ='RS PRO T-10 '!F5 -> 27.4
A14: ='RS PRO T-10 '!A14 -> Temperature reading from Dark skin under natural home illumination and ambient temperature at 20 degrees celsius | B14: ='RS PRO T-10 '!B14 -> 30.9 | C14: ='RS PRO T-10 '!C14 -> 29.5 | D14: ='RS PRO T-10 '!D14 -> 28.8 | E14: ='RS PRO T-10 '!E14 -> 28.5 | F14: ='RS PRO T-10 '!F14 -> 28.5
A15: ='RS PRO T-10 '!A15 -> Temperature reading from Dark skin under artificial home illumination and ambient temperature at 20 degrees celcius | B15: ='RS PRO T-10 '!B15 -> 30.4 | C15: ='RS PRO T-10 '!C15 -> 29.6 | D15: ='RS PRO T-10 '!D15 -> 28 | E15: ='RS PRO T-10 '!E15 -> 26.2 | F15: ='RS PRO T-10 '!F15 -> 26.5
A17: Average | B17: =AVERAGE(B12:B15) -> 30.75 | C17: =AVERAGE(C12:C15) -> 29.775 | D17: =AVERAGE(D12:D15) -> 28.65 | E17: =AVERAGE(E12:E15) -> 27.6 | F17: =AVERAGE(F12:F15) -> 27.475
A18: SD | B18: =_xlfn.STDEV.P(B12:B15) -> 0.56789083 | C18: =_xlfn.STDEV.P(C12:C15) -> 0.22776084 | D18: =_xlfn.STDEV.P(D12:D15) -> 0.38405729 | E18: =_xlfn.STDEV.P(E12:E15) -> 0.88600226 | F18: =_xlfn.STDEV.P(F12:F15) -> 0.70843137
A21: ='RS PRO T-10 '!A6 -> Natural illumination, light skin ambient temp at 16 degrees celsius | B21: ='RS PRO T-10 '!B6 -> 29.7 | C21: ='RS PRO T-10 '!C6 -> 29 | D21: ='RS PRO T-10 '!D6 -> 24 | E21: ='RS PRO T-10 '!E6 -> 24 | F21: ='RS PRO T-10 '!F6 -> 24
A22: ='RS PRO T-10 '!A7 -> Artificial Illumination,Light skin , ambient temp at 16 degree celsius | B22: ='RS PRO T-10 '!B7 -> 30.4 | C22: ='RS PRO T-10 '!C7 -> 29.2 | D22: ='RS PRO T-10 '!D7 -> 27.5 | E22: ='RS PRO T-10 '!E7 -> 26.2 | F22: ='RS PRO T-10 '!F7 -> 24.2
A23: ='RS PRO T-10 '!A17 -> Natural Illumination, dark skin, without Glasses, ambient temp at 16 degrees celsius | B23: ='RS PRO T-10 '!B17 -> 30 | C23: ='RS PRO T-10 '!C17 -> 29.8 | D23: ='RS PRO T-10 '!D17 -> 28.9 | E23: ='RS PRO T-10 '!E17 -> 27.3 | F23: ='RS PRO T-10 '!F17 -> 26.2
A24: ='RS PRO T-10 '!A18 -> Artificial illumination Dark skin with glass , ambient temp at 16 degrees celsius | B24: ='RS PRO T-10 '!B18 -> 29.7 | C24: ='RS PRO T-10 '!C18 -> 28.7 | D24: ='RS PRO T-10 '!D18 -> 27.9 | E24: ='RS PRO T-10 '!E18 -> 26.3 | F24: ='RS PRO T-10 '!F18 -> 26.1
A26: Avarage | B26: =AVERAGE(B21:B24) -> 29.95 | C26: =AVERAGE(C21:C24) -> 29.175 | D26: =AVERAGE(D21:D24) -> 27.075 | E26: =AVERAGE(E21:E24) -> 25.95 | F26: =AVERAGE(F21:F24) -> 25.125
A27: SD | B27: =_xlfn.STDEV.P(B21:B24) -> 0.28722813 | C27: =_xlfn.STDEV.P(C21:C24) -> 0.40233692 | D27: =_xlfn.STDEV.P(D21:D24) -> 1.8471261 | E27: =_xlfn.STDEV.P(E21:E24) -> 1.2051971 | F27: =_xlfn.STDEV.P(F21:F24) -> 1.0280443

Sheet AV_SD_RS_T-10
A1: Average Values for RS PRO T-10 at different ambient temp | G1: S.D Values for RS PRO T-10 at different ambient temp
A2: =[1]Avarageateachdistance!A1 -> Distance | B2: RS PRO T-10 Readings at 26 degrees | C2: RS PRO T-10 Readings at 20 Degrees | D2: RS PRO T-10 Readings at 16 degrees | G2: Distance | H2: Readings at 26 degrees | I2: Readings at 20 Degrees | J2: Readings at 16 degrees
A3: 1 | B3: ='RS_T-10'!B7 -> 30.15 | C3: ='RS_T-10'!B17 -> 30.75 | D3: ='RS_T-10'!B26 -> 29.95 | G3: 1 | H3: ='RS_T-10'!B8 -> 0.22912878 | I3: ='RS_T-10'!B18 -> 0.56789083 | J3: ='RS_T-10'!B27 -> 0.28722813
A4: 2 | B4: ='RS_T-10'!C7 -> 28.95 | C4: ='RS_T-10'!C17 -> 29.775 | D4: ='RS_T-10'!C26 -> 29.175 | G4: 2 | H4: ='RS_T-10'!C8 -> 0.68738635 | I4: ='RS_T-10'!C18 -> 0.22776084 | J4: ='RS_T-10'!C27 -> 0.40233692
A5: 3 | B5: ='RS_T-10'!D7 -> 28.025 | C5: ='RS_T-10'!D17 -> 28.65 | D5: ='RS_T-10'!D26 -> 27.075 | G5: 3 | H5: ='RS_T-10'!D8 -> 1.2275484 | I5: ='RS_T-10'!D18 -> 0.38405729 | J5: ='RS_T-10'!D27 -> 1.8471261
A6: 4 | B6: ='RS_T-10'!E7 -> 26.625 | C6: ='RS_T-10'!E17 -> 27.6 | D6: ='RS_T-10'!E26 -> 25.95 | G6: 4 | H6: ='RS_T-10'!E8 -> 1.3917166 | I6: ='RS_T-10'!E18 -> 0.88600226 | J6: ='RS_T-10'!E27 -> 1.2051971
A7: 5 | B7: ='RS_T-10'!F7 -> 24.725 | C7: ='RS_T-10'!F17 -> 27.475 | D7: ='RS_T-10'!F26 -> 25.125 | G7: 5 | H7: ='RS_T-10'!F8 -> 2.8384635 | I7: ='RS_T-10'!F18 -> 0.70843137 | J7: ='RS_T-10'!F27 -> 1.0280443
J19: a

Sheet MLX-R
A1: ='RobotShop MLX90640'!A1 -> RobotShop MLX90640 reading taken all cases | B1: ='RobotShop MLX90640'!B1 -> 1 Metre | C1: ='RobotShop MLX90640'!C1 -> 2 Metres | D1: ='RobotShop MLX90640'!D1 -> 3 Metres | E1: ='RobotShop MLX90640'!E1 -> 4 Metres | F1: ='RobotShop MLX90640'!F1 -> 5 Metres
A2: ='RobotShop MLX90640'!A2 -> Temperature reading from light skin with glasses on at random time intervals under artificial home illumination, ambient temp at 26 degree celsius | B2: ='RobotShop MLX90640'!B2 -> 33.5 | C2: ='RobotShop MLX90640'!C2 -> 31.7 | D2: ='RobotShop MLX90640'!D2 -> 30 | E2: ='RobotShop MLX90640'!E2 -> 29 | F2: ='RobotShop MLX90640'!F2 -> 29
A3: ='RobotShop MLX90640'!A3 -> Temperature reading from light skin without glasses on at random time interval under artificial home illumination, ambient temp at 26 degree celsius | B3: ='RobotShop MLX90640'!B3 -> 32.5 | C3: ='RobotShop MLX90640'!C3 -> 30.5 | D3: ='RobotShop MLX90640'!D3 -> 30 | E3: ='RobotShop MLX90640'!E3 -> 29 | F3: ='RobotShop MLX90640'!F3 -> 24
A4: ='RobotShop MLX90640'!A12 -> Temperature reading from dark skin without glasses on at random time interval under artificial home illumination, ambient temp 26 degree celsius | B4: ='RobotShop MLX90640'!B12 -> 33.5 | C4: ='RobotShop MLX90640'!C12 -> 31.75 | D4: ='RobotShop MLX90640'!D12 -> 30.25 | E4: ='RobotShop MLX90640'!E12 -> 29.25 | F4: ='RobotShop MLX90640'!F12 -> 29.75
A5: ='RobotShop MLX90640'!A13 -> Temperature reading from dark skin with glasses on at random time intervals under artificial home illumination, ambient temp 26 Celsius | B5: ='RobotShop MLX90640'!B13 -> 33.25 | C5: ='RobotShop MLX90640'!C13 -> 31 | D5: ='RobotShop MLX90640'!D13 -> 30.25 | E5: ='RobotShop MLX90640'!E13 -> 29.75 | F5: ='RobotShop MLX90640'!F13 -> 29.75
A7: Average | B7: =AVERAGE(B2:B5) -> 33.1875 | C7: =AVERAGE(C2:C5) -> 31.2375 | D7: =AVERAGE(D2:D5) -> 30.125 | E7: =AVERAGE(E2:E5) -> 29.25 | F7: =AVERAGE(F2:F5) -> 28.125
A8: SD | B8: =_xlfn.STDEV.P(B2:B5) -> 0.40983991 | C8: =_xlfn.STDEV.P(C2:C5) -> 0.51886294 | D8: =_xlfn.STDEV.P(D2:D5) -> 0.125 | E8: =_xlfn.STDEV.P(E2:E5) -> 0.30618622 | F8: =_xlfn.STDEV.P(F2:F5) -> 2.4011716
A12: ='RobotShop MLX90640'!A4 -> Temperature reading from light skin under natural home illumination and low ambient temperature at 20 degree celsius | B12: ='RobotShop MLX90640'!B4 -> 32 | C12: ='RobotShop MLX90640'!C4 -> 29 | D12: ='RobotShop MLX90640'!D4 -> 27.25 | E12: ='RobotShop MLX90640'!E4 -> 26.5 | F12: ='RobotShop MLX90640'!F4 -> 25
A13: ='RobotShop MLX90640'!A5 -> Temperature reading from light skin under artificial home illumination and low ambient temperature at 20 degree celsius | B13: ='RobotShop MLX90640'!B5 -> 31.5 | C13: ='RobotShop MLX90640'!C5 -> 29.25 | D13: ='RobotShop MLX90640'!D5 -> 28.5 | E13: ='RobotShop MLX90640'!E5 -> 28 | F13: ='RobotShop MLX90640'!F5 -> 27.5
A14: ='RobotShop MLX90640'!A14 -> Temperature reading from Dark skin under natural home illumination and ambient temperature at 20 degrees celsius | B14: ='RobotShop MLX90640'!B14 -> 31.5 | C14: ='RobotShop MLX90640'!C14 -> 28.5 | D14: ='RobotShop MLX90640'!D14 -> 28.5 | E14: ='RobotShop MLX90640'!E14 -> 27 | F14: ='RobotShop MLX90640'!F14 -> 26.25
A15: ='RobotShop MLX90640'!A15 -> Temperature reading from Dark skin under artificial home illumination and ambient temperature at 20 degree celsius | B15: ='RobotShop MLX90640'!B15 -> 32.25 | C15: ='RobotShop MLX90640'!C15 -> 29.75 | D15: ='RobotShop MLX90640'!D15 -> 28.75 | E15: ='RobotShop MLX90640'!E15 -> 26.2 | F15: ='RobotShop MLX90640'!F15 -> 27
A17: Avarage | B17: =AVERAGE(B12:B15) -> 31.8125 | C17: =AVERAGE(C12:C15) -> 29.125 | D17: =AVERAGE(D12:D15) -> 28.25 | E17: =AVERAGE(E12:E15) -> 26.925 | F17: =AVERAGE(F12:F15) -> 26.4375
A18: SD | B18: =_xlfn.STDEV.P(B12:B15) -> 0.32475953 | C18: =_xlfn.STDEV.P(C12:C15) -> 0.45069391 | D18: =_xlfn.STDEV.P(D12:D15) -> 0.58630197 | E18: =_xlfn.STDEV.P(E12:E15) -> 0.68328252 | F18: =_xlfn.STDEV.P(F12:F15) -> 0.94165745
A21: ='RobotShop MLX90640'!A6 -> Natural illumination, light skin ambient temp at 16 degrees celsius | B21: ='RobotShop MLX90640'!B6 -> 30 | C21: ='RobotShop MLX90640'!C6 -> 24.9 | D21: ='RobotShop MLX90640'!D6 -> 23 | E21: ='RobotShop MLX90640'!E6 -> 21 | F21: ='RobotShop MLX90640'!F6 -> 21
A22: ='RobotShop MLX90640'!A7 -> Artificial Illumination,Light skin , ambient temp at 16 degree celsius | B22: ='RobotShop MLX90640'!B7 -> 29 | C22: ='RobotShop MLX90640'!C7 -> 25.6 | D22: ='RobotShop MLX90640'!D7 -> 24 | E22: ='RobotShop MLX90640'!E7 -> 22.5 | F22: ='RobotShop MLX90640'!F7 -> 22
A23: ='RobotShop MLX90640'!A17 -> Natural Illumination, dark skin, without Glasses, ambient temp at 16 degrees celsius | B23: ='RobotShop MLX90640'!B17 -> 31.5 | C23: ='RobotShop MLX90640'!C17 -> 27 | D23: ='RobotShop MLX90640'!D17 -> 24.3 | E23: ='RobotShop MLX90640'!E17 -> 22.5 | F23: ='RobotShop MLX90640'!F17 -> 22
A24: ='RobotShop MLX90640'!A18 -> Artificial illumination Dark skin with glass , ambient temp at 16 degrees celsius | B24: ='RobotShop MLX90640'!B18 -> 30 | C24: ='RobotShop MLX90640'!C18 -> 26.8 | D24: ='RobotShop MLX90640'!D18 -> 24.5 | E24: ='RobotShop MLX90640'!E18 -> 24.4 | F24: ='RobotShop MLX90640'!F18 -> 23
A26: Avarage | B26: =AVERAGE(B21:B24) -> 30.125 | C26: =AVERAGE(C21:C24) -> 26.075 | D26: =AVERAGE(D21:D24) -> 23.95 | E26: =AVERAGE(E21:E24) -> 22.6 | F26: =AVERAGE(F21:F24) -> 22
A27: SD | B27: =_xlfn.STDEV.P(B21:B24) -> 0.89267855 | C27: =_xlfn.STDEV.P(C21:C24) -> 0.8642193 | D27: =_xlfn.STDEV.P(D21:D24) -> 0.57662813 | E27: =_xlfn.STDEV.P(E21:E24) -> 1.2062338 | F27: =_xlfn.STDEV.P(F21:F24) -> 0.70710678

Sheet AV_SD_MLX-R
A1: Average Values for MLX-R-10 at different ambient temp | G1: S.D Values for MLX-R at different ambient temp
A2: =[1]Avarageateachdistance!A1 -> Distance | B2: MLX-R-10 Readings at 26 degrees | C2: MLX-R-10 Readings at 20 Degrees | D2: MLX-R-10 Readings at 16 degrees | G2: Distance | H2: Readings at 26 degrees | I2: Readings at 20 Degrees | J2: Readings at 16 degrees
A3: 1 | B3: ='MLX-R'!B7 -> 33.1875 | C3: ='MLX-R'!B17 -> 31.8125 | D3: ='MLX-R'!B26 -> 30.125 | G3: 1 | H3: ='MLX-R'!B8 -> 0.40983991 | I3: ='MLX-R'!B18 -> 0.32475953 | J3: ='MLX-R'!B27 -> 0.89267855
A4: 2 | B4: ='MLX-R'!C7 -> 31.2375 | C4: ='MLX-R'!C17 -> 29.125 | D4: ='MLX-R'!C26 -> 26.075 | G4: 2 | H4: ='MLX-R'!C8 -> 0.51886294 | I4: ='MLX-R'!C18 -> 0.45069391 | J4: ='MLX-R'!C27 -> 0.8642193
A5: 3 | B5: ='MLX-R'!D7 -> 30.125 | C5: ='MLX-R'!D17 -> 28.25 | D5: ='MLX-R'!D26 -> 23.95 | G5: 3 | H5: ='MLX-R'!D8 -> 0.125 | I5: ='MLX-R'!D18 -> 0.58630197 | J5: ='MLX-R'!D27 -> 0.57662813
A6: 4 | B6: ='MLX-R'!E7 -> 29.25 | C6: ='MLX-R'!E17 -> 26.925 | D6: ='MLX-R'!E26 -> 22.6 | G6: 4 | H6: ='MLX-R'!E8 -> 0.30618622 | I6: ='MLX-R'!E18 -> 0.68328252 | J6: ='MLX-R'!E27 -> 1.2062338
A7: 5 | B7: ='MLX-R'!F7 -> 28.125 | C7: ='MLX-R'!F17 -> 26.4375 | D7: ='MLX-R'!F26 -> 22 | G7: 5 | H7: ='MLX-R'!F8 -> 2.4011716 | I7: ='MLX-R'!F18 -> 0.94165745 | J7: ='MLX-R'!F27 -> 0.70710678

Sheet AV_MLX-P,R_T-10
