Workbook

Sheet Raw_Data
E1: Camera 1 – PIMORONI | J1: camera2 - ROBOT SHOP | O1: Camera 3 - RS PRO
A2: ID | B2: glasses | C2: body temp | D2: ambient temp | E2: 1M | F2: 2M | G2: 3M | H2: 4M | I2: 5M | J2: 1M | K2: 2M | L2: 3M | M2: 4M | N2: 5M | O2: 1M | P2: 2M | Q2: 3M | R2: 4M | S2: 5M
A3: 1 | B3: N | C3: 36.8 | D3: 16 | E3: 30.3 | F3: 25.5 | G3: 23 | H3: 22.06 | I3: 21.5 | J3: 30.5 | K3: 26 | L3: 23.5 | M3: 22.5 | N3: 21 | O3: 29.5 | P3: 27 | Q3: 26 | R3: 23 | S3: 21.7
A4: 2 | B4: Y | C4: 36.8 | D4: 16 | E4: 30 | F4: 29.5 | G4: 26 | H4: 24.5 | I4: 22.5 | J4: 30.5 | K4: 28.5 | L4: 25.5 | M4: 22.5 | N4: 23 | O4: 30 | P4: 28.7 | Q4: 25.7 | R4: 23.5 | S4: 22.5
A5: 3 | B5: N | C5: 36.8 | D5: 16 | E5: 30.3 | F5: 30 | G5: 25.5 | H5: 23.5 | I5: 22 | J5: 30.8 | K5: 29 | L5: 25.3 | M5: 23 | N5: 23 | O5: 30 | P5: 28.5 | Q5: 26.5 | R5: 24.5 | S5: 22.5
A6: 4 | B6: Y | C6: 36.6 | D6: 16 | E6: 30.5 | F6: 27.9 | G6: 25.2 | H6: 23 | I6: 21.7 | J6: 31.2 | K6: 28.5 | L6: 25.4 | M6: 24 | N6: 22 | O6: 32 | P6: 30 | Q6: 26 | R6: 24 | S6: 22.5
A7: 5 | B7: N | C7: 36.6 | D7: 16 | E7: 31 | F7: 29.1 | G7: 25.5 | H7: 23.5 | I7: 22 | J7: 32 | K7: 29.7 | L7: 25.7 | M7: 24 | N7: 23 | O7: 31.5 | P7: 31 | Q7: 26.5 | R7: 24.5 | S7: 23
A8: 6 | B8: Y | C8: 35.4 | D8: 16 | E8: 30 | F8: 25.5 | G8: 23 | H8: 22.5 | I8: 21.5 | J8: 30.1 | K8: 26 | L8: 24.1 | M8: 23 | N8: 22 | O8: 30 | P8: 27 | Q8: 25 | R8: 23 | S8: 22
A9: 7 | B9: N | C9: 35.4 | D9: 16 | E9: 30.5 | F9: 26 | G9: 23.5 | H9: 22.7 | I9: 21 | J9: 30 | K9: 27 | L9: 24.5 | M9: 23.7 | N9: 21 | O9: 30.5 | P9: 28 | Q9: 25.5 | R9: 23 | S9: 21.5
A10: 8 | B10: N | C10: 36.7 | D10: 16 | E10: 30 | F10: 26 | G10: 24.3 | H10: 22.9 | I10: 21.5 | J10: 30.2 | K10: 26.5 | L10: 24.7 | M10: 23.5 | N10: 22 | O10: 30 | P10: 26.7 | Q10: 25.8 | R10: 25 | S10: 23
A11: 9 | B11: N | C11: 36.1 | D11: 16 | E11: 30 | F11: 26.7 | G11: 24.5 | H11: 23.8 | I11: 22.1 | J11: 30.5 | K11: 27 | L11: 26 | M11: 24 | N11: 23 | O11: 30.1 | P11: 28 | Q11: 26 | R11: 24 | S11: 24
A12: 10 | B12: Y | C12: 36.6 | D12: 16 | E12: 29.5 | F12: 26.05 | G12: 23.6 | H12: 22.5 | I12: 21.8 | J12: 30.2 | K12: 26.5 | L12: 24 | M12: 23 | N12: 22 | O12: 30.1 | P12: 27.5 | Q12: 25.8 | R12: 24.4 | S12: 23 | U12: =AVERAGEIF(B3:B15,"=Y",E3:E15) -> 29.78
A13: 11 | B13: N | C13: 36.6 | D13: 16 | E13: 30 | F13: 26.32 | G13: 23.9 | H13: 22.7 | I13: 21.9 | J13: 30.5 | K13: 26.58 | L13: 24.5 | M13: 23.3 | N13: 23 | O13: 29.1 | P13: 28.2 | Q13: 25.6 | R13: 24.6 | S13: 23.5 | U13: =AVERAGEIF(B4:B16,"=N",E4:E16) -> 30.185714
A14: 12 | B14: Y | C14: 36.4 | D14: 16 | E14: 28.9 | F14: 23.7 | G14: 23.9 | H14: 23 | I14: 22.2 | J14: 29 | K14: 26 | L14: 24 | M14: 23 | N14: 22.8 | O14: 29 | P14: 26 | Q14: 23.4 | R14: 21.9 | S14: 20.5
A15: 13 | B15: N | C15: 36.4 | D15: 16 | E15: 29.5 | F15: 24.5 | G15: 24.4 | H15: 23.5 | I15: 22.7 | J15: 30.5 | K15: 26.5 | L15: 25.4 | M15: 23.7 | N15: 23 | O15: 29.5 | P15: 26.5 | Q15: 25.5 | R15: 23.2 | S15: 20.5
A16: 14 | B16: Y | C16: 36.7 | D16: 18 | E16: 29.3 | F16: 25.8 | G16: 24.5 | H16: 23.4 | I16: 22.2 | J16: 30.5 | K16: 26 | L16: 25 | M16: 24 | N16: 22.6 | O16: 29.1 | P16: 27.5 | Q16: 25.8 | R16: 24 | S16: 22.2
A17: 15 | B17: N | C17: 36.7 | D17: 18 | E17: 30.2 | F17: 26.5 | G17: 24.8 | H17: 23.6 | I17: 22.8 | J17: 30.8 | K17: 26.2 | L17: 25.5 | M17: 24.3 | N17: 23 | O17: 29.3 | P17: 28.1 | Q17: 26.5 | R17: 25.2 | S17: 23.7
A18: 16 | B18: Y | C18: 35.2 | D18: 18 | E18: 31.2 | F18: 27.5 | G18: 26.2 | H18: 24 | I18: 20.6 | J18: 31 | K18: 28 | L18: 26.6 | M18: 24.2 | N18: 21 | O18: 30 | P18: 28.2 | Q18: 27 | R18: 24 | S18: 20.5
A19: 17 | B19: N | C19: 35.2 | D19: 18 | E19: 31.6 | F19: 28 | G19: 26.5 | H19: 24.5 | I19: 20.5 | J19: 31.2 | K19: 28.2 | L19: 26.8 | M19: 24.8 | N19: 21 | O19: 31.5 | P19: 28.5 | Q19: 28 | R19: 25 | S19: 20.8
A20: 18 | B20: Y | C20: 36.8 | D20: 18 | E20: 30.5 | F20: 26.7 | G20: 24 | H20: 21 | I20: 20.5 | J20: 31.4 | K20: 27 | L20: 24.2 | M20: 21.5 | N20: 20 | O20: 30.5 | P20: 27.8 | Q20: 24 | R20: 22 | S20: 21
A21: 19 | B21: N | C21: 36.8 | D21: 18 | E21: 30.8 | F21: 27.3 | G21: 24.5 | H21: 21.2 | I21: 21 | J21: 31.8 | K21: 28.1 | L21: 24.8 | M21: 21.5 | N21: 21.3 | O21: 30.5 | P21: 28.5 | Q21: 24.5 | R21: 22.5 | S21: 22
A22: 20 | B22: N | C22: 36.2 | D22: 18 | E22: 31.1 | F22: 27.5 | G22: 25.1 | H22: 24.2 | I22: 23.6 | J22: 31.5 | K22: 28.5 | L22: 25.8 | M22: 24.5 | N22: 24 | O22: 30 | P22: 28.5 | Q22: 26 | R22: 24.7 | S22: 23
A23: 21 | B23: N | C23: 36.6 | D23: 18 | E23: 29.9 | F23: 26.5 | G23: 24.5 | H23: 23.5 | I23: 22.4 | J23: 30.2 | K23: 27 | L23: 24.8 | M23: 24 | N23: 22 | O23: 30 | P23: 27.4 | Q23: 25 | R23: 24.3 | S23: 22
A24: 22 | B24: Y | C24: 36.8 | D24: 18 | E24: 29.8 | F24: 25.3 | G24: 24.4 | H24: 23.8 | I24: 23 | J24: 30.8 | K24: 26.3 | L24: 25.1 | M24: 24.5 | N24: 23.8 | O24: 29.2 | P24: 25.5 | Q24: 26.6 | R24: 23.3 | S24: 21.5
A25: 23 | B25: N | C25: 36.8 | D25: 18 | E25: 30.7 | F25: 25.4 | G25: 24.9 | H25: 23.8 | I25: 23.2 | J25: 31.7 | K25: 27 | L25: 25.9 | M25: 24.4 | N25: 24 | O25: 29.3 | P25: 25.5 | Q25: 26.5 | R25: 22 | S25: 23.3
... A70: 68 | B70: N | C70: 36.6 | D70: 25 | E70: 32.8 | F70: 30.1 | G70: 28.5 | H70: 28.4 | I70: 27.7 | J70: 33.2 | K70: 30.6 | L70: 29.3 | M70: 28.7 | N70: 28.8 | O70: 28.9 | P70: 29.1 | Q70: 26.6 | R70: 24.2 | S70: 24.6

Sheet MLX_P
D1: PIMORONI CAMERA (MLX_P)
A2: =Raw_Data!B2 -> glasses | B2: BODY TEMP | C2: AB TEMP | D2: =Raw_Data!E2 -> 1M | E2: =Raw_Data!F2 -> 2M | F2: =Raw_Data!G2 -> 3M | G2: =Raw_Data!H2 -> 4M | H2: =Raw_Data!I2 -> 5M
A3: =Raw_Data!B3 -> N | B3: =Raw_Data!C3 -> 36.8 | C3: 16 | D3: =Raw_Data!E3 -> 30.3 | E3: =Raw_Data!F3 -> 25.5 | F3: =Raw_Data!G3 -> 23 | G3: =Raw_Data!H3 -> 22.06 | H3: =Raw_Data!I3 -> 21.5
A4: =Raw_Data!B4 -> Y | B4: =Raw_Data!C4 -> 36.8 | C4: 16 | D4: =Raw_Data!E4 -> 30 | E4: =Raw_Data!F4 -> 29.5 | F4: =Raw_Data!G4 -> 26 | G4: =Raw_Data!H4 -> 24.5 | H4: =Raw_Data!I4 -> 22.5
A5: =Raw_Data!B5 -> N | B5: =Raw_Data!C5 -> 36.8 | C5: 16 | D5: =Raw_Data!E5 -> 30.3 | E5: =Raw_Data!F5 -> 30 | F5: =Raw_Data!G5 -> 25.5 | G5: =Raw_Data!H5 -> 23.5 | H5: =Raw_Data!I5 -> 22
A6: =Raw_Data!B6 -> Y | B6: =Raw_Data!C6 -> 36.6 | C6: 16 | D6: =Raw_Data!E6 -> 30.5 | E6: =Raw_Data!F6 -> 27.9 | F6: =Raw_Data!G6 -> 25.2 | G6: =Raw_Data!H6 -> 23 | H6: =Raw_Data!I6 -> 21.7
A7: =Raw_Data!B7 -> N | B7: =Raw_Data!C7 -> 36.6 | C7: 16 | D7: =Raw_Data!E7 -> 31 | E7: =Raw_Data!F7 -> 29.1 | F7: =Raw_Data!G7 -> 25.5 | G7: =Raw_Data!H7 -> 23.5 | H7: =Raw_Data!I7 -> 22
A8: =Raw_Data!B8 -> Y | B8: =Raw_Data!C8 -> 35.4 | C8: 16 | D8: =Raw_Data!E8 -> 30 | E8: =Raw_Data!F8 -> 25.5 | F8: =Raw_Data!G8 -> 23 | G8: =Raw_Data!H8 -> 22.5 | H8: =Raw_Data!I8 -> 21.5
A9: =Raw_Data!B9 -> N | B9: =Raw_Data!C9 -> 35.4 | C9: 16 | D9: =Raw_Data!E9 -> 30.5 | E9: =Raw_Data!F9 -> 26 | F9: =Raw_Data!G9 -> 23.5 | G9: =Raw_Data!H9 -> 22.7 | H9: =Raw_Data!I9 -> 21
A10: =Raw_Data!B10 -> N | B10: =Raw_Data!C10 -> 36.7 | C10: 16 | D10: =Raw_Data!E10 -> 30 | E10: =Raw_Data!F10 -> 26 | F10: =Raw_Data!G10 -> 24.3 | G10: =Raw_Data!H10 -> 22.9 | H10: =Raw_Data!I10 -> 21.5
A11: =Raw_Data!B11 -> N | B11: =Raw_Data!C11 -> 36.1 | C11: 16 | D11: =Raw_Data!E11 -> 30 | E11: =Raw_Data!F11 -> 26.7 | F11: =Raw_Data!G11 -> 24.5 | G11: =Raw_Data!H11 -> 23.8 | H11: =Raw_Data!I11 -> 22.1
A12: =Raw_Data!B12 -> Y | B12: =Raw_Data!C12 -> 36.6 | C12: 16 | D12: =Raw_Data!E12 -> 29.5 | E12: =Raw_Data!F12 -> 26.05 | F12: =Raw_Data!G12 -> 23.6 | G12: =Raw_Data!H12 -> 22.5 | H12: =Raw_Data!I12 -> 21.8
A13: =Raw_Data!B13 -> N | B13: =Raw_Data!C13 -> 36.6 | C13: 16 | D13: =Raw_Data!E13 -> 30 | E13: =Raw_Data!F13 -> 26.32 | F13: =Raw_Data!G13 -> 23.9 | G13: =Raw_Data!H13 -> 22.7 | H13: =Raw_Data!I13 -> 21.9
A14: =Raw_Data!B14 -> Y | B14: =Raw_Data!C14 -> 36.4 | C14: 16 | D14: =Raw_Data!E14 -> 28.9 | E14: =Raw_Data!F14 -> 23.7 | F14: =Raw_Data!G14 -> 23.9 | G14: =Raw_Data!H14 -> 23 | H14: =Raw_Data!I14 -> 22.2
A15: =Raw_Data!B15 -> N | B15: =Raw_Data!C15 -> 36.4 | C15: 16 | D15: =Raw_Data!E15 -> 29.5 | E15: =Raw_Data!F15 -> 24.5 | F15: =Raw_Data!G15 -> 24.4 | G15: =Raw_Data!H15 -> 23.5 | H15: =Raw_Data!I15 -> 22.7
C16: AVERAGE_IF_EYEGLASSES_Y | D16: =AVERAGEIF(A3:A15,"=Y",D3:D15) -> 29.78 | E16: =AVERAGEIF(A3:A15,"=Y",E3:E15) -> 26.53 | F16: =AVERAGEIF(A3:A15,"=Y",F3:F15) -> 24.34 | G16: =AVERAGEIF(A3:A15,"=Y",G3:G15) -> 23.1 | H16: =AVERAGEIF(A3:A15,"=Y",H3:H15) -> 21.94
C17: SD | D17: =_xlfn.STDEV.S(D4,D6,D8,D12,D14) -> 0.60580525 | E17: =_xlfn.STDEV.S(E4,E6,E8,E12,E14) -> 2.2359562 | F17: =_xlfn.STDEV.S(F4,F6,F8,F12,F14) -> 1.2280065 | G17: =_xlfn.STDEV.S(G4,G6,G8,G12,G14) -> 0.82158384 | H17: =_xlfn.STDEV.S(H4,H6,H8,H12,H14) -> 0.40373258
C18: AVERAGE_IF_EYEGLASSES_N | D18: =AVERAGEIF(A3:A15,"=N",D3:D15) -> 30.2 | E18: =AVERAGEIF(A3:A15,"=N",E3:E15) -> 26.765 | F18: =AVERAGEIF(A3:A15,"=N",F3:F15) -> 24.325 | G18: =AVERAGEIF(A3:A15,"=N",G3:G15) -> 23.0825 | H18: =AVERAGEIF(A3:A15,"=N",H3:H15) -> 21.8375
C19: SD | D19: =_xlfn.STDEV.S(D3,D5,D7,D9,D10,D11,D13,D15) -> 0.44077853 | E19: =_xlfn.STDEV.S(E3,E5,E7,E9,E10,E11,E13,E15) -> 1.8524347 | F19: =_xlfn.STDEV.S(F3,F5,F7,F9,F10,F11,F13,F15) -> 0.87952909 | G19: =_xlfn.STDEV.S(G3,G5,G7,G9,G10,G11,G13,G15) -> 0.58665517 | H19: =_xlfn.STDEV.S(H3,H5,H7,H9,H10,H11,H13,H15) -> 0.50691645
A21: =$A$2 -> glasses | B21: =B2 -> BODY TEMP | C21: =C2 -> AB TEMP | D21: =D2 -> 1M | E21: =E2 -> 2M | F21: =F2 -> 3M | G21: =G2 -> 4M | H21: =H2 -> 5M
A22: =Raw_Data!B16 -> Y | B22: =Raw_Data!C16 -> 36.7 | C22: =Raw_Data!D16 -> 18 | D22: =Raw_Data!E16 -> 29.3 | E22: =Raw_Data!F16 -> 25.8 | F22: =Raw_Data!G16 -> 24.5 | G22: =Raw_Data!H16 -> 23.4 | H22: =Raw_Data!I16 -> 22.2
A23: =Raw_Data!B17 -> N | B23: =Raw_Data!C17 -> 36.7 | C23: =Raw_Data!D17 -> 18 | D23: =Raw_Data!E17 -> 30.2 | E23: =Raw_Data!F17 -> 26.5 | F23: =Raw_Data!G17 -> 24.8 | G23: =Raw_Data!H17 -> 23.6 | H23: =Raw_Data!I17 -> 22.8
A24: =Raw_Data!B18 -> Y | B24: =Raw_Data!C18 -> 35.2 | C24: =Raw_Data!D18 -> 18 | D24: =Raw_Data!E18 -> 31.2 | E24: =Raw_Data!F18 -> 27.5 | F24: =Raw_Data!G18 -> 26.2 | G24: =Raw_Data!H18 -> 24 | H24: =Raw_Data!I18 -> 20.6
A25: =Raw_Data!B19 -> N | B25: =Raw_Data!C19 -> 35.2 | C25: =Raw_Data!D19 -> 18 | D25: =Raw_Data!E19 -> 31.6 | E25: =Raw_Data!F19 -> 28 | F25: =Raw_Data!G19 -> 26.5 | G25: =Raw_Data!H19 -> 24.5 | H25: =Raw_Data!I19 -> 20.5
A26: =Raw_Data!B20 -> Y | B26: =Raw_Data!C20 -> 36.8 | C26: =Raw_Data!D20 -> 18 | D26: =Raw_Data!E20 -> 30.5 | E26: =Raw_Data!F20 -> 26.7 | F26: =Raw_Data!G20 -> 24 | G26: =Raw_Data!H20 -> 21 | H26: =Raw_Data!I20 -> 20.5
A27: =Raw_Data!B21 -> N | B27: =Raw_Data!C21 -> 36.8 | C27: =Raw_Data!D21 -> 18 | D27: =Raw_Data!E21 -> 30.8 | E27: =Raw_Data!F21 -> 27.3 | F27: =Raw_Data!G21 -> 24.5 | G27: =Raw_Data!H21 -> 21.2 | H27: =Raw_Data!I21 -> 21
A28: =Raw_Data!B22 -> N | B28: =Raw_Data!C22 -> 36.2 | C28: =Raw_Data!D22 -> 18 | D28: =Raw_Data!E22 -> 31.1 | E28: =Raw_Data!F22 -> 27.5 | F28: =Raw_Data!G22 -> 25.1 | G28: =Raw_Data!H22 -> 24.2 | H28: =Raw_Data!I22 -> 23.6
A29: =Raw_Data!B23 -> N | B29: =Raw_Data!C23 -> 36.6 | C29: =Raw_Data!D23 -> 18 | D29: =Raw_Data!E23 -> 29.9 | E29: =Raw_Data!F23 -> 26.5 | F29: =Raw_Data!G23 -> 24.5 | G29: =Raw_Data!H23 -> 23.5 | H29: =Raw_Data!I23 -> 22.4
A30: =Raw_Data!B24 -> Y | B30: =Raw_Data!C24 -> 36.8 | C30: =Raw_Data!D24 -> 18 | D30: =Raw_Data!E24 -> 29.8 | E30: =Raw_Data!F24 -> 25.3 | F30: =Raw_Data!G24 -> 24.4 | G30: =Raw_Data!H24 -> 23.8 | H30: =Raw_Data!I24 -> 23
A31: =Raw_Data!B25 -> N | B31: =Raw_Data!C25 -> 36.8 | C31: =Raw_Data!D25 -> 18 | D31: =Raw_Data!E25 -> 30.7 | E31: =Raw_Data!F25 -> 25.4 | F31: =Raw_Data!G25 -> 24.9 | G31: =Raw_Data!H25 -> 23.8 | H31: =Raw_Data!I25 -> 23.2
A32: =Raw_Data!B26 -> N | B32: =Raw_Data!C26 -> 36.8 | C32: =Raw_Data!D26 -> 18 | D32: =Raw_Data!E26 -> 29.9 | E32: =Raw_Data!F26 -> 26.3 | F32: =Raw_Data!G26 -> 24.2 | G32: =Raw_Data!H26 -> 23.1 | H32: =Raw_Data!I26 -> 22.4
C33: AVERAGE_IF_EYEGLASSES_Y | D33: =AVERAGEIF(A22:A32,"=Y",D22:D32) -> 30.2 | E33: =AVERAGEIF(A22:A32,"=Y",E22:E32) -> 26.325 | F33: =AVERAGEIF(A22:A32,"=Y",F22:F32) -> 24.775 | G33: =AVERAGEIF(A22:A32,"=Y",G22:G32) -> 23.05 | H33: =AVERAGEIF(A22:A32,"=Y",H22:H32) -> 21.575
C34: SD | D34: =_xlfn.STDEV.S(D22,D24,D26,D30) -> 0.82865353 | E34: =_xlfn.STDEV.S(E22,E24,E26,E30) -> 0.97425185 | F34: =_xlfn.STDEV.S(F22,F24,F26,F30) -> 0.97425185 | G34: =_xlfn.STDEV.S(G22,G24,G26,G30) -> 1.3892444 | H34: =_xlfn.STDEV.S(H22,H24,H26,H30) -> 1.2284814
C35: AVERAGE_IF_EYEGLASSES_N | D35: =AVERAGEIF(A22:A32,"=N",D22:D32) -> 30.6 | E35: =AVERAGEIF(A22:A32,"=N",E22:E32) -> 26.785714 | F35: =AVERAGEIF(A22:A32,"=N",F22:F32) -> 24.928571 | G35: =AVERAGEIF(A22:A32,"=N",G22:G32) -> 23.414286 | H35: =AVERAGEIF(A22:A32,"=N",H22:H32) -> 22.271429
C36: SD | D36: =_xlfn.STDEV.S(D23,D25,D27,D28,D29,D31,D32) -> 0.63770422 | E36: =_xlfn.STDEV.S(E23,E25,E27,E28,E29,E31,E32) -> 0.87259875 | F36: =_xlfn.STDEV.S(F23,F25,F27,F28,F29,F31,F32) -> 0.75435245 | G36: =_xlfn.STDEV.S(G23,G25,G27,G28,G29,G31,G32) -> 1.0792414 | H36: =_xlfn.STDEV.S(H23,H25,H27,H28,H29,H31,H32) -> 1.1324226
B38: =B21 -> BODY TEMP | C38: =C21 -> AB TEMP | D38: =D21 -> 1M | E38: =E21 -> 2M | F38: =F21 -> 3M | G38: =G21 -> 4M | H38: =H21 -> 5M
A39: =Raw_Data!B27 -> N | B39: =Raw_Data!C27 -> 36.6 | C39: =Raw_Data!D27 -> 20 | D39: =Raw_Data!E27 -> 30.5 | E39: =Raw_Data!F27 -> 27.6 | F39: =Raw_Data!G27 -> 25.8 | G39: =Raw_Data!H27 -> 24.5 | H39: =Raw_Data!I27 -> 23.5
A40: =Raw_Data!B28 -> N | B40: =Raw_Data!C28 -> 36.4 | C40: =Raw_Data!D28 -> 20 | D40: =Raw_Data!E28 -> 30.6 | E40: =Raw_Data!F28 -> 26.4 | F40: =Raw_Data!G28 -> 25.5 | G40: =Raw_Data!H28 -> 24.6 | H40: =Raw_Data!I28 -> 23
A41: =Raw_Data!B29 -> Y | B41: =Raw_Data!C29 -> 36.9 | C41: =Raw_Data!D29 -> 20 | D41: =Raw_Data!E29 -> 30.2 | E41: =Raw_Data!F29 -> 28 | F41: =Raw_Data!G29 -> 25.8 | G41: =Raw_Data!H29 -> 24.5 | H41: =Raw_Data!I29 -> 22.5
A42: =Raw_Data!B30 -> N | B42: =Raw_Data!C30 -> 36.9 | C42: =Raw_Data!D30 -> 20 | D42: =Raw_Data!E30 -> 30.8 | E42: =Raw_Data!F30 -> 28.5 | F42: =Raw_Data!G30 -> 26 | G42: =Raw_Data!H30 -> 25 | H42: =Raw_Data!I30 -> 22.8
A43: =Raw_Data!B31 -> Y | B43: =Raw_Data!C31 -> 36.4 | C43: =Raw_Data!D31 -> 20 | D43: =Raw_Data!E31 -> 30.5 | E43: =Raw_Data!F31 -> 28 | F43: =Raw_Data!G31 -> 26.5 | G43: =Raw_Data!H31 -> 24.8 | H43: =Raw_Data!I31 -> 22
A44: =Raw_Data!B32 -> N | B44: =Raw_Data!C32 -> 36.4 | C44: =Raw_Data!D32 -> 20 | D44: =Raw_Data!E32 -> 31 | E44: =Raw_Data!F32 -> 28.4 | F44: =Raw_Data!G32 -> 26.8 | G44: =Raw_Data!H32 -> 25 | H44: =Raw_Data!I32 -> 22.5
A45: =Raw_Data!B33 -> Y | B45: =Raw_Data!C33 -> 36.8 | C45: =Raw_Data!D33 -> 20 | D45: =Raw_Data!E33 -> 31.5 | E45: =Raw_Data!F33 -> 29 | F45: =Raw_Data!G33 -> 27.2 | G45: =Raw_Data!H33 -> 25.8 | H45: =Raw_Data!I33 -> 23
A46: =Raw_Data!B34 -> N | B46: =Raw_Data!C34 -> 36.8 | C46: =Raw_Data!D34 -> 20 | D46: =Raw_Data!E34 -> 31.7 | E46: =Raw_Data!F34 -> 29.2 | F46: =Raw_Data!G34 -> 27.5 | G46: =Raw_Data!H34 -> 26 | H46: =Raw_Data!I34 -> 23.3
C47: AVERAGE_IF_EYEGLASSES_Y | D47: =AVERAGEIF(A39:A46,"=Y",D39:D46) -> 30.733333 | E47: =AVERAGEIF(A39:A46,"=Y",E39:E46) -> 28.333333 | F47: =AVERAGEIF(A39:A46,"=Y",F39:F46) -> 26.5 | G47: =AVERAGEIF(A39:A46,"=Y",G39:G46) -> 25.033333 | H47: =AVERAGEIF(A39:A46,"=Y",H39:H46) -> 22.5
C48: SD | D48: =_xlfn.STDEV.S(D41,D43,D45) -> 0.68068593 | E48: =_xlfn.STDEV.S(E41,E43,E45) -> 0.57735027 | F48: =_xlfn.STDEV.S(F41,F43,F45) -> 0.7 | G48: =_xlfn.STDEV.S(G41,G43,G45) -> 0.68068593 | H48: =_xlfn.STDEV.S(H41,H43,H45) -> 0.5
C49: AVERAGE_IF_EYEGLASSES_N | D49: =AVERAGEIF(A39:A46,"=N",D39:D46) -> 30.92 | E49: =AVERAGEIF(A39:A46,"=N",E39:E46) -> 28.02 | F49: =AVERAGEIF(A39:A46,"=N",F39:F46) -> 26.32 | G49: =AVERAGEIF(A39:A46,"=N",G39:G46) -> 25.02 | H49: =AVERAGEIF(A39:A46,"=N",H39:H46) -> 23.02
C50: SD | D50: =_xlfn.STDEV.S(D39,D40,D42,D44,D46) -> 0.47644517 | E50: =_xlfn.STDEV.S(E39,E40,E42,E44,E46) -> 1.068644 | F50: =_xlfn.STDEV.S(F39,F40,F42,F44,F46) -> 0.81670068 | G50: =_xlfn.STDEV.S(G39,G40,G42,G44,G46) -> 0.59329588 | H50: =_xlfn.STDEV.S(H39,H40,H42,H44,H46) -> 0.39623226
B52: =B21 -> BODY TEMP | C52: =C21 -> AB TEMP | D52: =D21 -> 1M | E52: =E21 -> 2M | F52: =F21 -> 3M | G52: =G21 -> 4M | H52: =H21 -> 5M
A53: =Raw_Data!B35 -> Y | B53: =Raw_Data!C35 -> 36.7 | C53: =Raw_Data!D35 -> 22 | D53: =Raw_Data!E35 -> 30.1 | E53: =Raw_Data!F35 -> 27 | F53: =Raw_Data!G35 -> 26.4 | G53: =Raw_Data!H35 -> 25.1 | H53: =Raw_Data!I35 -> 23.5
A54: =Raw_Data!B36 -> N | B54: =Raw_Data!C36 -> 36.7 | C54: =Raw_Data!D36 -> 22 | D54: =Raw_Data!E36 -> 30.9 | E54: =Raw_Data!F36 -> 27.2 | F54: =Raw_Data!G36 -> 26.8 | G54: =Raw_Data!H36 -> 25.5 | H54: =Raw_Data!I36 -> 24
A55: =Raw_Data!B37 -> N | B55: =Raw_Data!C37 -> 36.8 | C55: =Raw_Data!D37 -> 22 | D55: =Raw_Data!E37 -> 31.7 | E55: =Raw_Data!F37 -> 28.7 | F55: =Raw_Data!G37 -> 26.5 | G55: =Raw_Data!H37 -> 25.6 | H55: =Raw_Data!I37 -> 24
A56: =Raw_Data!B38 -> N | B56: =Raw_Data!C38 -> 36.6 | C56: =Raw_Data!D38 -> 22 | D56: =Raw_Data!E38 -> 30.5 | E56: =Raw_Data!F38 -> 26.7 | F56: =Raw_Data!G38 -> 26 | G56: =Raw_Data!H38 -> 25.5 | H56: =Raw_Data!I38 -> 24
A57: =Raw_Data!B39 -> N | B57: =Raw_Data!C39 -> 36.9 | C57: =Raw_Data!D39 -> 22 | D57: =Raw_Data!E39 -> 31.4 | E57: =Raw_Data!F39 -> 28.2 | F57: =Raw_Data!G39 -> 26.5 | G57: =Raw_Data!H39 -> 26 | H57: =Raw_Data!I39 -> 23.3
A58: =Raw_Data!B40 -> N | B58: =Raw_Data!C40 -> 36.7 | C58: =Raw_Data!D40 -> 22 | D58: =Raw_Data!E40 -> 30.7 | E58: =Raw_Data!F40 -> 28.1 | F58: =Raw_Data!G40 -> 27 | G58: =Raw_Data!H40 -> 26.2 | H58: =Raw_Data!I40 -> 24
A59: =Raw_Data!B41 -> Y | B59: =Raw_Data!C41 -> 36.8 | C59: =Raw_Data!D41 -> 22 | D59: =Raw_Data!E41 -> 30.08 | E59: =Raw_Data!F41 -> 28.5 | F59: =Raw_Data!G41 -> 27.2 | G59: =Raw_Data!H41 -> 26.6 | H59: =Raw_Data!I41 -> 24.2
A60: =Raw_Data!B42 -> N | B60: =Raw_Data!C42 -> 36.8 | C60: =Raw_Data!D42 -> 22 | D60: =Raw_Data!E42 -> 30.99 | E60: =Raw_Data!F42 -> 29 | F60: =Raw_Data!G42 -> 27.4 | G60: =Raw_Data!H42 -> 26.8 | H60: =Raw_Data!I42 -> 24.6
A61: =Raw_Data!B43 -> Y | B61: =Raw_Data!C43 -> 36.9 | C61: =Raw_Data!D43 -> 22 | D61: =Raw_Data!E43 -> 31.2 | E61: =Raw_Data!F43 -> 29.2 | F61: =Raw_Data!G43 -> 28.5 | G61: =Raw_Data!H43 -> 27.2 | H61: =Raw_Data!I43 -> 25.6
A62: =Raw_Data!B44 -> N | B62: =Raw_Data!C44 -> 36.9 | C62: =Raw_Data!D44 -> 22 | D62: =Raw_Data!E44 -> 31.5 | E62: =Raw_Data!F44 -> 29.4 | F62: =Raw_Data!G44 -> 28.8 | G62: =Raw_Data!H44 -> 27.5 | H62: =Raw_Data!I44 -> 26
C63: AVERAGE_IF_EYEGLASSES_Y | D63: =AVERAGEIF(A53:A62,"=Y",D53:D62) -> 30.46 | E63: =AVERAGEIF(A53:A62,"=Y",E53:E62) -> 28.233333 | F63: =AVERAGEIF(A53:A62,"=Y",F53:F62) -> 27.366667 | G63: =AVERAGEIF(A53:A62,"=Y",G53:G62) -> 26.3 | H63: =AVERAGEIF(A53:A62,"=Y",H53:H62) -> 24.433333
C64: SD | D64: =_xlfn.STDEV.S(D53,D59,D61) -> 0.64093681 | E64: =_xlfn.STDEV.S(E53,E59,E61) -> 1.123981 | F64: =_xlfn.STDEV.S(F53,F59,F61) -> 1.0598742 | G64: =_xlfn.STDEV.S(G53,G59,G61) -> 1.0816654 | H64: =_xlfn.STDEV.S(H53,H59,H61) -> 1.0692677
C65: AVERAGE_IF_EYEGLASSES_N | D65: =AVERAGEIF(A53:A62,"=N",D53:D62) -> 31.098571 | E65: =AVERAGEIF(A53:A62,"=N",E53:E62) -> 28.185714 | F65: =AVERAGEIF(A53:A62,"=N",F53:F62) -> 27 | G65: =AVERAGEIF(A53:A62,"=N",G53:G62) -> 26.157143 | H65: =AVERAGEIF(A53:A62,"=N",H53:H62) -> 24.271429
C66: SD | D66: =_xlfn.STDEV.S(D54,D55,D56,D57,D58,D60) -> 0.44588863 | E66: =_xlfn.STDEV.S(E54,E55,E56,E57,E58,E60) -> 0.87958323 | F66: =_xlfn.STDEV.S(F54,F55,F56,F57,F58,F60) -> 0.48166378 | G66: =_xlfn.STDEV.S(G54,G55,G56,G57,G58,G60) -> 0.51251016 | H66: =_xlfn.STDEV.S(H54,H55,H56,H57,H58,H60) -> 0.41190614
B68: =B52 -> BODY TEMP | C68: =C52 -> AB TEMP | D68: =D52 -> 1M | E68: =E52 -> 2M | F68: =F52 -> 3M | G68: =G52 -> 4M | H68: =H52 -> 5M
A69: =Raw_Data!B45 -> Y | B69: =Raw_Data!C45 -> 36.9 | C69: =Raw_Data!D45 -> 24 | D69: =Raw_Data!E45 -> 31.8 | E69: =Raw_Data!F45 -> 30.2 | F69: =Raw_Data!G45 -> 27.8 | G69: =Raw_Data!H45 -> 27.2 | H69: =Raw_Data!I45 -> 25.5
A70: =Raw_Data!B46 -> N | B70: =Raw_Data!C46 -> 36.9 | C70: =Raw_Data!D46 -> 24 | D70: =Raw_Data!E46 -> 32 | E70: =Raw_Data!F46 -> 30.5 | F70: =Raw_Data!G46 -> 27.9 | G70: =Raw_Data!H46 -> 27.6 | H70: =Raw_Data!I46 -> 26
A71: =Raw_Data!B47 -> N | B71: =Raw_Data!C47 -> 36.7 | C71: =Raw_Data!D47 -> 24 | D71: =Raw_Data!E47 -> 34.4 | E71: =Raw_Data!F47 -> 32 | F71: =Raw_Data!G47 -> 28.7 | G71: =Raw_Data!H47 -> 27.4 | H71: =Raw_Data!I47 -> 27
A72: =Raw_Data!B48 -> Y | B72: =Raw_Data!C48 -> 36.5 | C72: =Raw_Data!D48 -> 24 | D72: =Raw_Data!E48 -> 32.5 | E72: =Raw_Data!F48 -> 31.8 | F72: =Raw_Data!G48 -> 28 | G72: =Raw_Data!H48 -> 26.5 | H72: =Raw_Data!I48 -> 26
A73: =Raw_Data!B49 -> N | B73: =Raw_Data!C49 -> 36.5 | C73: =Raw_Data!D49 -> 24 | D73: =Raw_Data!E49 -> 32.8 | E73: =Raw_Data!F49 -> 32 | F73: =Raw_Data!G49 -> 28.2 | G73: =Raw_Data!H49 -> 26.8 | H73: =Raw_Data!I49 -> 26.2
A74: =Raw_Data!B50 -> Y | B74: =Raw_Data!C50 -> 36.9 | C74: =Raw_Data!D50 -> 24 | D74: =Raw_Data!E50 -> 32.2 | E74: =Raw_Data!F50 -> 30.5 | F74: =Raw_Data!G50 -> 29.3 | G74: =Raw_Data!H50 -> 28.5 | H74: =Raw_Data!I50 -> 27.1
A75: =Raw_Data!B51 -> N | B75: =Raw_Data!C51 -> 36.9 | C75: =Raw_Data!D51 -> 24 | D75: =Raw_Data!E51 -> 32.8 | E75: =Raw_Data!F51 -> 30.7 | F75: =Raw_Data!G51 -> 29.5 | G75: =Raw_Data!H51 -> 28.8 | H75: =Raw_Data!I51 -> 27.4
A76: =Raw_Data!B52 -> Y | B76: =Raw_Data!C52 -> 36.9 | C76: =Raw_Data!D52 -> 24 | D76: =Raw_Data!E52 -> 32.7 | E76: =Raw_Data!F52 -> 31.5 | F76: =Raw_Data!G52 -> 30.2 | G76: =Raw_Data!H52 -> 28.5 | H76: =Raw_Data!I52 -> 27.8
A77: =Raw_Data!B53 -> N | B77: =Raw_Data!C53 -> 36.9 | C77: =Raw_Data!D53 -> 24 | D77: =Raw_Data!E53 -> 32.8 | E77: =Raw_Data!F53 -> 31.8 | F77: =Raw_Data!G53 -> 30.5 | G77: =Raw_Data!H53 -> 28.8 | H77: =Raw_Data!I53 -> 28
A78: =Raw_Data!B54 -> N | B78: =Raw_Data!C54 -> 36.6 | C78: =Raw_Data!D54 -> 24 | D78: =Raw_Data!E54 -> 32.5 | E78: =Raw_Data!F54 -> 31 | F78: =Raw_Data!G54 -> 30.2 | G78: =Raw_Data!H54 -> 27.8 | H78: =Raw_Data!I54 -> 27
A79: =Raw_Data!B55 -> Y | B79: =Raw_Data!C55 -> 36.8 | C79: =Raw_Data!D55 -> 24 | D79: =Raw_Data!E55 -> 31.3 | E79: =Raw_Data!F55 -> 30.1 | F79: =Raw_Data!G55 -> 29.5 | G79: =Raw_Data!H55 -> 27.5 | H79: =Raw_Data!I55 -> 26.9
A80: =Raw_Data!B56 -> N | B80: =Raw_Data!C56 -> 36.8 | C80: =Raw_Data!D56 -> 24 | D80: =Raw_Data!E56 -> 32.2 | E80: =Raw_Data!F56 -> 30.4 | F80: =Raw_Data!G56 -> 29.8 | G80: =Raw_Data!H56 -> 27.6 | H80: =Raw_Data!I56 -> 27
A81: =Raw_Data!B57 -> N | B81: =Raw_Data!C57 -> 36.9 | C81: =Raw_Data!D57 -> 24 | D81: =Raw_Data!E57 -> 32.5 | E81: =Raw_Data!F57 -> 30.2 | F81: =Raw_Data!G57 -> 28.9 | G81: =Raw_Data!H57 -> 27.5 | H81: =Raw_Data!I57 -> 26.9
C82: AVERAGE_IF_EYEGLASSES_Y | D82: =AVERAGEIF(A69:A81,"=Y",D69:D81) -> 32.1 | E82: =AVERAGEIF(A69:A81,"=Y",E69:E81) -> 30.82 | F82: =AVERAGEIF(A69:A81,"=Y",F69:F81) -> 28.96 | G82: =AVERAGEIF(A69:A81,"=Y",G69:G81) -> 27.64 | H82: =AVERAGEIF(A69:A81,"=Y",H69:H81) -> 26.66
C83: SD | D83: =_xlfn.STDEV.S(D69,D72,D74,D76,D79) -> 0.56124861 | E83: =_xlfn.STDEV.S(E69,E72,E74,E76,E79) -> 0.77910205 | F83: =_xlfn.STDEV.S(F69,F72,F74,F76,F79) -> 1.0261579 | G83: =_xlfn.STDEV.S(G69,G72,G74,G76,G79) -> 0.86486993 | H83: =_xlfn.STDEV.S(H69,H72,H74,H76,H79) -> 0.91268834
C84: AVERAGE_IF_EYEGLASSES_N | D84: =AVERAGEIF(A69:A81,"=N",D69:D81) -> 32.75 | E84: =AVERAGEIF(A69:A81,"=N",E69:E81) -> 31.075 | F84: =AVERAGEIF(A69:A81,"=N",F69:F81) -> 29.2125 | G84: =AVERAGEIF(A69:A81,"=N",G69:G81) -> 27.7875 | H84: =AVERAGEIF(A69:A81,"=N",H69:H81) -> 26.9375
C85: SD | D85: =_xlfn.STDEV.S(D70,D71,D73,D75,D77,D78,D80,D81) -> 0.72899148 | E85: =_xlfn.STDEV.S(E70,E71,E73,E75,E77,E78,E80,E81) -> 0.74976187 | F85: =_xlfn.STDEV.S(F70,F71,F73,F75,F77,F78,F80,F81) -> 0.93874917 | G85: =_xlfn.STDEV.S(G70,G71,G73,G75,G77,G78,G80,G81) -> 0.68959098 | H85: =_xlfn.STDEV.S(H70,H71,H73,H75,H77,H78,H80,H81) -> 0.63005102
B87: =B68 -> BODY TEMP | C87: =C68 -> AB TEMP | D87: =D68 -> 1M | E87: =E68 -> 2M | F87: =F68 -> 3M | G87: =G68 -> 4M | H87: =H68 -> 5M
A88: =Raw_Data!B58 -> N | B88: =Raw_Data!C58 -> 36.7 | C88: =Raw_Data!D58 -> 25 | D88: =Raw_Data!E58 -> 32.1 | E88: =Raw_Data!F58 -> 29.8 | F88: =Raw_Data!G58 -> 28.4 | G88: =Raw_Data!H58 -> 27.5 | H88: =Raw_Data!I58 -> 26
A89: =Raw_Data!B59 -> Y | B89: =Raw_Data!C59 -> 36.8 | C89: =Raw_Data!D59 -> 25 | D89: =Raw_Data!E59 -> 32.1 | E89: =Raw_Data!F59 -> 29.4 | F89: =Raw_Data!G59 -> 28.5 | G89: =Raw_Data!H59 -> 27.8 | H89: =Raw_Data!I59 -> 27
A90: =Raw_Data!B60 -> N | B90: =Raw_Data!C60 -> 36.8 | C90: =Raw_Data!D60 -> 25 | D90: =Raw_Data!E60 -> 32.5 | E90: =Raw_Data!F60 -> 30.1 | F90: =Raw_Data!G60 -> 28.8 | G90: =Raw_Data!H60 -> 27.9 | H90: =Raw_Data!I60 -> 27.2
A91: =Raw_Data!B61 -> Y | B91: =Raw_Data!C61 -> 36.9 | C91: =Raw_Data!D61 -> 25 | D91: =Raw_Data!E61 -> 31.5 | E91: =Raw_Data!F61 -> 30.1 | F91: =Raw_Data!G61 -> 30.1 | G91: =Raw_Data!H61 -> 28.9 | H91: =Raw_Data!I61 -> 28.2
A92: =Raw_Data!B62 -> N | B92: =Raw_Data!C62 -> 36.9 | C92: =Raw_Data!D62 -> 25 | D92: =Raw_Data!E62 -> 32 | E92: =Raw_Data!F62 -> 30.6 | F92: =Raw_Data!G62 -> 30.4 | G92: =Raw_Data!H62 -> 29 | H92: =Raw_Data!I62 -> 28.3
A93: =Raw_Data!B63 -> N | B93: =Raw_Data!C63 -> 36.9 | C93: =Raw_Data!D63 -> 25 | D93: =Raw_Data!E63 -> 32.3 | E93: =Raw_Data!F63 -> 31.2 | F93: =Raw_Data!G63 -> 30.3 | G93: =Raw_Data!H63 -> 29.5 | H93: =Raw_Data!I63 -> 28.1
A94: =Raw_Data!B64 -> Y | B94: =Raw_Data!C64 -> 36.6 | C94: =Raw_Data!D64 -> 25 | D94: =Raw_Data!E64 -> 31.8 | E94: =Raw_Data!F64 -> 30.5 | F94: =Raw_Data!G64 -> 29.5 | G94: =Raw_Data!H64 -> 28.8 | H94: =Raw_Data!I64 -> 27.8
A95: =Raw_Data!B65 -> N | B95: =Raw_Data!C65 -> 36.6 | C95: =Raw_Data!D65 -> 25 | D95: =Raw_Data!E65 -> 32.2 | E95: =Raw_Data!F65 -> 30.6 | F95: =Raw_Data!G65 -> 29.5 | G95: =Raw_Data!H65 -> 29 | H95: =Raw_Data!I65 -> 28.1
A96: =Raw_Data!B66 -> N | B96: =Raw_Data!C66 -> 36.7 | C96: =Raw_Data!D66 -> 25 | D96: =Raw_Data!E66 -> 32.7 | E96: =Raw_Data!F66 -> 30.5 | F96: =Raw_Data!G66 -> 29.5 | G96: =Raw_Data!H66 -> 29 | H96: =Raw_Data!I66 -> 28.1
A97: =Raw_Data!B67 -> N | B97: =Raw_Data!C67 -> 36.9 | C97: =Raw_Data!D67 -> 25 | D97: =Raw_Data!E67 -> 32.8 | E97: =Raw_Data!F67 -> 31.2 | F97: =Raw_Data!G67 -> 29.6 | G97: =Raw_Data!H67 -> 28.7 | H97: =Raw_Data!I67 -> 27.7
A98: =Raw_Data!B68 -> N | B98: =Raw_Data!C68 -> 36.8 | C98: =Raw_Data!D68 -> 25 | D98: =Raw_Data!E68 -> 32.2 | E98: =Raw_Data!F68 -> 31 | F98: =Raw_Data!G68 -> 30.1 | G98: =Raw_Data!H68 -> 28.5 | H98: =Raw_Data!I68 -> 27.2
A99: =Raw_Data!B69 -> Y | B99: =Raw_Data!C69 -> 36.6 | C99: =Raw_Data!D69 -> 25 | D99: =Raw_Data!E69 -> 31.7 | E99: =Raw_Data!F69 -> 29.6 | F99: =Raw_Data!G69 -> 28.3 | G99: =Raw_Data!H69 -> 27.8 | H99: =Raw_Data!I69 -> 27.6
A100: =Raw_Data!B70 -> N | B100: =Raw_Data!C70 -> 36.6 | C100: =Raw_Data!D70 -> 25 | D100: =Raw_Data!E70 -> 32.8 | E100: =Raw_Data!F70 -> 30.1 | F100: =Raw_Data!G70 -> 28.5 | G100: =Raw_Data!H70 -> 28.4 | H100: =Raw_Data!I70 -> 27.7
C101: AVERAGE_IF_EYEGLASSES_Y | D101: =AVERAGEIF(A88:A100,"=Y",D88:D100) -> 31.775 | E101: =AVERAGEIF(A88:A100,"=Y",E88:E100) -> 29.9 | F101: =AVERAGEIF(A88:A100,"=Y",F88:F100) -> 29.1 | G101: =AVERAGEIF(A88:A100,"=Y",G88:G100) -> 28.325 | H101: =AVERAGEIF(A88:A100,"=Y",H88:H100) -> 27.65
C102: SD | D102: =_xlfn.STDEV.S(D89,D91,D94,D99) -> 0.25 | E102: =_xlfn.STDEV.S(E89,E91,E94,E99) -> 0.49665548 | F102: =_xlfn.STDEV.S(F89,F91,F94,F99) -> 0.84852814 | G102: =_xlfn.STDEV.S(G89,G91,G94,G99) -> 0.60759087 | H102: =_xlfn.STDEV.S(H89,H91,H94,H99) -> 0.5
C103: AVERAGE_IF_EYEGLASSES_N | D103: =AVERAGEIF(A88:A100,"=N",D88:D100) -> 32.4 | E103: =AVERAGEIF(A88:A100,"=N",E88:E100) -> 30.566667 | F103: =AVERAGEIF(A88:A100,"=N",F88:F100) -> 29.455556 | G103: =AVERAGEIF(A88:A100,"=N",G88:G100) -> 28.611111 | H103: =AVERAGEIF(A88:A100,"=N",H88:H100) -> 27.6
C104: SD | D104: =_xlfn.STDEV.S(D88,D90,D92,D93,D95,D96,D97,D98,D100) -> 0.3082207 | E104: =_xlfn.STDEV.S(E88,E90,E92,E93,E95,E96,E97,E98,E100) -> 0.50249378 | F104: =_xlfn.STDEV.S(F88,F90,F92,F93,F95,F96,F97,F98,F100) -> 0.75018516 | G104: =_xlfn.STDEV.S(G88,G90,G92,G93,G95,G96,G97,G98,G100) -> 0.61734197 | H104: =_xlfn.STDEV.S(H88,H90,H92,H93,H95,H96,H97,H98,H100) -> 0.71937473

Sheet MLX_P_AVG&SD
A1: Average Values for MLX-P at different ambient temp where eye-glasses is Y | I1: S.D Values for MLX-P at different ambient temp where eye-glasses is Y
A2: =[1]Avarageateachdistance!A1 -> Distance | B2: MLX-P at 16 Degrees Y | C2: MLX-P at 18 Degrees Y | D2: MLX-P at 20 degrees Y | E2: MLX-P at 22 degrees Y | F2: MLX-P at 24 degrees Y | G2: MLX-P at 25 degrees Y | I2: Distance | J2: MLX-P at 16 degrees | K2: MLX-P at 18 Degrees | L2: MLX-P at 20 degrees | M2: MLX-P at 22 degrees | N2: MLX-P at 24 degrees | O2: MLX-P at 25 degrees
A3: 1 | B3: =MLX_P!D16 -> 29.78 | C3: =MLX_P!D33 -> 30.2 | D3: =MLX_P!D47 -> 30.733333 | E3: =MLX_P!D63 -> 30.46 | F3: =MLX_P!D82 -> 32.1 | G3: =MLX_P!D101 -> 31.775 | I3: 1 | J3: =MLX_P!D17 -> 0.60580525 | K3: =MLX_P!D34 -> 0.82865353 | L3: =MLX_P!D48 -> 0.68068593 | M3: =MLX_P!D64 -> 0.64093681 | N3: =MLX_P!D83 -> 0.56124861 | O3: =MLX_P!D102 -> 0.25
A4: 2 | B4: =MLX_P!E16 -> 26.53 | C4: =MLX_P!E33 -> 26.325 | D4: =MLX_P!E47 -> 28.333333 | E4: =MLX_P!E63 -> 28.233333 | F4: =MLX_P!E82 -> 30.82 | G4: =MLX_P!E101 -> 29.9 | I4: 2 | J4: =MLX_P!E17 -> 2.2359562 | K4: =MLX_P!E34 -> 0.97425185 | L4: =MLX_P!E48 -> 0.57735027 | M4: =MLX_P!E64 -> 1.123981 | N4: =MLX_P!E83 -> 0.77910205 | O4: =MLX_P!E102 -> 0.49665548
A5: 3 | B5: =MLX_P!F16 -> 24.34 | C5: =MLX_P!F33 -> 24.775 | D5: =MLX_P!F47 -> 26.5 | E5: =MLX_P!F63 -> 27.366667 | F5: =MLX_P!F82 -> 28.96 | G5: =MLX_P!F101 -> 29.1 | I5: 3 | J5: =MLX_P!F17 -> 1.2280065 | K5: =MLX_P!F34 -> 0.97425185 | L5: =MLX_P!F48 -> 0.7 | M5: =MLX_P!F64 -> 1.0598742 | N5: =MLX_P!F83 -> 1.0261579 | O5: =MLX_P!F102 -> 0.84852814
A6: 4 | B6: =MLX_P!G16 -> 23.1 | C6: =MLX_P!G33 -> 23.05 | D6: =MLX_P!G47 -> 25.033333 | E6: =MLX_P!G63 -> 26.3 | F6: =MLX_P!G82 -> 27.64 | G6: =MLX_P!G101 -> 28.325 | I6: 4 | J6: =MLX_P!G17 -> 0.82158384 | K6: =MLX_P!G34 -> 1.3892444 | L6: =MLX_P!G48 -> 0.68068593 | M6: =MLX_P!G64 -> 1.0816654 | N6: =MLX_P!G83 -> 0.86486993 | O6: =MLX_P!G102 -> 0.60759087
A7: 5 | B7: =MLX_P!H16 -> 21.94 | C7: =MLX_P!H33 -> 21.575 | D7: =MLX_P!H47 -> 22.5 | E7: =MLX_P!H63 -> 24.433333 | F7: =MLX_P!H82 -> 26.66 | G7: =MLX_P!H101 -> 27.65 | I7: 5 | J7: =MLX_P!H17 -> 0.40373258 | K7: =MLX_P!H34 -> 1.2284814 | L7: =MLX_P!H48 -> 0.5 | M7: =MLX_P!H64 -> 1.0692677 | N7: =MLX_P!H83 -> 0.91268834 | O7: =MLX_P!H102 -> 0.5
A11: Average Values for MLX-P at different ambient temp where eye-glasses is N | I11: S.D Values for MLX-P at different ambient temp where eye-glasses is N
A12: Distance | B12: MLX-P at 16 Degrees N | C12: MLX-P at 18 Degrees N | D12: MLX-P at 20 degrees N | E12: MLX-P at 22 degrees N | F12: MLX-P at 24 degrees N | G12: MLX-P at 25 degrees N | I12: Distance | J12: MLX-P at 16 degrees | K12: MLX-P at 18 Degrees | L12: MLX-P at 20 degrees | M12: MLX-P at 22 degrees | N12: MLX-P at 24 degrees | O12: MLX-P at 25 degrees
A13: 1 | B13: =MLX_P!D18 -> 30.2 | C13: =MLX_P!D35 -> 30.6 | D13: =MLX_P!D49 -> 30.92 | E13: =MLX_P!D65 -> 31.098571 | F13: =MLX_P!D84 -> 32.75 | G13: =MLX_P!D103 -> 32.4 | I13: 1 | J13: =MLX_P!D19 -> 0.44077853 | K13: =MLX_P!D36 -> 0.63770422 | L13: =MLX_P!D50 -> 0.47644517 | M13: =MLX_P!D66 -> 0.44588863 | N13: =MLX_P!D85 -> 0.72899148 | O13: =MLX_P!D104 -> 0.3082207
A14: 2 | B14: =MLX_P!E18 -> 26.765 | C14: =MLX_P!E35 -> 26.785714 | D14: =MLX_P!E49 -> 28.02 | E14: =MLX_P!E65 -> 28.185714 | F14: =MLX_P!E84 -> 31.075 | G14: =MLX_P!E103 -> 30.566667 | I14: 2 | J14: =MLX_P!E19 -> 1.8524347 | K14: =MLX_P!E36 -> 0.87259875 | L14: =MLX_P!E50 -> 1.068644 | M14: =MLX_P!E66 -> 0.87958323 | N14: =MLX_P!E85 -> 0.74976187 | O14: =MLX_P!E104 -> 0.50249378
A15: 3 | B15: =MLX_P!F18 -> 24.325 | C15: =MLX_P!F35 -> 24.928571 | D15: =MLX_P!F49 -> 26.32 | E15: =MLX_P!F65 -> 27 | F15: =MLX_P!F84 -> 29.2125 | G15: =MLX_P!F103 -> 29.455556 | I15: 3 | J15: =MLX_P!F19 -> 0.87952909 | K15: =MLX_P!F36 -> 0.75435245 | L15: =MLX_P!F50 -> 0.81670068 | M15: =MLX_P!F66 -> 0.48166378 | N15: =MLX_P!F85 -> 0.93874917 | O15: =MLX_P!F104 -> 0.75018516
A16: 4 | B16: =MLX_P!G18 -> 23.0825 | C16: =MLX_P!G35 -> 23.414286 | D16: =MLX_P!G49 -> 25.02 | E16: =MLX_P!G65 -> 26.157143 | F16: =MLX_P!G84 -> 27.7875 | G16: =MLX_P!G103 -> 28.611111 | I16: 4 | J16: =MLX_P!G19 -> 0.58665517 | K16: =MLX_P!G36 -> 1.0792414 | L16: =MLX_P!G50 -> 0.59329588 | M16: =MLX_P!G66 -> 0.51251016 | N16: =MLX_P!G85 -> 0.68959098 | O16: =MLX_P!G104 -> 0.61734197
A17: 5 | B17: =MLX_P!H18 -> 21.8375 | C17: =MLX_P!H35 -> 22.271429 | D17: =MLX_P!H49 -> 23.02 | E17: =MLX_P!H65 -> 24.271429 | F17: =MLX_P!H84 -> 26.9375 | G17: =MLX_P!H103 -> 27.6 | I17: 5 | J17: =MLX_P!H19 -> 0.50691645 | K17: =MLX_P!H36 -> 1.1324226 | L17: =MLX_P!H50 -> 0.39623226 | M17: =MLX_P!H66 -> 0.41190614 | N17: =MLX_P!H85 -> 0.63005102 | O17: =MLX_P!H104 -> 0.71937473

Sheet MLX_R
C1: ROBOT SHOP CAMERA (MLX_R)
A2: =Raw_Data!B2 -> glasses | B2: =Raw_Data!C2 -> body temp | C2: =Raw_Data!D2 -> ambient temp | D2: =Raw_Data!E2 -> 1M | E2: =Raw_Data!F2 -> 2M | F2: =Raw_Data!G2 -> 3M | G2: =Raw_Data!H2 -> 4M | H2: =Raw_Data!I2 -> 5M
A3: =Raw_Data!B3 -> N | B3: =Raw_Data!C3 -> 36.8 | C3: =Raw_Data!D3 -> 16 | D3: =Raw_Data!J3 -> 30.5 | E3: =Raw_Data!K3 -> 26 | F3: =Raw_Data!L3 -> 23.5 | G3: =Raw_Data!M3 -> 22.5 | H3: =Raw_Data!N3 -> 21
A4: =Raw_Data!B4 -> Y | B4: =Raw_Data!C4 -> 36.8 | C4: =Raw_Data!D4 -> 16 | D4: =Raw_Data!J4 -> 30.5 | E4: =Raw_Data!K4 -> 28.5 | F4: =Raw_Data!L4 -> 25.5 | G4: =Raw_Data!M4 -> 22.5 | H4: =Raw_Data!N4 -> 23
A5: =Raw_Data!B5 -> N | B5: =Raw_Data!C5 -> 36.8 | C5: =Raw_Data!D5 -> 16 | D5: =Raw_Data!J5 -> 30.8 | E5: =Raw_Data!K5 -> 29 | F5: =Raw_Data!L5 -> 25.3 | G5: =Raw_Data!M5 -> 23 | H5: =Raw_Data!N5 -> 23
A6: =Raw_Data!B6 -> Y | B6: =Raw_Data!C6 -> 36.6 | C6: =Raw_Data!D6 -> 16 | D6: =Raw_Data!J6 -> 31.2 | E6: =Raw_Data!K6 -> 28.5 | F6: =Raw_Data!L6 -> 25.4 | G6: =Raw_Data!M6 -> 24 | H6: =Raw_Data!N6 -> 22
A7: =Raw_Data!B7 -> N | B7: =Raw_Data!C7 -> 36.6 | C7: =Raw_Data!D7 -> 16 | D7: =Raw_Data!J7 -> 32 | E7: =Raw_Data!K7 -> 29.7 | F7: =Raw_Data!L7 -> 25.7 | G7: =Raw_Data!M7 -> 24 | H7: =Raw_Data!N7 -> 23
A8: =Raw_Data!B8 -> Y | B8: =Raw_Data!C8 -> 35.4 | C8: =Raw_Data!D8 -> 16 | D8: =Raw_Data!J8 -> 30.1 | E8: =Raw_Data!K8 -> 26 | F8: =Raw_Data!L8 -> 24.1 | G8: =Raw_Data!M8 -> 23 | H8: =Raw_Data!N8 -> 22
A9: =Raw_Data!B9 -> N | B9: =Raw_Data!C9 -> 35.4 | C9: =Raw_Data!D9 -> 16 | D9: =Raw_Data!J9 -> 30 | E9: =Raw_Data!K9 -> 27 | F9: =Raw_Data!L9 -> 24.5 | G9: =Raw_Data!M9 -> 23.7 | H9: =Raw_Data!N9 -> 21
A10: =Raw_Data!B10 -> N | B10: =Raw_Data!C10 -> 36.7 | C10: =Raw_Data!D10 -> 16 | D10: =Raw_Data!J10 -> 30.2 | E10: =Raw_Data!K10 -> 26.5 | F10: =Raw_Data!L10 -> 24.7 | G10: =Raw_Data!M10 -> 23.5 | H10: =Raw_Data!N10 -> 22
A11: =Raw_Data!B11 -> N | B11: =Raw_Data!C11 -> 36.1 | C11: =Raw_Data!D11 -> 16 | D11: =Raw_Data!J11 -> 30.5 | E11: =Raw_Data!K11 -> 27 | F11: =Raw_Data!L11 -> 26 | G11: =Raw_Data!M11 -> 24 | H11: =Raw_Data!N11 -> 23
A12: =Raw_Data!B12 -> Y | B12: =Raw_Data!C12 -> 36.6 | C12: =Raw_Data!D12 -> 16 | D12: =Raw_Data!J12 -> 30.2 | E12: =Raw_Data!K12 -> 26.5 | F12: =Raw_Data!L12 -> 24 | G12: =Raw_Data!M12 -> 23 | H12: =Raw_Data!N12 -> 22
A13: =Raw_Data!B13 -> N | B13: =Raw_Data!C13 -> 36.6 | C13: =Raw_Data!D13 -> 16 | D13: =Raw_Data!J13 -> 30.5 | E13: =Raw_Data!K13 -> 26.58 | F13: =Raw_Data!L13 -> 24.5 | G13: =Raw_Data!M13 -> 23.3 | H13: =Raw_Data!N13 -> 23
A14: =Raw_Data!B14 -> Y | B14: =Raw_Data!C14 -> 36.4 | C14: =Raw_Data!D14 -> 16 | D14: =Raw_Data!J14 -> 29 | E14: =Raw_Data!K14 -> 26 | F14: =Raw_Data!L14 -> 24 | G14: =Raw_Data!M14 -> 23 | H14: =Raw_Data!N14 -> 22.8
A15: =Raw_Data!B15 -> N | B15: =Raw_Data!C15 -> 36.4 | C15: =Raw_Data!D15 -> 16 | D15: =Raw_Data!J15 -> 30.5 | E15: =Raw_Data!K15 -> 26.5 | F15: =Raw_Data!L15 -> 25.4 | G15: =Raw_Data!M15 -> 23.7 | H15: =Raw_Data!N15 -> 23
C16: AVERAGE_IF_EYEGLASSES_Y | D16: =AVERAGEIF(A3:A15,"=Y",D3:D15) -> 30.2 | E16: =AVERAGEIF(A3:A15,"=Y",E3:E15) -> 27.1 | F16: =AVERAGEIF(A3:A15,"=Y",F3:F15) -> 24.6 | G16: =AVERAGEIF(A3:A15,"=Y",G3:G15) -> 23.1 | H16: =AVERAGEIF(A3:A15,"=Y",H3:H15) -> 22.36
C17: SD | D17: =_xlfn.STDEV.S(D4,D6,D8,D12,D14) -> 0.79686887 | E17: =_xlfn.STDEV.S(E4,E6,E8,E12,E14) -> 1.2942179 | F17: =_xlfn.STDEV.S(F4,F6,F8,F12,F14) -> 0.77781746 | G17: =_xlfn.STDEV.S(G4,G6,G8,G12,G14) -> 0.54772256 | H17: =_xlfn.STDEV.S(H4,H6,H8,H12,H14) -> 0.49799598
C18: AVERAGE_IF_EYEGLASSES_N | D18: =AVERAGEIF(A3:A15,"=N",D3:D15) -> 30.625 | E18: =AVERAGEIF(A3:A15,"=N",E3:E15) -> 27.285 | F18: =AVERAGEIF(A3:A15,"=N",F3:F15) -> 24.95 | G18: =AVERAGEIF(A3:A15,"=N",G3:G15) -> 23.4625 | H18: =AVERAGEIF(A3:A15,"=N",H3:H15) -> 22.375
C19: SD | D19: =_xlfn.STDEV.S(D3,D5,D7,D9,D10,D11,D13,D15) -> 0.6041523 | E19: =_xlfn.STDEV.S(E3,E5,E7,E9,E10,E11,E13,E15) -> 1.3264668 | F19: =_xlfn.STDEV.S(F3,F5,F7,F9,F10,F11,F13,F15) -> 0.80711125 | G19: =_xlfn.STDEV.S(G3,G5,G7,G9,G10,G11,G13,G15) -> 0.51530158 | H19: =_xlfn.STDEV.S(H3,H5,H7,H9,H10,H11,H13,H15) -> 0.91612538
A21: =$A$2 -> glasses | B21: =B2 -> body temp | C21: =C2 -> ambient temp | D21: =D2 -> 1M | E21: =E2 -> 2M | F21: =F2 -> 3M | G21: =G2 -> 4M | H21: =H2 -> 5M
A22: =Raw_Data!B16 -> Y | B22: =Raw_Data!C16 -> 36.7 | C22: =Raw_Data!D16 -> 18 | D22: =Raw_Data!J16 -> 30.5 | E22: =Raw_Data!K16 -> 26 | F22: =Raw_Data!L16 -> 25 | G22: =Raw_Data!M16 -> 24 | H22: =Raw_Data!N16 -> 22.6
A23: =Raw_Data!B17 -> N | B23: =Raw_Data!C17 -> 36.7 | C23: =Raw_Data!D17 -> 18 | D23: =Raw_Data!J17 -> 30.8 | E23: =Raw_Data!K17 -> 26.2 | F23: =Raw_Data!L17 -> 25.5 | G23: =Raw_Data!M17 -> 24.3 | H23: =Raw_Data!N17 -> 23
A24: =Raw_Data!B18 -> Y | B24: =Raw_Data!C18 -> 35.2 | C24: =Raw_Data!D18 -> 18 | D24: =Raw_Data!J18 -> 31 | E24: =Raw_Data!K18 -> 28 | F24: =Raw_Data!L18 -> 26.6 | G24: =Raw_Data!M18 -> 24.2 | H24: =Raw_Data!N18 -> 21
A25: =Raw_Data!B19 -> N | B25: =Raw_Data!C19 -> 35.2 | C25: =Raw_Data!D19 -> 18 | D25: =Raw_Data!J19 -> 31.2 | E25: =Raw_Data!K19 -> 28.2 | F25: =Raw_Data!L19 -> 26.8 | G25: =Raw_Data!M19 -> 24.8 | H25: =Raw_Data!N19 -> 21
A26: =Raw_Data!B20 -> Y | B26: =Raw_Data!C20 -> 36.8 | C26: =Raw_Data!D20 -> 18 | D26: =Raw_Data!J20 -> 31.4 | E26: =Raw_Data!K20 -> 27 | F26: =Raw_Data!L20 -> 24.2 | G26: =Raw_Data!M20 -> 21.5 | H26: =Raw_Data!N20 -> 20
A27: =Raw_Data!B21 -> N | B27: =Raw_Data!C21 -> 36.8 | C27: =Raw_Data!D21 -> 18 | D27: =Raw_Data!J21 -> 31.8 | E27: =Raw_Data!K21 -> 28.1 | F27: =Raw_Data!L21 -> 24.8 | G27: =Raw_Data!M21 -> 21.5 | H27: =Raw_Data!N21 -> 21.3
A28: =Raw_Data!B22 -> N | B28: =Raw_Data!C22 -> 36.2 | C28: =Raw_Data!D22 -> 18 | D28: =Raw_Data!J22 -> 31.5 | E28: =Raw_Data!K22 -> 28.5 | F28: =Raw_Data!L22 -> 25.8 | G28: =Raw_Data!M22 -> 24.5 | H28: =Raw_Data!N22 -> 24
A29: =Raw_Data!B23 -> N | B29: =Raw_Data!C23 -> 36.6 | C29: =Raw_Data!D23 -> 18 | D29: =Raw_Data!J23 -> 30.2 | E29: =Raw_Data!K23 -> 27 | F29: =Raw_Data!L23 -> 24.8 | G29: =Raw_Data!M23 -> 24 | H29: =Raw_Data!N23 -> 22
A30: =Raw_Data!B24 -> Y | B30: =Raw_Data!C24 -> 36.8 | C30: =Raw_Data!D24 -> 18 | D30: =Raw_Data!J24 -> 30.8 | E30: =Raw_Data!K24 -> 26.3 | F30: =Raw_Data!L24 -> 25.1 | G30: =Raw_Data!M24 -> 24.5 | H30: =Raw_Data!N24 -> 23.8
A31: =Raw_Data!B25 -> N | B31: =Raw_Data!C25 -> 36.8 | C31: =Raw_Data!D25 -> 18 | D31: =Raw_Data!J25 -> 31.7 | E31: =Raw_Data!K25 -> 27 | F31: =Raw_Data!L25 -> 25.9 | G31: =Raw_Data!M25 -> 24.4 | H31: =Raw_Data!N25 -> 24
A32: =Raw_Data!B26 -> N | B32: =Raw_Data!C26 -> 36.8 | C32: =Raw_Data!D26 -> 18 | D32: =Raw_Data!J26 -> 30.2 | E32: =Raw_Data!K26 -> 27 | F32: =Raw_Data!L26 -> 24.8 | G32: =Raw_Data!M26 -> 24.2 | H32: =Raw_Data!N26 -> 23
C33: AVERAGE_IF_EYEGLASSES_Y | D33: =AVERAGEIF(A22:A32,"=Y",D22:D32) -> 30.925 | E33: =AVERAGEIF(A22:A32,"=Y",E22:E32) -> 26.825 | F33: =AVERAGEIF(A22:A32,"=Y",F22:F32) -> 25.225 | G33: =AVERAGEIF(A22:A32,"=Y",G22:G32) -> 23.55 | H33: =AVERAGEIF(A22:A32,"=Y",H22:H32) -> 21.85
C34: SD | D34: =_xlfn.STDEV.S(D22,D24,D26,D30) -> 0.37749172 | E34: =_xlfn.STDEV.S(E22,E24,E26,E30) -> 0.88835053 | F34: =_xlfn.STDEV.S(F22,F24,F26,F30) -> 1.0012492 | G34: =_xlfn.STDEV.S(G22,G24,G26,G30) -> 1.3820275 | H34: =_xlfn.STDEV.S(H22,H24,H26,H30) -> 1.6842407
C35: AVERAGE_IF_EYEGLASSES_N | D35: =AVERAGEIF(A22:A32,"=N",D22:D32) -> 31.057143 | E35: =AVERAGEIF(A22:A32,"=N",E22:E32) -> 27.428571 | F35: =AVERAGEIF(A22:A32,"=N",F22:F32) -> 25.485714 | G35: =AVERAGEIF(A22:A32,"=N",G22:G32) -> 23.957143 | H35: =AVERAGEIF(A22:A32,"=N",H22:H32) -> 22.614286
C36: SD | D36: =_xlfn.STDEV.S(D23,D25,D27,D28,D29,D31,D32) -> 0.67294661 | E36: =_xlfn.STDEV.S(E23,E25,E27,E28,E29,E31,E32) -> 0.84204965 | F36: =_xlfn.STDEV.S(F23,F25,F27,F28,F29,F31,F32) -> 0.75372093 | G36: =_xlfn.STDEV.S(G23,G25,G27,G28,G29,G31,G32) -> 1.111841 | H36: =_xlfn.STDEV.S(H23,H25,H27,H28,H29,H31,H32) -> 1.2143978
B38: =B21 -> body temp | C38: =C21 -> ambient temp | D38: =D21 -> 1M | E38: =E21 -> 2M | F38: =F21 -> 3M | G38: =G21 -> 4M | H38: =H21 -> 5M
A39: =Raw_Data!B26 -> N | B39: =Raw_Data!C27 -> 36.6 | C39: =Raw_Data!D27 -> 20 | D39: =Raw_Data!J27 -> 31.3 | E39: =Raw_Data!K27 -> 28 | F39: =Raw_Data!L27 -> 26.5 | G39: =Raw_Data!M27 -> 25 | H39: =Raw_Data!N27 -> 24
A40: =Raw_Data!B27 -> N | B40: =Raw_Data!C28 -> 36.4 | C40: =Raw_Data!D28 -> 20 | D40: =Raw_Data!J28 -> 31 | E40: =Raw_Data!K28 -> 27 | F40: =Raw_Data!L28 -> 25.8 | G40: =Raw_Data!M28 -> 24 | H40: =Raw_Data!N28 -> 23.5
A41: =Raw_Data!B28 -> N | B41: =Raw_Data!C29 -> 36.9 | C41: =Raw_Data!D29 -> 20 | D41: =Raw_Data!J29 -> 31 | E41: =Raw_Data!K29 -> 27.5 | F41: =Raw_Data!L29 -> 26 | G41: =Raw_Data!M29 -> 24.2 | H41: =Raw_Data!N29 -> 22
A42: =Raw_Data!B29 -> Y | B42: =Raw_Data!C30 -> 36.9 | C42: =Raw_Data!D30 -> 20 | D42: =Raw_Data!J30 -> 31.7 | E42: =Raw_Data!K30 -> 28 | F42: =Raw_Data!L30 -> 26.7 | G42: =Raw_Data!M30 -> 25.2 | H42: =Raw_Data!N30 -> 22.5
A43: =Raw_Data!B30 -> N | B43: =Raw_Data!C31 -> 36.4 | C43: =Raw_Data!D31 -> 20 | D43: =Raw_Data!J31 -> 31 | E43: =Raw_Data!K31 -> 29.2 | F43: =Raw_Data!L31 -> 27 | G43: =Raw_Data!M31 -> 25.5 | H43: =Raw_Data!N31 -> 22.8
A44: =Raw_Data!B31 -> Y | B44: =Raw_Data!C32 -> 36.4 | C44: =Raw_Data!D32 -> 20 | D44: =Raw_Data!J32 -> 31.3 | E44: =Raw_Data!K32 -> 29.5 | F44: =Raw_Data!L32 -> 27.5 | G44: =Raw_Data!M32 -> 25.8 | H44: =Raw_Data!N32 -> 23
A45: =Raw_Data!B32 -> N | B45: =Raw_Data!C33 -> 36.8 | C45: =Raw_Data!D33 -> 20 | D45: =Raw_Data!J33 -> 31.2 | E45: =Raw_Data!K33 -> 29.5 | F45: =Raw_Data!L33 -> 27 | G45: =Raw_Data!M33 -> 26.2 | H45: =Raw_Data!N33 -> 23.3
A46: =Raw_Data!B33 -> Y | B46: =Raw_Data!C34 -> 36.8 | C46: =Raw_Data!D34 -> 20 | D46: =Raw_Data!J34 -> 31.5 | E46: =Raw_Data!K34 -> 29.8 | F46: =Raw_Data!L34 -> 27.4 | G46: =Raw_Data!M34 -> 26.5 | H46: =Raw_Data!N34 -> 23
C47: AVERAGE_IF_EYEGLASSES_Y | D47: =AVERAGEIF(A39:A46,"=Y",D39:D46) -> 31.5 | E47: =AVERAGEIF(A39:A46,"=Y",E39:E46) -> 29.1 | F47: =AVERAGEIF(A39:A46,"=Y",F39:F46) -> 27.2 | G47: =AVERAGEIF(A39:A46,"=Y",G39:G46) -> 25.833333 | H47: =AVERAGEIF(A39:A46,"=Y",H39:H46) -> 22.833333
C48: SD | D48: =_xlfn.STDEV.S(D42,D44,D46) -> 0.2 | E48: =_xlfn.STDEV.S(E42,E44,E46) -> 0.96436508 | F48: =_xlfn.STDEV.S(F42,F44,F46) -> 0.43588989 | G48: =_xlfn.STDEV.S(G42,G44,G46) -> 0.65064071 | H48: =_xlfn.STDEV.S(H42,H44,H46) -> 0.28867513
C49: AVERAGE_IF_EYEGLASSES_N | D49: =AVERAGEIF(A39:A46,"=N",D39:D46) -> 31.1 | E49: =AVERAGEIF(A39:A46,"=N",E39:E46) -> 28.24 | F49: =AVERAGEIF(A39:A46,"=N",F39:F46) -> 26.46 | G49: =AVERAGEIF(A39:A46,"=N",G39:G46) -> 24.98 | H49: =AVERAGEIF(A39:A46,"=N",H39:H46) -> 23.12
C50: SD | D50: =_xlfn.STDEV.S(D39,D40,D41,D43,D45) -> 0.14142136 | E50: =_xlfn.STDEV.S(E39,E40,E41,E43,E45) -> 1.0784248 | F50: =_xlfn.STDEV.S(F39,F40,F41,F43,F45) -> 0.55497748 | G50: =_xlfn.STDEV.S(G39,G40,G41,G43,G45) -> 0.91214034 | H50: =_xlfn.STDEV.S(H39,H40,H41,H43,H45) -> 0.75960516
B52: =B38 -> body temp | C52: =C38 -> ambient temp | D52: =D38 -> 1M | E52: =E38 -> 2M | F52: =F38 -> 3M | G52: =G38 -> 4M | H52: =H38 -> 5M
A53: =Raw_Data!B34 -> N | B53: =Raw_Data!C35 -> 36.7 | C53: =Raw_Data!D35 -> 22 | D53: =Raw_Data!J35 -> 31.2 | E53: =Raw_Data!K35 -> 27.2 | F53: =Raw_Data!L35 -> 26.8 | G53: =Raw_Data!M35 -> 26 | H53: =Raw_Data!N35 -> 24
A54: =Raw_Data!B35 -> Y | B54: =Raw_Data!C36 -> 36.7 | C54: =Raw_Data!D36 -> 22 | D54: =Raw_Data!J36 -> 31.5 | E54: =Raw_Data!K36 -> 27.8 | F54: =Raw_Data!L36 -> 27 | G54: =Raw_Data!M36 -> 26.2 | H54: =Raw_Data!N36 -> 24.5
A55: =Raw_Data!B36 -> N | B55: =Raw_Data!C37 -> 36.8 | C55: =Raw_Data!D37 -> 22 | D55: =Raw_Data!J37 -> 32.7 | E55: =Raw_Data!K37 -> 29.2 | F55: =Raw_Data!L37 -> 27 | G55: =Raw_Data!M37 -> 25.8 | H55: =Raw_Data!N37 -> 24.3
A56: =Raw_Data!B37 -> N | B56: =Raw_Data!C38 -> 36.6 | C56: =Raw_Data!D38 -> 22 | D56: =Raw_Data!J38 -> 31.2 | E56: =Raw_Data!K38 -> 27 | F56: =Raw_Data!L38 -> 26.5 | G56: =Raw_Data!M38 -> 26 | H56: =Raw_Data!N38 -> 24.2
A57: =Raw_Data!B38 -> N | B57: =Raw_Data!C39 -> 36.9 | C57: =Raw_Data!D39 -> 22 | D57: =Raw_Data!J39 -> 32.4 | E57: =Raw_Data!K39 -> 28.5 | F57: =Raw_Data!L39 -> 26.8 | G57: =Raw_Data!M39 -> 26.3 | H57: =Raw_Data!N39 -> 23.5
A58: =Raw_Data!B39 -> N | B58: =Raw_Data!C40 -> 36.7 | C58: =Raw_Data!D40 -> 22 | D58: =Raw_Data!J40 -> 31.2 | E58: =Raw_Data!K40 -> 28.6 | F58: =Raw_Data!L40 -> 27.3 | G58: =Raw_Data!M40 -> 27 | H58: =Raw_Data!N40 -> 24.2
A59: =Raw_Data!B40 -> N | B59: =Raw_Data!C41 -> 36.8 | C59: =Raw_Data!D41 -> 22 | D59: =Raw_Data!J41 -> 31.3 | E59: =Raw_Data!K41 -> 28.5 | F59: =Raw_Data!L41 -> 27.5 | G59: =Raw_Data!M41 -> 27 | H59: =Raw_Data!N41 -> 24.5
A60: =Raw_Data!B41 -> Y | B60: =Raw_Data!C42 -> 36.8 | C60: =Raw_Data!D42 -> 22 | D60: =Raw_Data!J42 -> 31.1 | E60: =Raw_Data!K42 -> 28.8 | F60: =Raw_Data!L42 -> 27.8 | G60: =Raw_Data!M42 -> 27.2 | H60: =Raw_Data!N42 -> 24.8
A61: =Raw_Data!B42 -> N | B61: =Raw_Data!C43 -> 36.9 | C61: =Raw_Data!D43 -> 22 | D61: =Raw_Data!J43 -> 31.5 | E61: =Raw_Data!K43 -> 30 | F61: =Raw_Data!L43 -> 28.6 | G61: =Raw_Data!M43 -> 27.8 | H61: =Raw_Data!N43 -> 25
A62: =Raw_Data!B43 -> Y | B62: =Raw_Data!C44 -> 36.9 | C62: =Raw_Data!D44 -> 22 | D62: =Raw_Data!J44 -> 31.8 | E62: =Raw_Data!K44 -> 30.2 | F62: =Raw_Data!L44 -> 28.8 | G62: =Raw_Data!M44 -> 28 | H62: =Raw_Data!N44 -> 26.3
C63: AVERAGE_IF_EYEGLASSES_Y | D63: =AVERAGEIF(A53:A62,"=Y",D53:D62) -> 31.466667 | E63: =AVERAGEIF(A53:A62,"=Y",E53:E62) -> 28.933333 | F63: =AVERAGEIF(A53:A62,"=Y",F53:F62) -> 27.866667 | G63: =AVERAGEIF(A53:A62,"=Y",G53:G62) -> 27.133333 | H63: =AVERAGEIF(A53:A62,"=Y",H53:H62) -> 25.2
C64: SD | D64: =_xlfn.STDEV.S(D54,D60,D62) -> 0.35118846 | E64: =_xlfn.STDEV.S(E54,E60,E62) -> 1.2055428 | F64: =_xlfn.STDEV.S(F54,F60,F62) -> 0.90184995 | G64: =_xlfn.STDEV.S(G54,G60,G62) -> 0.90184995 | H64: =_xlfn.STDEV.S(H54,H60,H62) -> 0.96436508
C65: AVERAGE_IF_EYEGLASSES_N | D65: =AVERAGEIF(A53:A62,"=N",D53:D62) -> 31.642857 | E65: =AVERAGEIF(A53:A62,"=N",E53:E62) -> 28.428571 | F65: =AVERAGEIF(A53:A62,"=N",F53:F62) -> 27.214286 | G65: =AVERAGEIF(A53:A62,"=N",G53:G62) -> 26.557143 | H65: =AVERAGEIF(A53:A62,"=N",H53:H62) -> 24.242857
C66: SD | D66: =_xlfn.STDEV.S(D53,D55,D56,D57,D58,D59,D61) -> 0.63471028 | E66: =_xlfn.STDEV.S(E53,E55,E56,E57,E58,E59,E61) -> 1.0531133 | F66: =_xlfn.STDEV.S(F53,F55,F56,F57,F58,F59,F61) -> 0.69624845 | G66: =_xlfn.STDEV.S(G53,G55,G56,G57,G58,G59,G61) -> 0.72997065 | H66: =_xlfn.STDEV.S(H53,H55,H56,H57,H58,H59,H61) -> 0.45773771
B68: =B52 -> body temp | C68: =C52 -> ambient temp | D68: =D52 -> 1M | E68: =E52 -> 2M | F68: =F52 -> 3M | G68: =G52 -> 4M | H68: =H52 -> 5M
A69: =Raw_Data!B44 -> N | B69: =Raw_Data!C45 -> 36.9 | C69: =Raw_Data!D45 -> 24 | D69: =Raw_Data!J45 -> 32 | E69: =Raw_Data!K45 -> 30.5 | F69: =Raw_Data!L45 -> 28.2 | G69: =Raw_Data!M45 -> 27.9 | H69: =Raw_Data!N45 -> 25
A70: =Raw_Data!B45 -> Y | B70: =Raw_Data!C46 -> 36.9 | C70: =Raw_Data!D46 -> 24 | D70: =Raw_Data!J46 -> 33 | E70: =Raw_Data!K46 -> 30.8 | F70: =Raw_Data!L46 -> 28.5 | G70: =Raw_Data!M46 -> 28.2 | H70: =Raw_Data!N46 -> 26
A71: =Raw_Data!B46 -> N | B71: =Raw_Data!C47 -> 36.7 | C71: =Raw_Data!D47 -> 24 | D71: =Raw_Data!J47 -> 35 | E71: =Raw_Data!K47 -> 32.2 | F71: =Raw_Data!L47 -> 29 | G71: =Raw_Data!M47 -> 27.5 | H71: =Raw_Data!N47 -> 27.2
A72: =Raw_Data!B47 -> N | B72: =Raw_Data!C48 -> 36.5 | C72: =Raw_Data!D48 -> 24 | D72: =Raw_Data!J48 -> 33 | E72: =Raw_Data!K48 -> 32.4 | F72: =Raw_Data!L48 -> 29.5 | G72: =Raw_Data!M48 -> 27.5 | H72: =Raw_Data!N48 -> 26.2
A73: =Raw_Data!B48 -> Y | B73: =Raw_Data!C49 -> 36.5 | C73: =Raw_Data!D49 -> 24 | D73: =Raw_Data!J49 -> 33.3 | E73: =Raw_Data!K49 -> 32.6 | F73: =Raw_Data!L49 -> 29.8 | G73: =Raw_Data!M49 -> 27.8 | H73: =Raw_Data!N49 -> 26.5
A74: =Raw_Data!B49 -> N | B74: =Raw_Data!C50 -> 36.9 | C74: =Raw_Data!D50 -> 24 | D74: =Raw_Data!J50 -> 31.5 | E74: =Raw_Data!K50 -> 30.5 | F74: =Raw_Data!L50 -> 30 | G74: =Raw_Data!M50 -> 28.8 | H74: =Raw_Data!N50 -> 27.5
A75: =Raw_Data!B50 -> Y | B75: =Raw_Data!C51 -> 36.9 | C75: =Raw_Data!D51 -> 24 | D75: =Raw_Data!J51 -> 32.3 | E75: =Raw_Data!K51 -> 30.8 | F75: =Raw_Data!L51 -> 30.2 | G75: =Raw_Data!M51 -> 29 | H75: =Raw_Data!N51 -> 27.8
A76: =Raw_Data!B51 -> N | B76: =Raw_Data!C52 -> 36.9 | C76: =Raw_Data!D52 -> 24 | D76: =Raw_Data!J52 -> 32.8 | E76: =Raw_Data!K52 -> 32.2 | F76: =Raw_Data!L52 -> 30.5 | G76: =Raw_Data!M52 -> 28.5 | H76: =Raw_Data!N52 -> 28
A77: =Raw_Data!B52 -> Y | B77: =Raw_Data!C53 -> 36.9 | C77: =Raw_Data!D53 -> 24 | D77: =Raw_Data!J53 -> 32.8 | E77: =Raw_Data!K53 -> 32.5 | F77: =Raw_Data!L53 -> 30.9 | G77: =Raw_Data!M53 -> 28.7 | H77: =Raw_Data!N53 -> 28.1
A78: =Raw_Data!B53 -> N | B78: =Raw_Data!C54 -> 36.6 | C78: =Raw_Data!D54 -> 24 | D78: =Raw_Data!J54 -> 32.6 | E78: =Raw_Data!K54 -> 32.2 | F78: =Raw_Data!L54 -> 30.5 | G78: =Raw_Data!M54 -> 28.5 | H78: =Raw_Data!N54 -> 28.2
A79: =Raw_Data!B54 -> N | B79: =Raw_Data!C55 -> 36.8 | C79: =Raw_Data!D55 -> 24 | D79: =Raw_Data!J55 -> 31.5 | E79: =Raw_Data!K55 -> 30 | F79: =Raw_Data!L55 -> 29.7 | G79: =Raw_Data!M55 -> 28 | H79: =Raw_Data!N55 -> 27
A80: =Raw_Data!B55 -> Y | B80: =Raw_Data!C56 -> 36.8 | C80: =Raw_Data!D56 -> 24 | D80: =Raw_Data!J56 -> 32.5 | E80: =Raw_Data!K56 -> 30.4 | F80: =Raw_Data!L56 -> 30 | G80: =Raw_Data!M56 -> 28.3 | H80: =Raw_Data!N56 -> 27
A81: =Raw_Data!B56 -> N | B81: =Raw_Data!C57 -> 36.9 | C81: =Raw_Data!D57 -> 24 | D81: =Raw_Data!J57 -> 33 | E81: =Raw_Data!K57 -> 30.4 | F81: =Raw_Data!L57 -> 29.2 | G81: =Raw_Data!M57 -> 27.5 | H81: =Raw_Data!N57 -> 27
C82: AVERAGE_IF_EYEGLASSES_Y | D82: =AVERAGEIF(A69:A81,"=Y",D69:D81) -> 32.78 | E82: =AVERAGEIF(A69:A81,"=Y",E69:E81) -> 31.42 | F82: =AVERAGEIF(A69:A81,"=Y",F69:F81) -> 29.88 | G82: =AVERAGEIF(A69:A81,"=Y",G69:G81) -> 28.4 | H82: =AVERAGEIF(A69:A81,"=Y",H69:H81) -> 27.08
C83: SD | D83: =_xlfn.STDEV.S(D70,D73,D75,D77,D80) -> 0.39623226 | E83: =_xlfn.STDEV.S(E70,E73,E75,E77,E80) -> 1.044988 | F83: =_xlfn.STDEV.S(F70,F73,F75,F77,F80) -> 0.87578536 | G83: =_xlfn.STDEV.S(G70,G73,G75,G77,G80) -> 0.46368092 | H83: =_xlfn.STDEV.S(H70,H73,H75,H77,H80) -> 0.87578536
C84: AVERAGE_IF_EYEGLASSES_N | D84: =AVERAGEIF(A69:A81,"=N",D69:D81) -> 32.675 | E84: =AVERAGEIF(A69:A81,"=N",E69:E81) -> 31.3 | F84: =AVERAGEIF(A69:A81,"=N",F69:F81) -> 29.575 | G84: =AVERAGEIF(A69:A81,"=N",G69:G81) -> 28.025 | H84: =AVERAGEIF(A69:A81,"=N",H69:H81) -> 27.0125
C85: SD | D85: =_xlfn.STDEV.S(D69,D71,D72,D74,D76,D78,D79,D81) -> 1.1247222 | E85: =_xlfn.STDEV.S(E69,E71,E72,E74,E76,E78,E79,E81) -> 1.029563 | F85: =_xlfn.STDEV.S(F69,F71,F72,F74,F76,F78,F79,F81) -> 0.78148211 | G85: =_xlfn.STDEV.S(G69,G71,G72,G74,G76,G78,G79,G81) -> 0.52030211 | H85: =_xlfn.STDEV.S(H69,H71,H72,H74,H76,H78,H79,H81) -> 1.0260013
B87: =B68 -> body temp | C87: =C68 -> ambient temp | D87: =D68 -> 1M | E87: =E68 -> 2M | F87: =F68 -> 3M | G87: =G68 -> 4M | H87: =H68 -> 5M
A88: =Raw_Data!B57 -> N | B88: =Raw_Data!C58 -> 36.7 | C88: =Raw_Data!D58 -> 25 | D88: =Raw_Data!J58 -> 32 | E88: =Raw_Data!K58 -> 30.1 | F88: =Raw_Data!L58 -> 28.8 | G88: =Raw_Data!M58 -> 28 | H88: =Raw_Data!N58 -> 26.2
A89: =Raw_Data!B58 -> N | B89: =Raw_Data!C59 -> 36.8 | C89: =Raw_Data!D59 -> 25 | D89: =Raw_Data!J59 -> 32.6 | E89: =Raw_Data!K59 -> 30.1 | F89: =Raw_Data!L59 -> 29 | G89: =Raw_Data!M59 -> 28.5 | H89: =Raw_Data!N59 -> 27.2
A90: =Raw_Data!B59 -> Y | B90: =Raw_Data!C60 -> 36.8 | C90: =Raw_Data!D60 -> 25 | D90: =Raw_Data!J60 -> 33.1 | E90: =Raw_Data!K60 -> 30.6 | F90: =Raw_Data!L60 -> 29.5 | G90: =Raw_Data!M60 -> 28.5 | H90: =Raw_Data!N60 -> 27.4
A91: =Raw_Data!B60 -> N | B91: =Raw_Data!C61 -> 36.9 | C91: =Raw_Data!D61 -> 25 | D91: =Raw_Data!J61 -> 32.2 | E91: =Raw_Data!K61 -> 30.5 | F91: =Raw_Data!L61 -> 29.8 | G91: =Raw_Data!M61 -> 29 | H91: =Raw_Data!N61 -> 28
A92: =Raw_Data!B61 -> Y | B92: =Raw_Data!C62 -> 36.9 | C92: =Raw_Data!D62 -> 25 | D92: =Raw_Data!J62 -> 32.5 | E92: =Raw_Data!K62 -> 30.7 | F92: =Raw_Data!L62 -> 30.1 | G92: =Raw_Data!M62 -> 29.3 | H92: =Raw_Data!N62 -> 28
A93: =Raw_Data!B62 -> N | B93: =Raw_Data!C63 -> 36.9 | C93: =Raw_Data!D63 -> 25 | D93: =Raw_Data!J63 -> 33.1 | E93: =Raw_Data!K63 -> 31.5 | F93: =Raw_Data!L63 -> 30.6 | G93: =Raw_Data!M63 -> 29.6 | H93: =Raw_Data!N63 -> 28.3
A94: =Raw_Data!B63 -> N | B94: =Raw_Data!C64 -> 36.6 | C94: =Raw_Data!D64 -> 25 | D94: =Raw_Data!J64 -> 32.7 | E94: =Raw_Data!K64 -> 31.1 | F94: =Raw_Data!L64 -> 30.4 | G94: =Raw_Data!M64 -> 29.1 | H94: =Raw_Data!N64 -> 28
A95: =Raw_Data!B64 -> Y | B95: =Raw_Data!C65 -> 36.6 | C95: =Raw_Data!D65 -> 25 | D95: =Raw_Data!J65 -> 32.7 | E95: =Raw_Data!K65 -> 31.4 | F95: =Raw_Data!L65 -> 30.6 | G95: =Raw_Data!M65 -> 29.4 | H95: =Raw_Data!N65 -> 28.3
A96: =Raw_Data!B65 -> N | B96: =Raw_Data!C66 -> 36.7 | C96: =Raw_Data!D66 -> 25 | D96: =Raw_Data!J66 -> 33.2 | E96: =Raw_Data!K66 -> 31.1 | F96: =Raw_Data!L66 -> 30 | G96: =Raw_Data!M66 -> 29.6 | H96: =Raw_Data!N66 -> 28
A97: =Raw_Data!B66 -> N | B97: =Raw_Data!C67 -> 36.9 | C97: =Raw_Data!D67 -> 25 | D97: =Raw_Data!J67 -> 33 | E97: =Raw_Data!K67 -> 31.7 | F97: =Raw_Data!L67 -> 30 | G97: =Raw_Data!M67 -> 29 | H97: =Raw_Data!N67 -> 28
A98: =Raw_Data!B67 -> N | B98: =Raw_Data!C68 -> 36.8 | C98: =Raw_Data!D68 -> 25 | D98: =Raw_Data!J68 -> 33 | E98: =Raw_Data!K68 -> 31.5 | F98: =Raw_Data!L68 -> 30.5 | G98: =Raw_Data!M68 -> 28.8 | H98: =Raw_Data!N68 -> 27.5
A99: =Raw_Data!B68 -> N | B99: =Raw_Data!C69 -> 36.6 | C99: =Raw_Data!D69 -> 25 | D99: =Raw_Data!J69 -> 32.6 | E99: =Raw_Data!K69 -> 30.1 | F99: =Raw_Data!L69 -> 29.3 | G99: =Raw_Data!M69 -> 28.8 | H99: =Raw_Data!N69 -> 28.5
A100: =Raw_Data!B69 -> Y | B100: =Raw_Data!C70 -> 36.6 | C100: =Raw_Data!D70 -> 25 | D100: =Raw_Data!J70 -> 33.2 | E100: =Raw_Data!K70 -> 30.6 | F100: =Raw_Data!L70 -> 29.3 | G100: =Raw_Data!M70 -> 28.7 | H100: =Raw_Data!N70 -> 28.8
C101: AVERAGE_IF_EYEGLASSES_Y | D101: =AVERAGEIF(A88:A100,"=Y",D88:D100) -> 32.875 | E101: =AVERAGEIF(A88:A100,"=Y",E88:E100) -> 30.825 | F101: =AVERAGEIF(A88:A100,"=Y",F88:F100) -> 29.875 | G101: =AVERAGEIF(A88:A100,"=Y",G88:G100) -> 28.975 | H101: =AVERAGEIF(A88:A100,"=Y",H88:H100) -> 28.125
C102: SD | D102: =_xlfn.STDEV.S(D90,D92,D95,D100) -> 0.33040379 | E102: =_xlfn.STDEV.S(E90,E92,E95,E100) -> 0.38622101 | F102: =_xlfn.STDEV.S(F90,F92,F95,F100) -> 0.59090326 | G102: =_xlfn.STDEV.S(G90,G92,G95,G100) -> 0.4425306 | H102: =_xlfn.STDEV.S(H90,H92,H95,H100) -> 0.585235
C103: AVERAGE_IF_EYEGLASSES_N | D103: =AVERAGEIF(A88:A100,"=N",D88:D100) -> 32.711111 | E103: =AVERAGEIF(A88:A100,"=N",E88:E100) -> 30.855556 | F103: =AVERAGEIF(A88:A100,"=N",F88:F100) -> 29.822222 | G103: =AVERAGEIF(A88:A100,"=N",G88:G100) -> 28.933333 | H103: =AVERAGEIF(A88:A100,"=N",H88:H100) -> 27.744444
C104: SD | D104: =_xlfn.STDEV.S(D88,D89,D91,D93,D94,D96,D97,D98,D99) -> 0.41062283 | E104: =_xlfn.STDEV.S(E88,E89,E91,E93,E94,E96,E97,E98,E99) -> 0.66164777 | F104: =_xlfn.STDEV.S(F88,F89,F91,F93,F94,F96,F97,F98,F99) -> 0.65722481 | G104: =_xlfn.STDEV.S(G88,G89,G91,G93,G94,G96,G97,G98,G99) -> 0.50249378 | H104: =_xlfn.STDEV.S(H88,H89,H91,H93,H94,H96,H97,H98,H99) -> 0.69661882

Sheet MLX_R_AVG&SD
A1: Average Values for MLX-R at different ambient temp where eye-glasses is Y | I1: S.D Values for MLX-R at different ambient temp where eye-glasses is Y
A2: =[1]Avarageateachdistance!A1 -> Distance | B2: MLX-R at 16 Degrees Y | C2: MLX-R at 18 Degrees Y | D2: MLX-R at 20 degrees Y | E2: MLX-R at 22 degrees Y | F2: MLX-R at 24 degrees Y | G2: MLX-R at 25 degrees Y | I2: Distance | J2: MLX-R at 16 degrees | K2: MLX-R at 18 Degrees | L2: MLX-R at 20 degrees | M2: MLX-R at 22 degrees | N2: MLX-R at 24 degrees | O2: MLX-R at 25 degrees
A3: 1 | B3: =MLX_R!D16 -> 30.2 | C3: =MLX_R!D33 -> 30.925 | D3: =MLX_R!D47 -> 31.5 | E3: =MLX_R!D63 -> 31.466667 | F3: =MLX_R!D82 -> 32.78 | G3: =MLX_R!D101 -> 32.875 | I3: 1 | J3: =MLX_R!D17 -> 0.79686887 | K3: =MLX_R!D34 -> 0.37749172 | L3: =MLX_R!D48 -> 0.2 | M3: =MLX_R!D64 -> 0.35118846 | N3: =MLX_R!D83 -> 0.39623226 | O3: =MLX_R!D102 -> 0.33040379
A4: 2 | B4: =MLX_R!E16 -> 27.1 | C4: =MLX_R!E33 -> 26.825 | D4: =MLX_R!E47 -> 29.1 | E4: =MLX_R!E63 -> 28.933333 | F4: =MLX_R!E82 -> 31.42 | G4: =MLX_R!E101 -> 30.825 | I4: 2 | J4: =MLX_R!E17 -> 1.2942179 | K4: =MLX_R!E34 -> 0.88835053 | L4: =MLX_R!E48 -> 0.96436508 | M4: =MLX_R!E64 -> 1.2055428 | N4: =MLX_R!E83 -> 1.044988 | O4: =MLX_R!E102 -> 0.38622101
A5: 3 | B5: =MLX_R!F16 -> 24.6 | C5: =MLX_R!F33 -> 25.225 | D5: =MLX_R!F47 -> 27.2 | E5: =MLX_R!F63 -> 27.866667 | F5: =MLX_R!F82 -> 29.88 | G5: =MLX_R!F101 -> 29.875 | I5: 3 | J5: =MLX_R!F17 -> 0.77781746 | K5: =MLX_R!F34 -> 1.0012492 | L5: =MLX_R!F48 -> 0.43588989 | M5: =MLX_R!F64 -> 0.90184995 | N5: =MLX_R!F83 -> 0.87578536 | O5: =MLX_R!F102 -> 0.59090326
A6: 4 | B6: =MLX_R!G16 -> 23.1 | C6: =MLX_R!G33 -> 23.55 | D6: =MLX_R!G47 -> 25.833333 | E6: =MLX_R!G63 -> 27.133333 | F6: =MLX_R!G82 -> 28.4 | G6: =MLX_R!G101 -> 28.975 | I6: 4 | J6: =MLX_R!G17 -> 0.54772256 | K6: =MLX_R!G34 -> 1.3820275 | L6: =MLX_R!G48 -> 0.65064071 | M6: =MLX_R!G64 -> 0.90184995 | N6: =MLX_R!G83 -> 0.46368092 | O6: =MLX_R!G102 -> 0.4425306
A7: 5 | B7: =MLX_R!H16 -> 22.36 | C7: =MLX_R!H33 -> 21.85 | D7: =MLX_R!H47 -> 22.833333 | E7: =MLX_R!H63 -> 25.2 | F7: =MLX_R!H82 -> 27.08 | G7: =MLX_R!H101 -> 28.125 | I7: 5 | J7: =MLX_R!H17 -> 0.49799598 | K7: =MLX_R!H34 -> 1.6842407 | L7: =MLX_R!H48 -> 0.28867513 | M7: =MLX_R!H64 -> 0.96436508 | N7: =MLX_R!H83 -> 0.87578536 | O7: =MLX_R!H102 -> 0.585235
A11: Average Values for MLX-R at different ambient temp where eye-glasses is N | I11: S.D Values for MLX-R at different ambient temp where eye-glasses is N
A12: Distance | B12: MLX-R at 16 Degrees N | C12: MLX-R at 18 Degrees N | D12: MLX-R at 20 degrees N | E12: MLX-R at 22 degrees N | F12: MLX-R at 24 degrees N | G12: MLX-R at 25 degrees N | I12: Distance | J12: MLX-R at 16 degrees | K12: MLX-R at 18 Degrees | L12: MLX-R at 20 degrees | M12: MLX-R at 22 degrees | N12: MLX-R at 24 degrees | O12: MLX-R at 25 degrees
A13: 1 | B13: =MLX_R!D18 -> 30.625 | C13: =MLX_R!D35 -> 31.057143 | D13: =MLX_R!D49 -> 31.1 | E13: =MLX_R!D65 -> 31.642857 | F13: =MLX_R!D84 -> 32.675 | G13: =MLX_R!D103 -> 32.711111 | I13: 1 | J13: =MLX_R!D19 -> 0.6041523 | K13: =MLX_R!D36 -> 0.67294661 | L13: =MLX_R!D50 -> 0.14142136 | M13: =MLX_R!D66 -> 0.63471028 | N13: =MLX_R!D85 -> 1.1247222 | O13: =MLX_R!D104 -> 0.41062283
A14: 2 | B14: =MLX_R!E18 -> 27.285 | C14: =MLX_R!E35 -> 27.428571 | D14: =MLX_R!E49 -> 28.24 | E14: =MLX_R!E65 -> 28.428571 | F14: =MLX_R!E84 -> 31.3 | G14: =MLX_R!E103 -> 30.855556 | I14: 2 | J14: =MLX_R!E19 -> 1.3264668 | K14: =MLX_R!E36 -> 0.84204965 | L14: =MLX_R!E50 -> 1.0784248 | M14: =MLX_R!E66 -> 1.0531133 | N14: =MLX_R!E85 -> 1.029563 | O14: =MLX_R!E104 -> 0.66164777
A15: 3 | B15: =MLX_R!F18 -> 24.95 | C15: =MLX_R!F35 -> 25.485714 | D15: =MLX_R!F49 -> 26.46 | E15: =MLX_R!F65 -> 27.214286 | F15: =MLX_R!F84 -> 29.575 | G15: =MLX_R!F103 -> 29.822222 | I15: 3 | J15: =MLX_R!F19 -> 0.80711125 | K15: =MLX_R!F36 -> 0.75372093 | L15: =MLX_R!F50 -> 0.55497748 | M15: =MLX_R!F66 -> 0.69624845 | N15: =MLX_R!F85 -> 0.78148211 | O15: =MLX_R!F104 -> 0.65722481
A16: 4 | B16: =MLX_R!G18 -> 23.4625 | C16: =MLX_R!G35 -> 23.957143 | D16: =MLX_R!G49 -> 24.98 | E16: =MLX_R!G65 -> 26.557143 | F16: =MLX_R!G84 -> 28.025 | G16: =MLX_R!G103 -> 28.933333 | I16: 4 | J16: =MLX_R!G19 -> 0.51530158 | K16: =MLX_R!G36 -> 1.111841 | L16: =MLX_R!G50 -> 0.91214034 | M16: =MLX_R!G66 -> 0.72997065 | N16: =MLX_R!G85 -> 0.52030211 | O16: =MLX_R!G104 -> 0.50249378
A17: 5 | B17: =MLX_R!H18 -> 22.375 | C17: =MLX_R!H35 -> 22.614286 | D17: =MLX_R!H49 -> 23.12 | E17: =MLX_R!H65 -> 24.242857 | F17: =MLX_R!H84 -> 27.0125 | G17: =MLX_R!H103 -> 27.744444 | I17: 5 | J17: =MLX_R!H19 -> 0.91612538 | K17: =MLX_R!H36 -> 1.2143978 | L17: =MLX_R!H50 -> 0.75960516 | M17: =MLX_R!H66 -> 0.45773771 | N17: =MLX_R!H85 -> 1.0260013 | O17: =MLX_R!H104 -> 0.69661882

Sheet RS_T-10
C1: RS PRO T-10 CAMERA (RS-T10)
A2: =Raw_Data!B2 -> glasses | B2: =MLX_R!B2 -> body temp | C2: =MLX_R!C2 -> ambient temp | D2: =MLX_R!D2 -> 1M | E2: =MLX_R!E2 -> 2M | F2: =MLX_R!F2 -> 3M | G2: =MLX_R!G2 -> 4M | H2: =MLX_R!H2 -> 5M
A3: =Raw_Data!B3 -> N | B3: =MLX_R!B3 -> 36.8 | C3: =MLX_R!C3 -> 16 | D3: =Raw_Data!O3 -> 29.5 | E3: =Raw_Data!P3 -> 27 | F3: =Raw_Data!Q3 -> 26 | G3: =Raw_Data!R3 -> 23 | H3: =Raw_Data!S3 -> 21.7
A4: =Raw_Data!B4 -> Y | B4: =MLX_R!B4 -> 36.8 | C4: =MLX_R!C4 -> 16 | D4: =Raw_Data!O4 -> 30 | E4: =Raw_Data!P4 -> 28.7 | F4: =Raw_Data!Q4 -> 25.7 | G4: =Raw_Data!R4 -> 23.5 | H4: =Raw_Data!S4 -> 22.5
A5: =Raw_Data!B5 -> N | B5: =MLX_R!B5 -> 36.8 | C5: =MLX_R!C5 -> 16 | D5: =Raw_Data!O5 -> 30 | E5: =Raw_Data!P5 -> 28.5 | F5: =Raw_Data!Q5 -> 26.5 | G5: =Raw_Data!R5 -> 24.5 | H5: =Raw_Data!S5 -> 22.5
A6: =Raw_Data!B6 -> Y | B6: =MLX_R!B6 -> 36.6 | C6: =MLX_R!C6 -> 16 | D6: =Raw_Data!O6 -> 32 | E6: =Raw_Data!P6 -> 30 | F6: =Raw_Data!Q6 -> 26 | G6: =Raw_Data!R6 -> 24 | H6: =Raw_Data!S6 -> 22.5
A7: =Raw_Data!B7 -> N | B7: =MLX_R!B7 -> 36.6 | C7: =MLX_R!C7 -> 16 | D7: =Raw_Data!O7 -> 31.5 | E7: =Raw_Data!P7 -> 31 | F7: =Raw_Data!Q7 -> 26.5 | G7: =Raw_Data!R7 -> 24.5 | H7: =Raw_Data!S7 -> 23
A8: =Raw_Data!B8 -> Y | B8: =MLX_R!B8 -> 35.4 | C8: =MLX_R!C8 -> 16 | D8: =Raw_Data!O8 -> 30 | E8: =Raw_Data!P8 -> 27 | F8: =Raw_Data!Q8 -> 25 | G8: =Raw_Data!R8 -> 23 | H8: =Raw_Data!S8 -> 22
A9: =Raw_Data!B9 -> N | B9: =MLX_R!B9 -> 35.4 | C9: =MLX_R!C9 -> 16 | D9: =Raw_Data!O9 -> 30.5 | E9: =Raw_Data!P9 -> 28 | F9: =Raw_Data!Q9 -> 25.5 | G9: =Raw_Data!R9 -> 23 | H9: =Raw_Data!S9 -> 21.5
A10: =Raw_Data!B10 -> N | B10: =MLX_R!B10 -> 36.7 | C10: =MLX_R!C10 -> 16 | D10: =Raw_Data!O10 -> 30 | E10: =Raw_Data!P10 -> 26.7 | F10: =Raw_Data!Q10 -> 25.8 | G10: =Raw_Data!R10 -> 25 | H10: =Raw_Data!S10 -> 23
A11: =Raw_Data!B11 -> N | B11: =MLX_R!B11 -> 36.1 | C11: =MLX_R!C11 -> 16 | D11: =Raw_Data!O11 -> 30.1 | E11: =Raw_Data!P11 -> 28 | F11: =Raw_Data!Q11 -> 26 | G11: =Raw_Data!R11 -> 24 | H11: =Raw_Data!S11 -> 24
A12: =Raw_Data!B12 -> Y | B12: =MLX_R!B12 -> 36.6 | C12: =MLX_R!C12 -> 16 | D12: =Raw_Data!O12 -> 30.1 | E12: =Raw_Data!P12 -> 27.5 | F12: =Raw_Data!Q12 -> 25.8 | G12: =Raw_Data!R12 -> 24.4 | H12: =Raw_Data!S12 -> 23
A13: =Raw_Data!B13 -> N | B13: =MLX_R!B13 -> 36.6 | C13: =MLX_R!C13 -> 16 | D13: =Raw_Data!O13 -> 29.1 | E13: =Raw_Data!P13 -> 28.2 | F13: =Raw_Data!Q13 -> 25.6 | G13: =Raw_Data!R13 -> 24.6 | H13: =Raw_Data!S13 -> 23.5
A14: =Raw_Data!B14 -> Y | B14: =MLX_R!B14 -> 36.4 | C14: =MLX_R!C14 -> 16 | D14: =Raw_Data!O14 -> 29 | E14: =Raw_Data!P14 -> 26 | F14: =Raw_Data!Q14 -> 23.4 | G14: =Raw_Data!R14 -> 21.9 | H14: =Raw_Data!S14 -> 20.5
A15: =Raw_Data!B15 -> N | B15: =MLX_R!B15 -> 36.4 | C15: =MLX_R!C15 -> 16 | D15: =Raw_Data!O15 -> 29.5 | E15: =Raw_Data!P15 -> 26.5 | F15: =Raw_Data!Q15 -> 25.5 | G15: =Raw_Data!R15 -> 23.2 | H15: =Raw_Data!S15 -> 20.5
C16: AVERAGE_IF_EYEGLASSES_Y | D16: =AVERAGEIF(A3:A15,"=Y",D3:D15) -> 30.22 | E16: =AVERAGEIF(A3:A15,"=Y",E3:E15) -> 27.84 | F16: =AVERAGEIF(A3:A15,"=Y",F3:F15) -> 25.18 | G16: =AVERAGEIF(A3:A15,"=Y",G3:G15) -> 23.36 | H16: =AVERAGEIF(A3:A15,"=Y",H3:H15) -> 22.1
C17: SD | D17: =_xlfn.STDEV.S(D4,D6,D8,D12,D14) -> 1.0917875 | E17: =_xlfn.STDEV.S(E4,E6,E8,E12,E14) -> 1.5501613 | F17: =_xlfn.STDEV.S(F4,F6,F8,F12,F14) -> 1.0639549 | G17: =_xlfn.STDEV.S(G4,G6,G8,G12,G14) -> 0.97108187 | H17: =_xlfn.STDEV.S(H4,H6,H8,H12,H14) -> 0.9617692
C18: AVERAGE_IF_EYEGLASSES_N | D18: =AVERAGEIF(A3:A15,"=N",D3:D15) -> 30.025 | E18: =AVERAGEIF(A3:A15,"=N",E3:E15) -> 27.9875 | F18: =AVERAGEIF(A3:A15,"=N",F3:F15) -> 25.925 | G18: =AVERAGEIF(A3:A15,"=N",G3:G15) -> 23.975 | H18: =AVERAGEIF(A3:A15,"=N",H3:H15) -> 22.4625
C19: SD | D19: =_xlfn.STDEV.S(D3,D5,D7,D9,D10,D11,D13,D15) -> 0.73824115 | E19: =_xlfn.STDEV.S(E3,E5,E7,E9,E10,E11,E13,E15) -> 1.4257204 | F19: =_xlfn.STDEV.S(F3,F5,F7,F9,F10,F11,F13,F15) -> 0.40620192 | G19: =_xlfn.STDEV.S(G3,G5,G7,G9,G10,G11,G13,G15) -> 0.80133817 | H19: =_xlfn.STDEV.S(H3,H5,H7,H9,H10,H11,H13,H15) -> 1.1575066
A21: =$A$2 -> glasses | B21: =B2 -> body temp | C21: =C2 -> ambient temp | D21: =D2 -> 1M | E21: =E2 -> 2M | F21: =F2 -> 3M | G21: =G2 -> 4M | H21: =H2 -> 5M
A22: =Raw_Data!B16 -> Y | B22: =MLX_R!B22 -> 36.7 | C22: =MLX_R!C22 -> 18 | D22: =Raw_Data!O16 -> 29.1 | E22: =Raw_Data!P16 -> 27.5 | F22: =Raw_Data!Q16 -> 25.8 | G22: =Raw_Data!R16 -> 24 | H22: =Raw_Data!S16 -> 22.2
A23: =Raw_Data!B17 -> N | B23: =MLX_R!B23 -> 36.7 | C23: =MLX_R!C23 -> 18 | D23: =Raw_Data!O17 -> 29.3 | E23: =Raw_Data!P17 -> 28.1 | F23: =Raw_Data!Q17 -> 26.5 | G23: =Raw_Data!R17 -> 25.2 | H23: =Raw_Data!S17 -> 23.7
A24: =Raw_Data!B18 -> Y | B24: =MLX_R!B24 -> 35.2 | C24: =MLX_R!C24 -> 18 | D24: =Raw_Data!O18 -> 30 | E24: =Raw_Data!P18 -> 28.2 | F24: =Raw_Data!Q18 -> 27 | G24: =Raw_Data!R18 -> 24 | H24: =Raw_Data!S18 -> 20.5
A25: =Raw_Data!B19 -> N | B25: =MLX_R!B25 -> 35.2 | C25: =MLX_R!C25 -> 18 | D25: =Raw_Data!O19 -> 31.5 | E25: =Raw_Data!P19 -> 28.5 | F25: =Raw_Data!Q19 -> 28 | G25: =Raw_Data!R19 -> 25 | H25: =Raw_Data!S19 -> 20.8
A26: =Raw_Data!B20 -> Y | B26: =MLX_R!B26 -> 36.8 | C26: =MLX_R!C26 -> 18 | D26: =Raw_Data!O20 -> 30.5 | E26: =Raw_Data!P20 -> 27.8 | F26: =Raw_Data!Q20 -> 24 | G26: =Raw_Data!R20 -> 22 | H26: =Raw_Data!S20 -> 21
A27: =Raw_Data!B21 -> N | B27: =MLX_R!B27 -> 36.8 | C27: =MLX_R!C27 -> 18 | D27: =Raw_Data!O21 -> 30.5 | E27: =Raw_Data!P21 -> 28.5 | F27: =Raw_Data!Q21 -> 24.5 | G27: =Raw_Data!R21 -> 22.5 | H27: =Raw_Data!S21 -> 22
A28: =Raw_Data!B22 -> N | B28: =MLX_R!B28 -> 36.2 | C28: =MLX_R!C28 -> 18 | D28: =Raw_Data!O22 -> 30 | E28: =Raw_Data!P22 -> 28.5 | F28: =Raw_Data!Q22 -> 26 | G28: =Raw_Data!R22 -> 24.7 | H28: =Raw_Data!S22 -> 23
A29: =Raw_Data!B23 -> N | B29: =MLX_R!B29 -> 36.6 | C29: =MLX_R!C29 -> 18 | D29: =Raw_Data!O23 -> 30 | E29: =Raw_Data!P23 -> 27.4 | F29: =Raw_Data!Q23 -> 25 | G29: =Raw_Data!R23 -> 24.3 | H29: =Raw_Data!S23 -> 22
A30: =Raw_Data!B24 -> Y | B30: =MLX_R!B30 -> 36.8 | C30: =MLX_R!C30 -> 18 | D30: =Raw_Data!O24 -> 29.2 | E30: =Raw_Data!P24 -> 25.5 | F30: =Raw_Data!Q24 -> 26.6 | G30: =Raw_Data!R24 -> 23.3 | H30: =Raw_Data!S24 -> 21.5
A31: =Raw_Data!B25 -> N | B31: =MLX_R!B31 -> 36.8 | C31: =MLX_R!C31 -> 18 | D31: =Raw_Data!O25 -> 29.3 | E31: =Raw_Data!P25 -> 25.5 | F31: =Raw_Data!Q25 -> 26.5 | G31: =Raw_Data!R25 -> 22 | H31: =Raw_Data!S25 -> 23.3
A32: =Raw_Data!B26 -> N | B32: =MLX_R!B32 -> 36.8 | C32: =MLX_R!C32 -> 18 | D32: =Raw_Data!O26 -> 30 | E32: =Raw_Data!P26 -> 27.1 | F32: =Raw_Data!Q26 -> 24.5 | G32: =Raw_Data!R26 -> 23 | H32: =Raw_Data!S26 -> 22.3
C33: AVERAGE_IF_EYEGLASSES_Y | D33: =AVERAGEIF(A22:A32,"=Y",D22:D32) -> 29.7 | E33: =AVERAGEIF(A22:A32,"=Y",E22:E32) -> 27.25 | F33: =AVERAGEIF(A22:A32,"=Y",F22:F32) -> 25.85 | G33: =AVERAGEIF(A22:A32,"=Y",G22:G32) -> 23.325 | H33: =AVERAGEIF(A22:A32,"=Y",H22:H32) -> 21.3
C34: SD | D34: =_xlfn.STDEV.S(D22,D24,D26,D30) -> 0.66833126 | E34: =_xlfn.STDEV.S(E22,E24,E26,E30) -> 1.2013881 | F34: =_xlfn.STDEV.S(F22,F24,F26,F30) -> 1.3304135 | G34: =_xlfn.STDEV.S(G22,G24,G26,G30) -> 0.94295634 | H34: =_xlfn.STDEV.S(H22,H24,H26,H30) -> 0.72571804
C35: AVERAGE_IF_EYEGLASSES_N | D35: =AVERAGEIF(A22:A32,"=N",D22:D32) -> 30.085714 | E35: =AVERAGEIF(A22:A32,"=N",E22:E32) -> 27.657143 | F35: =AVERAGEIF(A22:A32,"=N",F22:F32) -> 25.857143 | G35: =AVERAGEIF(A22:A32,"=N",G22:G32) -> 23.814286 | H35: =AVERAGEIF(A22:A32,"=N",H22:H32) -> 22.442857
C36: SD | D36: =_xlfn.STDEV.S(D23,D25,D27,D28,D29,D31,D32) -> 0.75592895 | E36: =_xlfn.STDEV.S(E23,E25,E27,E28,E29,E31,E32) -> 1.1073349 | F36: =_xlfn.STDEV.S(F23,F25,F27,F28,F29,F31,F32) -> 1.2817399 | G36: =_xlfn.STDEV.S(G23,G25,G27,G28,G29,G31,G32) -> 1.2928374 | H36: =_xlfn.STDEV.S(H23,H25,H27,H28,H29,H31,H32) -> 0.97784993
B38: =B21 -> body temp | C38: =C21 -> ambient temp | D38: =D21 -> 1M | E38: =E21 -> 2M | F38: =F21 -> 3M | G38: =G21 -> 4M | H38: =H21 -> 5M
A39: =Raw_Data!B26 -> N | B39: =MLX_R!B39 -> 36.6 | C39: =MLX_R!C39 -> 20 | D39: =Raw_Data!O27 -> 29.6 | E39: =Raw_Data!P27 -> 27.7 | F39: =Raw_Data!Q27 -> 26.9 | G39: =Raw_Data!R27 -> 26.6 | H39: =Raw_Data!S27 -> 23.7
A40: =Raw_Data!B27 -> N | B40: =MLX_R!B40 -> 36.4 | C40: =MLX_R!C40 -> 20 | D40: =Raw_Data!O28 -> 28.6 | E40: =Raw_Data!P28 -> 27 | F40: =Raw_Data!Q28 -> 24.8 | G40: =Raw_Data!R28 -> 23.8 | H40: =Raw_Data!S28 -> 22.5
A41: =Raw_Data!B28 -> N | B41: =MLX_R!B41 -> 36.9 | C41: =MLX_R!C41 -> 20 | D41: =Raw_Data!O29 -> 29 | E41: =Raw_Data!P29 -> 27.9 | F41: =Raw_Data!Q29 -> 26.2 | G41: =Raw_Data!R29 -> 24.2 | H41: =Raw_Data!S29 -> 22
A42: =Raw_Data!B29 -> Y | B42: =MLX_R!B42 -> 36.9 | C42: =MLX_R!C42 -> 20 | D42: =Raw_Data!O30 -> 29.5 | E42: =Raw_Data!P30 -> 28.4 | F42: =Raw_Data!Q30 -> 27.5 | G42: =Raw_Data!R30 -> 25.7 | H42: =Raw_Data!S30 -> 22.4
A43: =Raw_Data!B30 -> N | B43: =MLX_R!B43 -> 36.4 | C43: =MLX_R!C43 -> 20 | D43: =Raw_Data!O31 -> 30 | E43: =Raw_Data!P31 -> 28.5 | F43: =Raw_Data!Q31 -> 26.8 | G43: =Raw_Data!R31 -> 24.8 | H43: =Raw_Data!S31 -> 22
A44: =Raw_Data!B31 -> Y | B44: =MLX_R!B44 -> 36.4 | C44: =MLX_R!C44 -> 20 | D44: =Raw_Data!O32 -> 30.5 | E44: =Raw_Data!P32 -> 29 | F44: =Raw_Data!Q32 -> 27 | G44: =Raw_Data!R32 -> 25.2 | H44: =Raw_Data!S32 -> 22.4
A45: =Raw_Data!B32 -> N | B45: =MLX_R!B45 -> 36.8 | C45: =MLX_R!C45 -> 20 | D45: =Raw_Data!O33 -> 30.5 | E45: =Raw_Data!P33 -> 28.5 | F45: =Raw_Data!Q33 -> 26.5 | G45: =Raw_Data!R33 -> 24 | H45: =Raw_Data!S33 -> 22.2
A46: =Raw_Data!B33 -> Y | B46: =MLX_R!B46 -> 36.8 | C46: =MLX_R!C46 -> 20 | D46: =Raw_Data!O34 -> 30.8 | E46: =Raw_Data!P34 -> 28.8 | F46: =Raw_Data!Q34 -> 26.8 | G46: =Raw_Data!R34 -> 24.2 | H46: =Raw_Data!S34 -> 22.5
C47: AVERAGE_IF_EYEGLASSES_Y | D47: =AVERAGEIF(A39:A46,"=Y",D39:D46) -> 30.266667 | E47: =AVERAGEIF(A39:A46,"=Y",E39:E46) -> 28.733333 | F47: =AVERAGEIF(A39:A46,"=Y",F39:F46) -> 27.1 | G47: =AVERAGEIF(A39:A46,"=Y",G39:G46) -> 25.033333 | H47: =AVERAGEIF(A39:A46,"=Y",H39:H46) -> 22.433333
C48: SD | D48: =_xlfn.STDEV.S(D42,D44,D46) -> 0.68068593 | E48: =_xlfn.STDEV.S(E42,E44,E46) -> 0.30550505 | F48: =_xlfn.STDEV.S(F42,F44,F46) -> 0.36055513 | G48: =_xlfn.STDEV.S(G42,G44,G46) -> 0.76376262 | H48: =_xlfn.STDEV.S(H42,H44,H46) -> 0.057735027
C49: AVERAGE_IF_EYEGLASSES_N | D49: =AVERAGEIF(A39:A46,"=N",D39:D46) -> 29.54 | E49: =AVERAGEIF(A39:A46,"=N",E39:E46) -> 27.92 | F49: =AVERAGEIF(A39:A46,"=N",F39:F46) -> 26.24 | G49: =AVERAGEIF(A39:A46,"=N",G39:G46) -> 24.68 | H49: =AVERAGEIF(A39:A46,"=N",H39:H46) -> 22.48
C50: SD | D50: =_xlfn.STDEV.S(D39,D40,D41,D43,D45) -> 0.76026311 | E50: =_xlfn.STDEV.S(E39,E40,E41,E43,E45) -> 0.62609903 | F50: =_xlfn.STDEV.S(F39,F40,F41,F43,F45) -> 0.85029407 | G50: =_xlfn.STDEV.S(G39,G40,G41,G43,G45) -> 1.1366618 | H50: =_xlfn.STDEV.S(H39,H40,H41,H43,H45) -> 0.71203932
B52: =MLX_R!B52 -> body temp | C52: =MLX_R!C52 -> ambient temp | D52: =MLX_R!D52 -> 1M | E52: =MLX_R!E52 -> 2M | F52: =MLX_R!F52 -> 3M | G52: =MLX_R!G52 -> 4M | H52: =MLX_R!H52 -> 5M
A53: =Raw_Data!B34 -> N | B53: =MLX_R!B53 -> 36.7 | C53: =MLX_R!C53 -> 22 | D53: =Raw_Data!O35 -> 29.5 | E53: =Raw_Data!P35 -> 28 | F53: =Raw_Data!Q35 -> 26.5 | G53: =Raw_Data!R35 -> 25 | H53: =Raw_Data!S35 -> 24.2
A54: =Raw_Data!B35 -> Y | B54: =MLX_R!B54 -> 36.7 | C54: =MLX_R!C54 -> 22 | D54: =Raw_Data!O36 -> 29.8 | E54: =Raw_Data!P36 -> 28.2 | F54: =Raw_Data!Q36 -> 27.2 | G54: =Raw_Data!R36 -> 26 | H54: =Raw_Data!S36 -> 24.5
A55: =Raw_Data!B36 -> N | B55: =MLX_R!B55 -> 36.8 | C55: =MLX_R!C55 -> 22 | D55: =Raw_Data!O37 -> 30.2 | E55: =Raw_Data!P37 -> 28 | F55: =Raw_Data!Q37 -> 27.2 | G55: =Raw_Data!R37 -> 25.2 | H55: =Raw_Data!S37 -> 24.1
A56: =Raw_Data!B37 -> N | B56: =MLX_R!B56 -> 36.6 | C56: =MLX_R!C56 -> 22 | D56: =Raw_Data!O38 -> 29.7 | E56: =Raw_Data!P38 -> 27.2 | F56: =Raw_Data!Q38 -> 26.2 | G56: =Raw_Data!R38 -> 24.7 | H56: =Raw_Data!S38 -> 23
A57: =Raw_Data!B38 -> N | B57: =MLX_R!B57 -> 36.9 | C57: =MLX_R!C57 -> 22 | D57: =Raw_Data!O39 -> 30.5 | E57: =Raw_Data!P39 -> 29 | F57: =Raw_Data!Q39 -> 27 | G57: =Raw_Data!R39 -> 26.1 | H57: =Raw_Data!S39 -> 24
A58: =Raw_Data!B39 -> N | B58: =MLX_R!B58 -> 36.7 | C58: =MLX_R!C58 -> 22 | D58: =Raw_Data!O40 -> 30.5 | E58: =Raw_Data!P40 -> 28.2 | F58: =Raw_Data!Q40 -> 27.6 | G58: =Raw_Data!R40 -> 26.6 | H58: =Raw_Data!S40 -> 25
A59: =Raw_Data!B40 -> N | B59: =MLX_R!B59 -> 36.8 | C59: =MLX_R!C59 -> 22 | D59: =Raw_Data!O41 -> 29.3 | E59: =Raw_Data!P41 -> 28.6 | F59: =Raw_Data!Q41 -> 27.3 | G59: =Raw_Data!R41 -> 26.6 | H59: =Raw_Data!S41 -> 24
A60: =Raw_Data!B41 -> Y | B60: =MLX_R!B60 -> 36.8 | C60: =MLX_R!C60 -> 22 | D60: =Raw_Data!O42 -> 29.8 | E60: =Raw_Data!P42 -> 29 | F60: =Raw_Data!Q42 -> 27.4 | G60: =Raw_Data!R42 -> 26.8 | H60: =Raw_Data!S42 -> 24.2
A61: =Raw_Data!B42 -> N | B61: =MLX_R!B61 -> 36.9 | C61: =MLX_R!C61 -> 22 | D61: =Raw_Data!O43 -> 30 | E61: =Raw_Data!P43 -> 29 | F61: =Raw_Data!Q43 -> 28.5 | G61: =Raw_Data!R43 -> 27.4 | H61: =Raw_Data!S43 -> 25.2
A62: =Raw_Data!B43 -> Y | B62: =MLX_R!B62 -> 36.9 | C62: =MLX_R!C62 -> 22 | D62: =Raw_Data!O44 -> 30.3 | E62: =Raw_Data!P44 -> 29.2 | F62: =Raw_Data!Q44 -> 28.7 | G62: =Raw_Data!R44 -> 27.8 | H62: =Raw_Data!S44 -> 25.5
C63: AVERAGE_IF_EYEGLASSES_Y | D63: =AVERAGEIF(A53:A62,"=Y",D53:D62) -> 29.966667 | E63: =AVERAGEIF(A53:A62,"=Y",E53:E62) -> 28.8 | F63: =AVERAGEIF(A53:A62,"=Y",F53:F62) -> 27.766667 | G63: =AVERAGEIF(A53:A62,"=Y",G53:G62) -> 26.866667 | H63: =AVERAGEIF(A53:A62,"=Y",H53:H62) -> 24.733333
C64: SD | D64: =_xlfn.STDEV.S(D54,D60,D62) -> 0.28867513 | E64: =_xlfn.STDEV.S(E54,E60,E62) -> 0.52915026 | F64: =_xlfn.STDEV.S(F54,F60,F62) -> 0.81445278 | G64: =_xlfn.STDEV.S(G54,G60,G62) -> 0.90184995 | H64: =_xlfn.STDEV.S(H54,H60,H62) -> 0.68068593
C65: AVERAGE_IF_EYEGLASSES_N | D65: =AVERAGEIF(A53:A62,"=N",D53:D62) -> 29.957143 | E65: =AVERAGEIF(A53:A62,"=N",E53:E62) -> 28.285714 | F65: =AVERAGEIF(A53:A62,"=N",F53:F62) -> 27.185714 | G65: =AVERAGEIF(A53:A62,"=N",G53:G62) -> 25.942857 | H65: =AVERAGEIF(A53:A62,"=N",H53:H62) -> 24.214286
C66: SD | D66: =_xlfn.STDEV.S(D53,D55,D56,D57,D58,D59,D61) -> 0.47559487 | E66: =_xlfn.STDEV.S(E53,E55,E56,E57,E58,E59,E61) -> 0.64142698 | F66: =_xlfn.STDEV.S(F53,F55,F56,F57,F58,F59,F61) -> 0.75150642 | G66: =_xlfn.STDEV.S(G53,G55,G56,G57,G58,G59,G61) -> 0.99976188 | H66: =_xlfn.STDEV.S(H53,H55,H56,H57,H58,H59,H61) -> 0.72670162
B68: =B52 -> body temp | C68: =C52 -> ambient temp | D68: =D52 -> 1M | E68: =E52 -> 2M | F68: =F52 -> 3M | G68: =G52 -> 4M | H68: =H52 -> 5M
A69: =Raw_Data!B44 -> N | B69: =MLX_R!B69 -> 36.9 | C69: =MLX_R!C69 -> 24 | D69: =Raw_Data!O45 -> 31 | E69: =Raw_Data!P45 -> 30.7 | F69: =Raw_Data!Q45 -> 28 | G69: =Raw_Data!R45 -> 27 | H69: =Raw_Data!S45 -> 26
A70: =Raw_Data!B45 -> Y | B70: =MLX_R!B70 -> 36.9 | C70: =MLX_R!C70 -> 24 | D70: =Raw_Data!O46 -> 31.5 | E70: =Raw_Data!P46 -> 30.8 | F70: =Raw_Data!Q46 -> 28.5 | G70: =Raw_Data!R46 -> 27.5 | H70: =Raw_Data!S46 -> 26.5
A71: =Raw_Data!B46 -> N | B71: =MLX_R!B71 -> 36.7 | C71: =MLX_R!C71 -> 24 | D71: =Raw_Data!O47 -> 32 | E71: =Raw_Data!P47 -> 31.2 | F71: =Raw_Data!Q47 -> 28.8 | G71: =Raw_Data!R47 -> 28.2 | H71: =Raw_Data!S47 -> 28
A72: =Raw_Data!B47 -> N | B72: =MLX_R!B72 -> 36.5 | C72: =MLX_R!C72 -> 24 | D72: =Raw_Data!O48 -> 32 | E72: =Raw_Data!P48 -> 30.8 | F72: =Raw_Data!Q48 -> 28.3 | G72: =Raw_Data!R48 -> 27.5 | H72: =Raw_Data!S48 -> 26
A73: =Raw_Data!B48 -> Y | B73: =MLX_R!B73 -> 36.5 | C73: =MLX_R!C73 -> 24 | D73: =Raw_Data!O49 -> 32.2 | E73: =Raw_Data!P49 -> 31 | F73: =Raw_Data!Q49 -> 28.5 | G73: =Raw_Data!R49 -> 27.8 | H73: =Raw_Data!S49 -> 26.2
A74: =Raw_Data!B49 -> N | B74: =MLX_R!B74 -> 36.9 | C74: =MLX_R!C74 -> 24 | D74: =Raw_Data!O50 -> 30.9 | E74: =Raw_Data!P50 -> 30.2 | F74: =Raw_Data!Q50 -> 29 | G74: =Raw_Data!R50 -> 28.8 | H74: =Raw_Data!S50 -> 26
A75: =Raw_Data!B50 -> Y | B75: =MLX_R!B75 -> 36.9 | C75: =MLX_R!C75 -> 24 | D75: =Raw_Data!O51 -> 31.2 | E75: =Raw_Data!P51 -> 30.4 | F75: =Raw_Data!Q51 -> 30.2 | G75: =Raw_Data!R51 -> 27 | H75: =Raw_Data!S51 -> 26.5
A76: =Raw_Data!B51 -> N | B76: =MLX_R!B76 -> 36.9 | C76: =MLX_R!C76 -> 24 | D76: =Raw_Data!O52 -> 31.5 | E76: =Raw_Data!P52 -> 30.8 | F76: =Raw_Data!Q52 -> 29.3 | G76: =Raw_Data!R52 -> 27 | H76: =Raw_Data!S52 -> 25.5
A77: =Raw_Data!B52 -> Y | B77: =MLX_R!B77 -> 36.9 | C77: =MLX_R!C77 -> 24 | D77: =Raw_Data!O53 -> 31.7 | E77: =Raw_Data!P53 -> 31 | F77: =Raw_Data!Q53 -> 30.1 | G77: =Raw_Data!R53 -> 27.4 | H77: =Raw_Data!S53 -> 26
A78: =Raw_Data!B53 -> N | B78: =MLX_R!B78 -> 36.6 | C78: =MLX_R!C78 -> 24 | D78: =Raw_Data!O54 -> 31.6 | E78: =Raw_Data!P54 -> 30.8 | F78: =Raw_Data!Q54 -> 29.7 | G78: =Raw_Data!R54 -> 27 | H78: =Raw_Data!S54 -> 25.7
A79: =Raw_Data!B54 -> N | B79: =MLX_R!B79 -> 36.8 | C79: =MLX_R!C79 -> 24 | D79: =Raw_Data!O55 -> 31 | E79: =Raw_Data!P55 -> 29.7 | F79: =Raw_Data!Q55 -> 28 | G79: =Raw_Data!R55 -> 27 | H79: =Raw_Data!S55 -> 26.8
A80: =Raw_Data!B55 -> Y | B80: =MLX_R!B80 -> 36.8 | C80: =MLX_R!C80 -> 24 | D80: =Raw_Data!O56 -> 31.5 | E80: =Raw_Data!P56 -> 30.2 | F80: =Raw_Data!Q56 -> 28.5 | G80: =Raw_Data!R56 -> 27.3 | H80: =Raw_Data!S56 -> 26.8
A81: =Raw_Data!B56 -> N | B81: =MLX_R!B81 -> 36.9 | C81: =MLX_R!C81 -> 24 | D81: =Raw_Data!O57 -> 31.7 | E81: =Raw_Data!P57 -> 30 | F81: =Raw_Data!Q57 -> 28.5 | G81: =Raw_Data!R57 -> 27.2 | H81: =Raw_Data!S57 -> 26.6
C82: AVERAGE_IF_EYEGLASSES_Y | D82: =AVERAGEIF(A69:A81,"=Y",D69:D81) -> 31.62 | E82: =AVERAGE(E69:E81) -> 30.584615 | F82: =AVERAGE(F69:F81) -> 28.876923 | G82: =AVERAGE(G69:G81) -> 27.438462 | H82: =AVERAGE(H69:H81) -> 26.353846
C83: SD | D83: =_xlfn.STDEV.S(D70,D73,D75,D77,D80) -> 0.37013511 | E83: =_xlfn.STDEV.S(E70,E73,E75,E77,E80) -> 0.36331804 | F83: =_xlfn.STDEV.S(F70,F73,F75,F77,F80) -> 0.90443352 | G83: =_xlfn.STDEV.S(G70,G73,G75,G77,G80) -> 0.29154759 | H83: =_xlfn.STDEV.S(H70,H73,H75,H77,H80) -> 0.3082207
C84: AVERAGE_IF_EYEGLASSES_N | D84: =AVERAGEIF(A69:A81,"=N",D69:D81) -> 31.4625 | E84: =AVERAGEIF(A69:A81,"=N",E69:E81) -> 30.525 | F84: =AVERAGEIF(A69:A81,"=N",F69:F81) -> 28.7 | G84: =AVERAGEIF(A69:A81,"=N",G69:G81) -> 27.4625 | H84: =AVERAGEIF(A69:A81,"=N",H69:H81) -> 26.325
C85: SD | D85: =_xlfn.STDEV.S(D69,D71,D72,D74,D76,D78,D79,D81) -> 0.4470139 | E85: =_xlfn.STDEV.S(E69,E71,E72,E74,E76,E78,E79,E81) -> 0.50355876 | F85: =_xlfn.STDEV.S(F69,F71,F72,F74,F76,F78,F79,F81) -> 0.61411958 | G85: =_xlfn.STDEV.S(G69,G71,G72,G74,G76,G78,G79,G81) -> 0.68230178 | H85: =_xlfn.STDEV.S(H69,H71,H72,H74,H76,H78,H79,H81) -> 0.80133817
B87: =B68 -> body temp | C87: =C68 -> ambient temp | D87: =D68 -> 1M | E87: =E68 -> 2M | F87: =F68 -> 3M | G87: =G68 -> 4M | H87: =H68 -> 5M
A88: =Raw_Data!B57 -> N | B88: =Raw_Data!C58 -> 36.7 | C88: =Raw_Data!D58 -> 25 | D88: =Raw_Data!O58 -> 31.5 | E88: =Raw_Data!P58 -> 30 | F88: =Raw_Data!Q58 -> 28.8 | G88: =Raw_Data!R58 -> 27 | H88: =Raw_Data!S58 -> 25.9
A89: =Raw_Data!B58 -> N | B89: =Raw_Data!C59 -> 36.8 | C89: =Raw_Data!D59 -> 25 | D89: =Raw_Data!O59 -> 31 | E89: =Raw_Data!P59 -> 29 | F89: =Raw_Data!Q59 -> 28.5 | G89: =Raw_Data!R59 -> 27 | H89: =Raw_Data!S59 -> 26
A90: =Raw_Data!B59 -> Y | B90: =Raw_Data!C60 -> 36.8 | C90: =Raw_Data!D60 -> 25 | D90: =Raw_Data!O60 -> 31.2 | E90: =Raw_Data!P60 -> 29.2 | F90: =Raw_Data!Q60 -> 28.8 | G90: =Raw_Data!R60 -> 27.7 | H90: =Raw_Data!S60 -> 26.3
A91: =Raw_Data!B60 -> N | B91: =Raw_Data!C61 -> 36.9 | C91: =Raw_Data!D61 -> 25 | D91: =Raw_Data!O61 -> 30.5 | E91: =Raw_Data!P61 -> 29.9 | F91: =Raw_Data!Q61 -> 29 | G91: =Raw_Data!R61 -> 28 | H91: =Raw_Data!S61 -> 27
A92: =Raw_Data!B61 -> Y | B92: =Raw_Data!C62 -> 36.9 | C92: =Raw_Data!D62 -> 25 | D92: =Raw_Data!O62 -> 30.6 | E92: =Raw_Data!P62 -> 30 | F92: =Raw_Data!Q62 -> 29.4 | G92: =Raw_Data!R62 -> 28.7 | H92: =Raw_Data!S62 -> 27.2
A93: =Raw_Data!B62 -> N | B93: =Raw_Data!C63 -> 36.9 | C93: =Raw_Data!D63 -> 25 | D93: =Raw_Data!O63 -> 30.8 | E93: =Raw_Data!P63 -> 30.2 | F93: =Raw_Data!Q63 -> 29.4 | G93: =Raw_Data!R63 -> 28 | H93: =Raw_Data!S63 -> 27
A94: =Raw_Data!B63 -> N | B94: =Raw_Data!C64 -> 36.6 | C94: =Raw_Data!D64 -> 25 | D94: =Raw_Data!O64 -> 31 | E94: =Raw_Data!P64 -> 30.2 | F94: =Raw_Data!Q64 -> 29 | G94: =Raw_Data!R64 -> 28.3 | H94: =Raw_Data!S64 -> 27
A95: =Raw_Data!B64 -> Y | B95: =Raw_Data!C65 -> 36.6 | C95: =Raw_Data!D65 -> 25 | D95: =Raw_Data!O65 -> 31.4 | E95: =Raw_Data!P65 -> 30.2 | F95: =Raw_Data!Q65 -> 29.2 | G95: =Raw_Data!R65 -> 28.6 | H95: =Raw_Data!S65 -> 27
A96: =Raw_Data!B65 -> N | B96: =Raw_Data!C66 -> 36.7 | C96: =Raw_Data!D66 -> 25 | D96: =Raw_Data!O66 -> 31.2 | E96: =Raw_Data!P66 -> 29.5 | F96: =Raw_Data!Q66 -> 28.4 | G96: =Raw_Data!R66 -> 27.3 | H96: =Raw_Data!S66 -> 26.5
A97: =Raw_Data!B66 -> N | B97: =Raw_Data!C67 -> 36.9 | C97: =Raw_Data!D67 -> 25 | D97: =Raw_Data!O67 -> 31.1 | E97: =Raw_Data!P67 -> 30 | F97: =Raw_Data!Q67 -> 29.2 | G97: =Raw_Data!R67 -> 28.1 | H97: =Raw_Data!S67 -> 27
A98: =Raw_Data!B67 -> N | B98: =Raw_Data!C68 -> 36.8 | C98: =Raw_Data!D68 -> 25 | D98: =Raw_Data!O68 -> 31.4 | E98: =Raw_Data!P68 -> 30.8 | F98: =Raw_Data!Q68 -> 29.5 | G98: =Raw_Data!R68 -> 27.8 | H98: =Raw_Data!S68 -> 26.5
A99: =Raw_Data!B68 -> N | B99: =Raw_Data!C69 -> 36.6 | C99: =Raw_Data!D69 -> 25 | D99: =Raw_Data!O69 -> 29.2 | E99: =Raw_Data!P69 -> 27.7 | F99: =Raw_Data!Q69 -> 26.2 | G99: =Raw_Data!R69 -> 24.1 | H99: =Raw_Data!S69 -> 23.9
A100: =Raw_Data!B69 -> Y | B100: =Raw_Data!C70 -> 36.6 | C100: =Raw_Data!D70 -> 25 | D100: =Raw_Data!O70 -> 28.9 | E100: =Raw_Data!P70 -> 29.1 | F100: =Raw_Data!Q70 -> 26.6 | G100: =Raw_Data!R70 -> 24.2 | H100: =Raw_Data!S70 -> 24.6
C101: AVERAGE_IF_EYEGLASSES_Y | D101: =AVERAGEIF(A88:A100,"=Y",D88:D100) -> 30.525 | E101: =AVERAGEIF(A88:A100,"=Y",E88:E100) -> 29.625 | F101: =AVERAGEIF(A88:A100,"=Y",F88:F100) -> 28.5 | G101: =AVERAGEIF(A88:A100,"=Y",G88:G100) -> 27.3 | H101: =AVERAGEIF(A88:A100,"=Y",H88:H100) -> 26.275
C102: SD | D102: =_xlfn.STDEV.S(D90,D92,D95,D100) -> 1.1354148 | E102: =_xlfn.STDEV.S(E90,E92,E95,E100) -> 0.55602758 | F102: =_xlfn.STDEV.S(F90,F92,F95,F100) -> 1.2909944 | G102: =_xlfn.STDEV.S(G90,G92,G95,G100) -> 2.1150256 | H102: =_xlfn.STDEV.S(H90,H92,H95,H100) -> 1.1814539
C103: AVERAGE_IF_EYEGLASSES_N | D103: =AVERAGEIF(A88:A100,"=N",D88:D100) -> 30.855556 | E103: =AVERAGEIF(A88:A100,"=N",E88:E100) -> 29.7 | F103: =AVERAGEIF(A88:A100,"=N",F88:F100) -> 28.666667 | G103: =AVERAGEIF(A88:A100,"=N",G88:G100) -> 27.288889 | H103: =AVERAGEIF(A88:A100,"=N",H88:H100) -> 26.311111
C104: SD | D104: =_xlfn.STDEV.S(D88,D89,D91,D93,D94,D96,D97,D98,D99) -> 0.68940393 | E104: =_xlfn.STDEV.S(E88,E89,E91,E93,E94,E96,E97,E98,E99) -> 0.89861004 | F104: =_xlfn.STDEV.S(F88,F89,F91,F93,F94,F96,F97,F98,F99) -> 0.99624294 | G104: =_xlfn.STDEV.S(G88,G89,G91,G93,G94,G96,G97,G98,G99) -> 1.288841 | H104: =_xlfn.STDEV.S(H88,H89,H91,H93,H94,H96,H97,H98,H99) -> 1.0030509

Sheet RS_T-10_AVG&SD
A1: Average Values for RS_T-10 at different ambient temp where eye-glasses is Y | I1: S.D Values for RS_T-10 at different ambient temp where eye-glasses is Y
A2: =[1]Avarageateachdistance!A1 -> Distance | B2: RS-T10 at 16 Degrees Y | C2: RS-T10 at 18 Degrees Y | D2: RS-T10 at 20 degrees Y | E2: RS-T10 at 22 degrees Y | F2: RS-T10 at 24 degrees Y | G2: RS-T10 at 25 degrees Y | I2: Distance | J2: RS-T10 at 16 degrees | K2: RS-T10 at 18 Degrees | L2: RS-T10at 20 degrees | M2: RS-T10 at 22 degrees | N2: RS-T10 at 24 degrees | O2: RS-T10 at 25 degrees
A3: 1 | B3: ='RS_T-10'!D16 -> 30.22 | C3: ='RS_T-10'!D33 -> 29.7 | D3: ='RS_T-10'!D47 -> 30.266667 | E3: ='RS_T-10'!D63 -> 29.966667 | F3: ='RS_T-10'!D82 -> 31.62 | G3: ='RS_T-10'!D101 -> 30.525 | I3: 1 | J3: ='RS_T-10'!D17 -> 1.0917875 | K3: ='RS_T-10'!D34 -> 0.66833126 | L3: ='RS_T-10'!D48 -> 0.68068593 | M3: ='RS_T-10'!D64 -> 0.28867513 | N3: ='RS_T-10'!D83 -> 0.37013511 | O3: ='RS_T-10'!D102 -> 1.1354148
A4: 2 | B4: ='RS_T-10'!E16 -> 27.84 | C4: ='RS_T-10'!E33 -> 27.25 | D4: ='RS_T-10'!E47 -> 28.733333 | E4: ='RS_T-10'!E63 -> 28.8 | F4: ='RS_T-10'!E82 -> 30.584615 | G4: ='RS_T-10'!E101 -> 29.625 | I4: 2 | J4: ='RS_T-10'!E17 -> 1.5501613 | K4: ='RS_T-10'!E34 -> 1.2013881 | L4: ='RS_T-10'!E48 -> 0.30550505 | M4: ='RS_T-10'!E64 -> 0.52915026 | N4: ='RS_T-10'!E83 -> 0.36331804 | O4: ='RS_T-10'!E102 -> 0.55602758
A5: 3 | B5: ='RS_T-10'!F16 -> 25.18 | C5: ='RS_T-10'!F33 -> 25.85 | D5: ='RS_T-10'!F47 -> 27.1 | E5: ='RS_T-10'!F63 -> 27.766667 | F5: ='RS_T-10'!F82 -> 28.876923 | G5: ='RS_T-10'!F101 -> 28.5 | I5: 3 | J5: ='RS_T-10'!F17 -> 1.0639549 | K5: ='RS_T-10'!F34 -> 1.3304135 | L5: ='RS_T-10'!F48 -> 0.36055513 | M5: ='RS_T-10'!F64 -> 0.81445278 | N5: ='RS_T-10'!F83 -> 0.90443352 | O5: ='RS_T-10'!F102 -> 1.2909944
A6: 4 | B6: ='RS_T-10'!G16 -> 23.36 | C6: ='RS_T-10'!G33 -> 23.325 | D6: ='RS_T-10'!G47 -> 25.033333 | E6: ='RS_T-10'!G63 -> 26.866667 | F6: ='RS_T-10'!G82 -> 27.438462 | G6: ='RS_T-10'!G101 -> 27.3 | I6: 4 | J6: ='RS_T-10'!G17 -> 0.97108187 | K6: ='RS_T-10'!G34 -> 0.94295634 | L6: ='RS_T-10'!G48 -> 0.76376262 | M6: ='RS_T-10'!G64 -> 0.90184995 | N6: ='RS_T-10'!G83 -> 0.29154759 | O6: ='RS_T-10'!G102 -> 2.1150256
A7: 5 | B7: ='RS_T-10'!H16 -> 22.1 | C7: ='RS_T-10'!H33 -> 21.3 | D7: ='RS_T-10'!H47 -> 22.433333 | E7: ='RS_T-10'!H63 -> 24.733333 | F7: ='RS_T-10'!H82 -> 26.353846 | G7: ='RS_T-10'!H101 -> 26.275 | I7: 5 | J7: ='RS_T-10'!H17 -> 0.9617692 | K7: ='RS_T-10'!H34 -> 0.72571804 | L7: ='RS_T-10'!H48 -> 0.057735027 | M7: ='RS_T-10'!H64 -> 0.68068593 | N7: ='RS_T-10'!H83 -> 0.3082207 | O7: ='RS_T-10'!H102 -> 1.1814539
A10: Average Values for RS_T-10 at different ambient temp where eye-glasses is N | I10: S.D Values for RS_T-10 at different ambient temp where eye-glasses is N
A11: Distance | B11: RS-T10 at 16 Degrees N | C11: RS-T10 at 18 Degrees N | D11: RS-T10 at 20 degrees N | E11: RS-T10 at 22 degrees N | F11: RS-T10 at 24 degrees N | G11: RS-T10 at 25 degrees N | I11: Distance | J11: RS-T10 at 16 degrees | K11: RS-T10 at 18 Degrees | L11: RS-T10at 20 degrees | M11: RS-T10 at 22 degrees | N11: RS-T10 at 24 degrees | O11: RS-T10 at 25 degrees
A12: 1 | B12: ='RS_T-10'!D18 -> 30.025 | C12: ='RS_T-10'!D35 -> 30.085714 | D12: ='RS_T-10'!D49 -> 29.54 | E12: ='RS_T-10'!D65 -> 29.957143 | F12: ='RS_T-10'!D84 -> 31.4625 | G12: ='RS_T-10'!D103 -> 30.855556 | I12: 1 | J12: ='RS_T-10'!D19 -> 0.73824115 | K12: ='RS_T-10'!D36 -> 0.75592895 | L12: ='RS_T-10'!D66 -> 0.47559487 | M12: ='RS_T-10'!D66 -> 0.47559487 | N12: ='RS_T-10'!D85 -> 0.4470139 | O12: ='RS_T-10'!D104 -> 0.68940393
A13: 2 | B13: ='RS_T-10'!E18 -> 27.9875 | C13: ='RS_T-10'!E35 -> 27.657143 | D13: ='RS_T-10'!E49 -> 27.92 | E13: ='RS_T-10'!E65 -> 28.285714 | F13: ='RS_T-10'!E84 -> 30.525 | G13: ='RS_T-10'!E103 -> 29.7 | I13: 2 | J13: ='RS_T-10'!E19 -> 1.4257204 | K13: ='RS_T-10'!E36 -> 1.1073349 | L13: ='RS_T-10'!E66 -> 0.64142698 | M13: ='RS_T-10'!E66 -> 0.64142698 | N13: ='RS_T-10'!E85 -> 0.50355876 | O13: ='RS_T-10'!E104 -> 0.89861004
A14: 3 | B14: ='RS_T-10'!F18 -> 25.925 | C14: ='RS_T-10'!F35 -> 25.857143 | D14: ='RS_T-10'!F49 -> 26.24 | E14: ='RS_T-10'!F65 -> 27.185714 | F14: ='RS_T-10'!F84 -> 28.7 | G14: ='RS_T-10'!F103 -> 28.666667 | I14: 3 | J14: ='RS_T-10'!F19 -> 0.40620192 | K14: ='RS_T-10'!F36 -> 1.2817399 | L14: ='RS_T-10'!F66 -> 0.75150642 | M14: ='RS_T-10'!F66 -> 0.75150642 | N14: ='RS_T-10'!F85 -> 0.61411958 | O14: ='RS_T-10'!F104 -> 0.99624294
A15: 4 | B15: ='RS_T-10'!G18 -> 23.975 | C15: ='RS_T-10'!G35 -> 23.814286 | D15: ='RS_T-10'!G49 -> 24.68 | E15: ='RS_T-10'!G65 -> 25.942857 | F15: ='RS_T-10'!G84 -> 27.4625 | G15: ='RS_T-10'!G103 -> 27.288889 | I15: 4 | J15: ='RS_T-10'!G19 -> 0.80133817 | K15: ='RS_T-10'!G36 -> 1.2928374 | L15: ='RS_T-10'!G66 -> 0.99976188 | M15: ='RS_T-10'!G66 -> 0.99976188 | N15: ='RS_T-10'!G85 -> 0.68230178 | O15: ='RS_T-10'!G104 -> 1.288841
A16: 5 | B16: ='RS_T-10'!H18 -> 22.4625 | C16: ='RS_T-10'!H35 -> 22.442857 | D16: ='RS_T-10'!H49 -> 22.48 | E16: ='RS_T-10'!H65 -> 24.214286 | F16: ='RS_T-10'!H84 -> 26.325 | G16: ='RS_T-10'!H103 -> 26.311111 | I16: 5 | J16: ='RS_T-10'!H19 -> 1.1575066 | K16: ='RS_T-10'!H36 -> 0.97784993 | L16: ='RS_T-10'!H66 -> 0.72670162 | M16: ='RS_T-10'!H66 -> 0.72670162 | N16: ='RS_T-10'!H85 -> 0.80133817 | O16: ='RS_T-10'!H104 -> 1.0030509

Sheet AVG_AB_TEMP_Y

Sheet AVG_AB_TEMP_N

Sheet AV&SD@25degree_AB_T

Sheet AV&SD@16degree_AB_T

Sheet comparison _MLX-P_MLX-R_RS-T10

Sheet ALL ABT

Sheet RAWDATA SORTED BY_EYEglasses
A1: =Raw_Data!A1 -> 0 | B1: =Raw_Data!B1 -> 0 | C1: =Raw_Data!C1 -> 0 | D1: =Raw_Data!D1 -> 0 | E1: MLX-P | F1: =Raw_Data!F1 -> 0 | G1: =Raw_Data!G1 -> 0 | H1: =Raw_Data!H1 -> 0 | I1: =Raw_Data!I1 -> 0 | J1: MLX-R | K1: =Raw_Data!K1 -> 0 | L1: =Raw_Data!L1 -> 0 | M1: =Raw_Data!M1 -> 0 | N1: =Raw_Data!N1 -> 0 | O1: RS-T10 | P1: =Raw_Data!P1 -> 0 | Q1: =Raw_Data!Q1 -> 0 | R1: =Raw_Data!R1 -> 0 | S1: =Raw_Data!S1 -> 0
A2: =Raw_Data!A2 -> ID | B2: =Raw_Data!B2 -> glasses | C2: =Raw_Data!C2 -> body temp | D2: =Raw_Data!D2 -> ambient temp | E2: =Raw_Data!E2 -> 1M | F2: =Raw_Data!F2 -> 2M | G2: =Raw_Data!G2 -> 3M | H2: =Raw_Data!H2 -> 4M | ... S2: =Raw_Data!S2 -> 5M
A3: =Raw_Data!A3 -> 1 | B3: =Raw_Data!B3 -> N | C3: =Raw_Data!C3 -> 36.8 | D3: =Raw_Data!D3 -> 16 | E3: =Raw_Data!E3 -> 30.3 | F3: =Raw_Data!F3 -> 25.5 | G3: =Raw_Data!G3 -> 23 | H3: =Raw_Data!H3 -> 22.06 | ... S3: =Raw_Data!S3 -> 21.7
A4: =Raw_Data!A4 -> 2 | B4: =Raw_Data!B5 -> N | C4: =Raw_Data!C5 -> 36.8 | D4: =Raw_Data!D5 -> 16 | E4: =Raw_Data!E5 -> 30.3 | F4: =Raw_Data!F5 -> 30 | G4: =Raw_Data!G5 -> 25.5 | H4: =Raw_Data!H5 -> 23.5 | I4: =Raw_Data!I5 -> 22 | ... S4: =Raw_Data!S5 -> 22.5
A5: =Raw_Data!A5 -> 3 | B5: =Raw_Data!B7 -> N | C5: =Raw_Data!C7 -> 36.6 | D5: =Raw_Data!D7 -> 16 | E5: =Raw_Data!E7 -> 31 | F5: =Raw_Data!F7 -> 29.1 | G5: =Raw_Data!G7 -> 25.5 | H5: =Raw_Data!H7 -> 23.5 | I5: =Raw_Data!I7 -> 22 | ... S5: =Raw_Data!S7 -> 23
A6: =Raw_Data!A6 -> 4 | B6: =Raw_Data!B9 -> N | C6: =Raw_Data!C9 -> 35.4 | D6: =Raw_Data!D9 -> 16 | E6: =Raw_Data!E9 -> 30.5 | F6: =Raw_Data!F9 -> 26 | G6: =Raw_Data!G9 -> 23.5 | H6: =Raw_Data!H9 -> 22.7 | I6: =Raw_Data!I9 -> 21 | ... S6: =Raw_Data!S9 -> 21.5
A7: =Raw_Data!A7 -> 5 | B7: =Raw_Data!B10 -> N | C7: =Raw_Data!C10 -> 36.7 | D7: =Raw_Data!D10 -> 16 | E7: =Raw_Data!E10 -> 30 | F7: =Raw_Data!F10 -> 26 | G7: =Raw_Data!G10 -> 24.3 | H7: =Raw_Data!H10 -> 22.9 | I7: =Raw_Data!I10 -> 21.5 | ... S7: =Raw_Data!S10 -> 23
A8: =Raw_Data!A8 -> 6 | B8: =Raw_Data!B11 -> N | C8: =Raw_Data!C11 -> 36.1 | D8: =Raw_Data!D11 -> 16 | E8: =Raw_Data!E11 -> 30 | F8: =Raw_Data!F11 -> 26.7 | G8: =Raw_Data!G11 -> 24.5 | H8: =Raw_Data!H11 -> 23.8 | I8: =Raw_Data!I11 -> 22.1 | ... S8: =Raw_Data!S11 -> 24
A9: =Raw_Data!A9 -> 7 | B9: =Raw_Data!B13 -> N | C9: =Raw_Data!C13 -> 36.6 | D9: =Raw_Data!D13 -> 16 | E9: =Raw_Data!E13 -> 30 | F9: =Raw_Data!F13 -> 26.32 | G9: =Raw_Data!G13 -> 23.9 | H9: =Raw_Data!H13 -> 22.7 | I9: =Raw_Data!I13 -> 21.9 | ... S9: =Raw_Data!S13 -> 23.5
A10: =Raw_Data!A10 -> 8 | B10: =Raw_Data!B15 -> N | C10: =Raw_Data!C15 -> 36.4 | D10: =Raw_Data!D15 -> 16 | E10: =Raw_Data!E15 -> 29.5 | F10: =Raw_Data!F15 -> 24.5 | G10: =Raw_Data!G15 -> 24.4 | H10: =Raw_Data!H15 -> 23.5 | I10: =Raw_Data!I15 -> 22.7 | ... S10: =Raw_Data!S15 -> 20.5
A11: =Raw_Data!A11 -> 9 | B11: =Raw_Data!B17 -> N | C11: =Raw_Data!C17 -> 36.7 | D11: =Raw_Data!D17 -> 18 | E11: =Raw_Data!E17 -> 30.2 | F11: =Raw_Data!F17 -> 26.5 | G11: =Raw_Data!G17 -> 24.8 | H11: =Raw_Data!H17 -> 23.6 | I11: =Raw_Data!I17 -> 22.8 | ... S11: =Raw_Data!S17 -> 23.7
A12: =Raw_Data!A12 -> 10 | B12: =Raw_Data!B19 -> N | C12: =Raw_Data!C19 -> 35.2 | D12: =Raw_Data!D19 -> 18 | E12: =Raw_Data!E19 -> 31.6 | F12: =Raw_Data!F19 -> 28 | G12: =Raw_Data!G19 -> 26.5 | H12: =Raw_Data!H19 -> 24.5 | I12: =Raw_Data!I19 -> 20.5 | ... S12: =Raw_Data!S19 -> 20.8
A13: =Raw_Data!A13 -> 11 | B13: =Raw_Data!B21 -> N | C13: =Raw_Data!C21 -> 36.8 | D13: =Raw_Data!D21 -> 18 | E13: =Raw_Data!E21 -> 30.8 | F13: =Raw_Data!F21 -> 27.3 | G13: =Raw_Data!G21 -> 24.5 | H13: =Raw_Data!H21 -> 21.2 | I13: =Raw_Data!I21 -> 21 | ... S13: =Raw_Data!S21 -> 22
A14: =Raw_Data!A14 -> 12 | B14: =Raw_Data!B22 -> N | C14: =Raw_Data!C22 -> 36.2 | D14: =Raw_Data!D22 -> 18 | E14: =Raw_Data!E22 -> 31.1 | F14: =Raw_Data!F22 -> 27.5 | G14: =Raw_Data!G22 -> 25.1 | H14: =Raw_Data!H22 -> 24.2 | I14: =Raw_Data!I22 -> 23.6 | ... S14: =Raw_Data!S22 -> 23
A15: =Raw_Data!A15 -> 13 | B15: =Raw_Data!B23 -> N | C15: =Raw_Data!C23 -> 36.6 | D15: =Raw_Data!D23 -> 18 | E15: =Raw_Data!E23 -> 29.9 | F15: =Raw_Data!F23 -> 26.5 | G15: =Raw_Data!G23 -> 24.5 | H15: =Raw_Data!H23 -> 23.5 | I15: =Raw_Data!I23 -> 22.4 | ... S15: =Raw_Data!S23 -> 22
A16: =Raw_Data!A16 -> 14 | B16: =Raw_Data!B25 -> N | C16: =Raw_Data!C25 -> 36.8 | D16: =Raw_Data!D25 -> 18 | E16: =Raw_Data!E25 -> 30.7 | F16: =Raw_Data!F25 -> 25.4 | G16: =Raw_Data!G25 -> 24.9 | H16: =Raw_Data!H25 -> 23.8 | I16: =Raw_Data!I25 -> 23.2 | ... S16: =Raw_Data!S25 -> 23.3
A17: =Raw_Data!A17 -> 15 | B17: =Raw_Data!B26 -> N | C17: =Raw_Data!C26 -> 36.8 | D17: =Raw_Data!D26 -> 18 | E17: =Raw_Data!E26 -> 29.9 | F17: =Raw_Data!F26 -> 26.3 | G17: =Raw_Data!G26 -> 24.2 | H17: =Raw_Data!H26 -> 23.1 | I17: =Raw_Data!I26 -> 22.4 | ... S17: =Raw_Data!S26 -> 22.3
A18: =Raw_Data!A18 -> 16 | B18: =Raw_Data!B27 -> N | C18: =Raw_Data!C27 -> 36.6 | D18: =Raw_Data!D27 -> 20 | E18: =Raw_Data!E27 -> 30.5 | F18: =Raw_Data!F27 -> 27.6 | G18: =Raw_Data!G27 -> 25.8 | H18: =Raw_Data!H27 -> 24.5 | I18: =Raw_Data!I27 -> 23.5 | ... S18: =Raw_Data!S27 -> 23.7
A19: =Raw_Data!A19 -> 17 | B19: =Raw_Data!B28 -> N | C19: =Raw_Data!C28 -> 36.4 | D19: =Raw_Data!D28 -> 20 | E19: =Raw_Data!E28 -> 30.6 | F19: =Raw_Data!F28 -> 26.4 | G19: =Raw_Data!G28 -> 25.5 | H19: =Raw_Data!H28 -> 24.6 | I19: =Raw_Data!I28 -> 23 | ... S19: =Raw_Data!S28 -> 22.5
A20: =Raw_Data!A20 -> 18 | B20: =Raw_Data!B30 -> N | C20: =Raw_Data!C30 -> 36.9 | D20: =Raw_Data!D30 -> 20 | E20: =Raw_Data!E30 -> 30.8 | F20: =Raw_Data!F30 -> 28.5 | G20: =Raw_Data!G30 -> 26 | H20: =Raw_Data!H30 -> 25 | I20: =Raw_Data!I30 -> 22.8 | ... S20: =Raw_Data!S30 -> 22.4
A21: =Raw_Data!A21 -> 19 | B21: =Raw_Data!B32 -> N | C21: =Raw_Data!C32 -> 36.4 | D21: =Raw_Data!D32 -> 20 | E21: =Raw_Data!E32 -> 31 | F21: =Raw_Data!F32 -> 28.4 | G21: =Raw_Data!G32 -> 26.8 | H21: =Raw_Data!H32 -> 25 | I21: =Raw_Data!I32 -> 22.5 | ... S21: =Raw_Data!S32 -> 22.4
A22: =Raw_Data!A22 -> 20 | B22: =Raw_Data!B34 -> N | C22: =Raw_Data!C34 -> 36.8 | D22: =Raw_Data!D34 -> 20 | E22: =Raw_Data!E34 -> 31.7 | F22: =Raw_Data!F34 -> 29.2 | G22: =Raw_Data!G34 -> 27.5 | H22: =Raw_Data!H34 -> 26 | I22: =Raw_Data!I34 -> 23.3 | ... S22: =Raw_Data!S34 -> 22.5
A23: =Raw_Data!A23 -> 21 | B23: =Raw_Data!B36 -> N | C23: =Raw_Data!C36 -> 36.7 | D23: =Raw_Data!D36 -> 22 | E23: =Raw_Data!E36 -> 30.9 | F23: =Raw_Data!F36 -> 27.2 | G23: =Raw_Data!G36 -> 26.8 | H23: =Raw_Data!H36 -> 25.5 | I23: =Raw_Data!I36 -> 24 | ... S23: =Raw_Data!S36 -> 24.5
A24: =Raw_Data!A24 -> 22 | B24: =Raw_Data!B37 -> N | C24: =Raw_Data!C37 -> 36.8 | D24: =Raw_Data!D37 -> 22 | E24: =Raw_Data!E37 -> 31.7 | F24: =Raw_Data!F37 -> 28.7 | G24: =Raw_Data!G37 -> 26.5 | H24: =Raw_Data!H37 -> 25.6 | I24: =Raw_Data!I37 -> 24 | ... S24: =Raw_Data!S37 -> 24.1
A25: =Raw_Data!A25 -> 23 | B25: =Raw_Data!B38 -> N | C25: =Raw_Data!C38 -> 36.6 | D25: =Raw_Data!D38 -> 22 | E25: =Raw_Data!E38 -> 30.5 | F25: =Raw_Data!F38 -> 26.7 | G25: =Raw_Data!G38 -> 26 | H25: =Raw_Data!H38 -> 25.5 | I25: =Raw_Data!I38 -> 24 | ... S25: =Raw_Data!S38 -> 23
A26: =Raw_Data!A26 -> 24 | B26: =Raw_Data!B39 -> N | C26: =Raw_Data!C39 -> 36.9 | D26: =Raw_Data!D39 -> 22 | E26: =Raw_Data!E39 -> 31.4 | F26: =Raw_Data!F39 -> 28.2 | G26: =Raw_Data!G39 -> 26.5 | H26: =Raw_Data!H39 -> 26 | I26: =Raw_Data!I39 -> 23.3 | ... S26: =Raw_Data!S39 -> 24
A27: =Raw_Data!A27 -> 25 | B27: =Raw_Data!B40 -> N | C27: =Raw_Data!C40 -> 36.7 | D27: =Raw_Data!D40 -> 22 | E27: =Raw_Data!E40 -> 30.7 | F27: =Raw_Data!F40 -> 28.1 | G27: =Raw_Data!G40 -> 27 | H27: =Raw_Data!H40 -> 26.2 | I27: =Raw_Data!I40 -> 24 | ... S27: =Raw_Data!S40 -> 25
A28: =Raw_Data!A28 -> 26 | B28: =Raw_Data!B42 -> N | C28: =Raw_Data!C42 -> 36.8 | D28: =Raw_Data!D42 -> 22 | E28: =Raw_Data!E42 -> 30.99 | F28: =Raw_Data!F42 -> 29 | G28: =Raw_Data!G42 -> 27.4 | H28: =Raw_Data!H42 -> 26.8 | I28: =Raw_Data!I42 -> 24.6 | ... S28: =Raw_Data!S42 -> 24.2
A29: =Raw_Data!A29 -> 27 | B29: =Raw_Data!B44 -> N | C29: =Raw_Data!C44 -> 36.9 | D29: =Raw_Data!D44 -> 22 | E29: =Raw_Data!E44 -> 31.5 | F29: =Raw_Data!F44 -> 29.4 | G29: =Raw_Data!G44 -> 28.8 | H29: =Raw_Data!H44 -> 27.5 | I29: =Raw_Data!I44 -> 26 | ... S29: =Raw_Data!S44 -> 25.5
A30: =Raw_Data!A30 -> 28 | B30: =Raw_Data!B46 -> N | C30: =Raw_Data!C46 -> 36.9 | D30: =Raw_Data!D46 -> 24 | E30: =Raw_Data!E46 -> 32 | F30: =Raw_Data!F46 -> 30.5 | G30: =Raw_Data!G46 -> 27.9 | H30: =Raw_Data!H46 -> 27.6 | I30: =Raw_Data!I46 -> 26 | ... S30: =Raw_Data!S46 -> 26.5
A31: =Raw_Data!A31 -> 29 | B31: =Raw_Data!B47 -> N | C31: =Raw_Data!C47 -> 36.7 | D31: =Raw_Data!D47 -> 24 | E31: =Raw_Data!E47 -> 34.4 | F31: =Raw_Data!F47 -> 32 | G31: =Raw_Data!G47 -> 28.7 | H31: =Raw_Data!H47 -> 27.4 | I31: =Raw_Data!I47 -> 27 | ... S31: =Raw_Data!S47 -> 28
A32: =Raw_Data!A32 -> 30 | B32: =Raw_Data!B49 -> N | C32: =Raw_Data!C49 -> 36.5 | D32: =Raw_Data!D49 -> 24 | E32: =Raw_Data!E49 -> 32.8 | F32: =Raw_Data!F49 -> 32 | G32: =Raw_Data!G49 -> 28.2 | H32: =Raw_Data!H49 -> 26.8 | I32: =Raw_Data!I49 -> 26.2 | ... S32: =Raw_Data!S49 -> 26.2
A33: =Raw_Data!A33 -> 31 | B33: =Raw_Data!B51 -> N | C33: =Raw_Data!C51 -> 36.9 | D33: =Raw_Data!D51 -> 24 | E33: =Raw_Data!E51 -> 32.8 | F33: =Raw_Data!F51 -> 30.7 | G33: =Raw_Data!G51 -> 29.5 | H33: =Raw_Data!H51 -> 28.8 | I33: =Raw_Data!I51 -> 27.4 | ... S33: =Raw_Data!S51 -> 26.5
A34: =Raw_Data!A34 -> 32 | B34: =Raw_Data!B53 -> N | C34: =Raw_Data!C53 -> 36.9 | D34: =Raw_Data!D53 -> 24 | E34: =Raw_Data!E53 -> 32.8 | F34: =Raw_Data!F53 -> 31.8 | G34: =Raw_Data!G53 -> 30.5 | H34: =Raw_Data!H53 -> 28.8 | I34: =Raw_Data!I53 -> 28 | ... S34: =Raw_Data!S53 -> 26
A35: =Raw_Data!A35 -> 33 | B35: =Raw_Data!B54 -> N | C35: =Raw_Data!C54 -> 36.6 | D35: =Raw_Data!D54 -> 24 | E35: =Raw_Data!E54 -> 32.5 | F35: =Raw_Data!F54 -> 31 | G35: =Raw_Data!G54 -> 30.2 | H35: =Raw_Data!H54 -> 27.8 | I35: =Raw_Data!I54 -> 27 | ... S35: =Raw_Data!S54 -> 25.7
A36: =Raw_Data!A36 -> 34 | B36: =Raw_Data!B56 -> N | C36: =Raw_Data!C56 -> 36.8 | D36: =Raw_Data!D56 -> 24 | E36: =Raw_Data!E56 -> 32.2 | F36: =Raw_Data!F56 -> 30.4 | G36: =Raw_Data!G56 -> 29.8 | H36: =Raw_Data!H56 -> 27.6 | I36: =Raw_Data!I56 -> 27 | ... S36: =Raw_Data!S56 -> 26.8
A37: =Raw_Data!A37 -> 35 | B37: =Raw_Data!B57 -> N | C37: =Raw_Data!C57 -> 36.9 | D37: =Raw_Data!D57 -> 24 | E37: =Raw_Data!E57 -> 32.5 | F37: =Raw_Data!F57 -> 30.2 | G37: =Raw_Data!G57 -> 28.9 | H37: =Raw_Data!H57 -> 27.5 | I37: =Raw_Data!I57 -> 26.9 | ... S37: =Raw_Data!S57 -> 26.6
A38: =Raw_Data!A38 -> 36 | B38: =Raw_Data!B58 -> N | C38: =Raw_Data!C58 -> 36.7 | D38: =Raw_Data!D58 -> 25 | E38: =Raw_Data!E58 -> 32.1 | F38: =Raw_Data!F58 -> 29.8 | G38: =Raw_Data!G58 -> 28.4 | H38: =Raw_Data!H58 -> 27.5 | I38: =Raw_Data!I58 -> 26 | ... S38: =Raw_Data!S58 -> 25.9
A39: =Raw_Data!A39 -> 37 | B39: =Raw_Data!B60 -> N | C39: =Raw_Data!C60 -> 36.8 | D39: =Raw_Data!D60 -> 25 | E39: =Raw_Data!E60 -> 32.5 | F39: =Raw_Data!F60 -> 30.1 | G39: =Raw_Data!G60 -> 28.8 | H39: =Raw_Data!H60 -> 27.9 | I39: =Raw_Data!I60 -> 27.2 | ... S39: =Raw_Data!S60 -> 26.3
A40: =Raw_Data!A40 -> 38 | B40: =Raw_Data!B62 -> N | C40: =Raw_Data!C62 -> 36.9 | D40: =Raw_Data!D62 -> 25 | E40: =Raw_Data!E62 -> 32 | F40: =Raw_Data!F62 -> 30.6 | G40: =Raw_Data!G62 -> 30.4 | H40: =Raw_Data!H62 -> 29 | I40: =Raw_Data!I62 -> 28.3 | ... S40: =Raw_Data!S62 -> 27.2
A41: =Raw_Data!A41 -> 39 | B41: =Raw_Data!B63 -> N | C41: =Raw_Data!C63 -> 36.9 | D41: =Raw_Data!D63 -> 25 | E41: =Raw_Data!E63 -> 32.3 | F41: =Raw_Data!F63 -> 31.2 | G41: =Raw_Data!G63 -> 30.3 | H41: =Raw_Data!H63 -> 29.5 | I41: =Raw_Data!I63 -> 28.1 | ... S41: =Raw_Data!S63 -> 27
A42: =Raw_Data!A42 -> 40 | B42: =Raw_Data!B65 -> N | C42: =Raw_Data!C65 -> 36.6 | D42: =Raw_Data!D65 -> 25 | E42: =Raw_Data!E65 -> 32.2 | F42: =Raw_Data!F65 -> 30.6 | G42: =Raw_Data!G65 -> 29.5 | H42: =Raw_Data!H65 -> 29 | I42: =Raw_Data!I65 -> 28.1 | ... S42: =Raw_Data!S65 -> 27
A43: =Raw_Data!A43 -> 41 | B43: =Raw_Data!B66 -> N | C43: =Raw_Data!C66 -> 36.7 | D43: =Raw_Data!D66 -> 25 | E43: =Raw_Data!E66 -> 32.7 | F43: =Raw_Data!F66 -> 30.5 | G43: =Raw_Data!G66 -> 29.5 | H43: =Raw_Data!H66 -> 29 | I43: =Raw_Data!I66 -> 28.1 | ... S43: =Raw_Data!S66 -> 26.5
A44: =Raw_Data!A44 -> 42 | B44: =Raw_Data!B67 -> N | C44: =Raw_Data!C67 -> 36.9 | D44: =Raw_Data!D67 -> 25 | E44: =Raw_Data!E67 -> 32.8 | F44: =Raw_Data!F67 -> 31.2 | G44: =Raw_Data!G67 -> 29.6 | H44: =Raw_Data!H67 -> 28.7 | I44: =Raw_Data!I67 -> 27.7 | ... S44: =Raw_Data!S67 -> 27
A45: =Raw_Data!A45 -> 43 | B45: =Raw_Data!B68 -> N | C45: =Raw_Data!C68 -> 36.8 | D45: =Raw_Data!D68 -> 25 | E45: =Raw_Data!E68 -> 32.2 | F45: =Raw_Data!F68 -> 31 | G45: =Raw_Data!G68 -> 30.1 | H45: =Raw_Data!H68 -> 28.5 | I45: =Raw_Data!I68 -> 27.2 | ... S45: =Raw_Data!S68 -> 26.5
A46: =Raw_Data!A46 -> 44 | B46: =Raw_Data!B70 -> N | C46: =Raw_Data!C70 -> 36.6 | D46: =Raw_Data!D70 -> 25 | E46: =Raw_Data!E70 -> 32.8 | F46: =Raw_Data!F70 -> 30.1 | G46: =Raw_Data!G70 -> 28.5 | H46: =Raw_Data!H70 -> 28.4 | I46: =Raw_Data!I70 -> 27.7 | ... S46: =Raw_Data!S70 -> 24.6
A47: =Raw_Data!A47 -> 45 | B47: =Raw_Data!B4 -> Y | C47: =Raw_Data!C4 -> 36.8 | D47: =Raw_Data!D4 -> 16 | E47: =Raw_Data!E4 -> 30 | F47: =Raw_Data!F4 -> 29.5 | G47: =Raw_Data!G4 -> 26 | H47: =Raw_Data!H4 -> 24.5 | I47: =Raw_Data!I4 -> 22.5 | ... S47: =Raw_Data!S4 -> 22.5
A48: =Raw_Data!A48 -> 46 | B48: =Raw_Data!B6 -> Y | C48: =Raw_Data!C6 -> 36.6 | D48: =Raw_Data!D6 -> 16 | E48: =Raw_Data!E6 -> 30.5 | F48: =Raw_Data!F6 -> 27.9 | G48: =Raw_Data!G6 -> 25.2 | H48: =Raw_Data!H6 -> 23 | I48: =Raw_Data!I6 -> 21.7 | ... S48: =Raw_Data!S6 -> 22.5
A49: =Raw_Data!A49 -> 47 | B49: =Raw_Data!B8 -> Y | C49: =Raw_Data!C8 -> 35.4 | D49: =Raw_Data!D8 -> 16 | E49: =Raw_Data!E8 -> 30 | F49: =Raw_Data!F8 -> 25.5 | G49: =Raw_Data!G8 -> 23 | H49: =Raw_Data!H8 -> 22.5 | I49: =Raw_Data!I8 -> 21.5 | ... S49: =Raw_Data!S8 -> 22
A50: =Raw_Data!A50 -> 48 | B50: =Raw_Data!B12 -> Y | C50: =Raw_Data!C12 -> 36.6 | D50: =Raw_Data!D12 -> 16 | E50: =Raw_Data!E12 -> 29.5 | F50: =Raw_Data!F12 -> 26.05 | G50: =Raw_Data!G12 -> 23.6 | H50: =Raw_Data!H12 -> 22.5 | I50: =Raw_Data!I12 -> 21.8 | ... S50: =Raw_Data!S12 -> 23
A51: =Raw_Data!A51 -> 49 | B51: =Raw_Data!B14 -> Y | C51: =Raw_Data!C14 -> 36.4 | D51: =Raw_Data!D14 -> 16 | E51: =Raw_Data!E14 -> 28.9 | F51: =Raw_Data!F14 -> 23.7 | G51: =Raw_Data!G14 -> 23.9 | H51: =Raw_Data!H14 -> 23 | I51: =Raw_Data!I14 -> 22.2 | ... S51: =Raw_Data!S14 -> 20.5
A52: =Raw_Data!A52 -> 50 | B52: =Raw_Data!B16 -> Y | C52: =Raw_Data!C16 -> 36.7 | D52: =Raw_Data!D16 -> 18 | E52: =Raw_Data!E16 -> 29.3 | F52: =Raw_Data!F16 -> 25.8 | G52: =Raw_Data!G16 -> 24.5 | H52: =Raw_Data!H16 -> 23.4 | I52: =Raw_Data!I16 -> 22.2 | ... S52: =Raw_Data!S16 -> 22.2
A53: =Raw_Data!A53 -> 51 | B53: =Raw_Data!B18 -> Y | C53: =Raw_Data!C18 -> 35.2 | D53: =Raw_Data!D18 -> 18 | E53: =Raw_Data!E18 -> 31.2 | F53: =Raw_Data!F18 -> 27.5 | G53: =Raw_Data!G18 -> 26.2 | H53: =Raw_Data!H18 -> 24 | I53: =Raw_Data!I18 -> 20.6 | ... S53: =Raw_Data!S18 -> 20.5
A54: =Raw_Data!A54 -> 52 | B54: =Raw_Data!B20 -> Y | C54: =Raw_Data!C20 -> 36.8 | D54: =Raw_Data!D20 -> 18 | E54: =Raw_Data!E20 -> 30.5 | F54: =Raw_Data!F20 -> 26.7 | G54: =Raw_Data!G20 -> 24 | H54: =Raw_Data!H20 -> 21 | I54: =Raw_Data!I20 -> 20.5 | ... S54: =Raw_Data!S20 -> 21
A55: =Raw_Data!A55 -> 53 | B55: =Raw_Data!B24 -> Y | C55: =Raw_Data!C24 -> 36.8 | D55: =Raw_Data!D24 -> 18 | E55: =Raw_Data!E24 -> 29.8 | F55: =Raw_Data!F24 -> 25.3 | G55: =Raw_Data!G24 -> 24.4 | H55: =Raw_Data!H24 -> 23.8 | I55: =Raw_Data!I24 -> 23 | ... S55: =Raw_Data!S24 -> 21.5
A56: =Raw_Data!A56 -> 54 | B56: =Raw_Data!B29 -> Y | C56: =Raw_Data!C29 -> 36.9 | D56: =Raw_Data!D29 -> 20 | E56: =Raw_Data!E29 -> 30.2 | F56: =Raw_Data!F29 -> 28 | G56: =Raw_Data!G29 -> 25.8 | H56: =Raw_Data!H29 -> 24.5 | I56: =Raw_Data!I29 -> 22.5 | ... S56: =Raw_Data!S29 -> 22
A57: =Raw_Data!A57 -> 55 | B57: =Raw_Data!B31 -> Y | C57: =Raw_Data!C31 -> 36.4 | D57: =Raw_Data!D31 -> 20 | E57: =Raw_Data!E31 -> 30.5 | F57: =Raw_Data!F31 -> 28 | G57: =Raw_Data!G31 -> 26.5 | H57: =Raw_Data!H31 -> 24.8 | I57: =Raw_Data!I31 -> 22 | ... S57: =Raw_Data!S31 -> 22
A58: =Raw_Data!A58 -> 56 | B58: =Raw_Data!B33 -> Y | C58: =Raw_Data!C33 -> 36.8 | D58: =Raw_Data!D33 -> 20 | E58: =Raw_Data!E33 -> 31.5 | F58: =Raw_Data!F33 -> 29 | G58: =Raw_Data!G33 -> 27.2 | H58: =Raw_Data!H33 -> 25.8 | I58: =Raw_Data!I33 -> 23 | ... S58: =Raw_Data!S33 -> 22.2
A59: =Raw_Data!A59 -> 57 | B59: =Raw_Data!B35 -> Y | C59: =Raw_Data!C35 -> 36.7 | D59: =Raw_Data!D35 -> 22 | E59: =Raw_Data!E35 -> 30.1 | F59: =Raw_Data!F35 -> 27 | G59: =Raw_Data!G35 -> 26.4 | H59: =Raw_Data!H35 -> 25.1 | I59: =Raw_Data!I35 -> 23.5 | ... S59: =Raw_Data!S35 -> 24.2
A60: =Raw_Data!A60 -> 58 | B60: =Raw_Data!B41 -> Y | C60: =Raw_Data!C41 -> 36.8 | D60: =Raw_Data!D41 -> 22 | E60: =Raw_Data!E41 -> 30.08 | F60: =Raw_Data!F41 -> 28.5 | G60: =Raw_Data!G41 -> 27.2 | H60: =Raw_Data!H41 -> 26.6 | I60: =Raw_Data!I41 -> 24.2 | ... S60: =Raw_Data!S41 -> 24
A61: =Raw_Data!A61 -> 59 | B61: =Raw_Data!B43 -> Y | C61: =Raw_Data!C43 -> 36.9 | D61: =Raw_Data!D43 -> 22 | E61: =Raw_Data!E43 -> 31.2 | F61: =Raw_Data!F43 -> 29.2 | G61: =Raw_Data!G43 -> 28.5 | H61: =Raw_Data!H43 -> 27.2 | I61: =Raw_Data!I43 -> 25.6 | ... S61: =Raw_Data!S43 -> 25.2
A62: =Raw_Data!A62 -> 60 | B62: =Raw_Data!B45 -> Y | C62: =Raw_Data!C45 -> 36.9 | D62: =Raw_Data!D45 -> 24 | E62: =Raw_Data!E45 -> 31.8 | F62: =Raw_Data!F45 -> 30.2 | G62: =Raw_Data!G45 -> 27.8 | H62: =Raw_Data!H45 -> 27.2 | I62: =Raw_Data!I45 -> 25.5 | ... S62: =Raw_Data!S45 -> 26
A63: =Raw_Data!A63 -> 61 | B63: =Raw_Data!B48 -> Y | C63: =Raw_Data!C48 -> 36.5 | D63: =Raw_Data!D48 -> 24 | E63: =Raw_Data!E48 -> 32.5 | F63: =Raw_Data!F48 -> 31.8 | G63: =Raw_Data!G48 -> 28 | H63: =Raw_Data!H48 -> 26.5 | I63: =Raw_Data!I48 -> 26 | ... S63: =Raw_Data!S48 -> 26
A64: =Raw_Data!A64 -> 62 | B64: =Raw_Data!B50 -> Y | C64: =Raw_Data!C50 -> 36.9 | D64: =Raw_Data!D50 -> 24 | E64: =Raw_Data!E50 -> 32.2 | F64: =Raw_Data!F50 -> 30.5 | G64: =Raw_Data!G50 -> 29.3 | H64: =Raw_Data!H50 -> 28.5 | I64: =Raw_Data!I50 -> 27.1 | ... S64: =Raw_Data!S50 -> 26
A65: =Raw_Data!A65 -> 63 | B65: =Raw_Data!B52 -> Y | C65: =Raw_Data!C52 -> 36.9 | D65: =Raw_Data!D52 -> 24 | E65: =Raw_Data!E52 -> 32.7 | F65: =Raw_Data!F52 -> 31.5 | G65: =Raw_Data!G52 -> 30.2 | H65: =Raw_Data!H52 -> 28.5 | I65: =Raw_Data!I52 -> 27.8 | ... S65: =Raw_Data!S52 -> 25.5
A66: =Raw_Data!A66 -> 64 | B66: =Raw_Data!B55 -> Y | C66: =Raw_Data!C55 -> 36.8 | D66: =Raw_Data!D55 -> 24 | E66: =Raw_Data!E55 -> 31.3 | F66: =Raw_Data!F55 -> 30.1 | G66: =Raw_Data!G55 -> 29.5 | H66: =Raw_Data!H55 -> 27.5 | I66: =Raw_Data!I55 -> 26.9 | ... S66: =Raw_Data!S55 -> 26.8
A67: =Raw_Data!A67 -> 65 | B67: =Raw_Data!B59 -> Y | C67: =Raw_Data!C59 -> 36.8 | D67: =Raw_Data!D59 -> 25 | E67: =Raw_Data!E59 -> 32.1 | F67: =Raw_Data!F59 -> 29.4 | G67: =Raw_Data!G59 -> 28.5 | H67: =Raw_Data!H59 -> 27.8 | I67: =Raw_Data!I59 -> 27 | ... S67: =Raw_Data!S59 -> 26
A68: =Raw_Data!A68 -> 66 | B68: =Raw_Data!B61 -> Y | C68: =Raw_Data!C61 -> 36.9 | D68: =Raw_Data!D61 -> 25 | E68: =Raw_Data!E61 -> 31.5 | F68: =Raw_Data!F61 -> 30.1 | G68: =Raw_Data!G61 -> 30.1 | H68: =Raw_Data!H61 -> 28.9 | I68: =Raw_Data!I61 -> 28.2 | ... S68: =Raw_Data!S61 -> 27
A69: =Raw_Data!A69 -> 67 | B69: =Raw_Data!B64 -> Y | C69: =Raw_Data!C64 -> 36.6 | D69: =Raw_Data!D64 -> 25 | E69: =Raw_Data!E64 -> 31.8 | F69: =Raw_Data!F64 -> 30.5 | G69: =Raw_Data!G64 -> 29.5 | H69: =Raw_Data!H64 -> 28.8 | I69: =Raw_Data!I64 -> 27.8 | ... S69: =Raw_Data!S64 -> 27
A70: =Raw_Data!A70 -> 68 | B70: =Raw_Data!B69 -> Y | C70: =Raw_Data!C69 -> 36.6 | D70: =Raw_Data!D69 -> 25 | E70: =Raw_Data!E69 -> 31.7 | F70: =Raw_Data!F69 -> 29.6 | G70: =Raw_Data!G69 -> 28.3 | H70: =Raw_Data!H69 -> 27.8 | I70: =Raw_Data!I69 -> 27.6 | ... S70: =Raw_Data!S69 -> 23.9

Sheet MLX-P_WorWT_EYEglasses
B1: WITHOUT GLASSES | J1: WITH GLASSES
B2: 1M | C2: ='RAWDATA SORTED BY_EYEglasses'!F2 -> 2M | D2: ='RAWDATA SORTED BY_EYEglasses'!G2 -> 3M | E2: ='RAWDATA SORTED BY_EYEglasses'!H2 -> 4M | F2: ='RAWDATA SORTED BY_EYEglasses'!I2 -> 5M | K2: =B2 -> 1M | L2: =C2 -> 2M | M2: =D2 -> 3M | N2: =E2 -> 4M | O2: =F2 -> 5M
B3: ='RAWDATA SORTED BY_EYEglasses'!E3 -> 30.3 | C3: ='RAWDATA SORTED BY_EYEglasses'!F3 -> 25.5 | D3: ='RAWDATA SORTED BY_EYEglasses'!G3 -> 23 | E3: ='RAWDATA SORTED BY_EYEglasses'!H3 -> 22.06 | F3: ='RAWDATA SORTED BY_EYEglasses'!I3 -> 21.5 | K3: ='RAWDATA SORTED BY_EYEglasses'!E47 -> 30 | L3: ='RAWDATA SORTED BY_EYEglasses'!F47 -> 29.5 | M3: ='RAWDATA SORTED BY_EYEglasses'!G47 -> 26 | N3: ='RAWDATA SORTED BY_EYEglasses'!H47 -> 24.5 | O3: ='RAWDATA SORTED BY_EYEglasses'!I47 -> 22.5
B4: ='RAWDATA SORTED BY_EYEglasses'!E4 -> 30.3 | C4: ='RAWDATA SORTED BY_EYEglasses'!F4 -> 30 | D4: ='RAWDATA SORTED BY_EYEglasses'!G4 -> 25.5 | E4: ='RAWDATA SORTED BY_EYEglasses'!H4 -> 23.5 | F4: ='RAWDATA SORTED BY_EYEglasses'!I4 -> 22 | K4: ='RAWDATA SORTED BY_EYEglasses'!E48 -> 30.5 | L4: ='RAWDATA SORTED BY_EYEglasses'!F48 -> 27.9 | M4: ='RAWDATA SORTED BY_EYEglasses'!G48 -> 25.2 | N4: ='RAWDATA SORTED BY_EYEglasses'!H48 -> 23 | O4: ='RAWDATA SORTED BY_EYEglasses'!I48 -> 21.7
B5: ='RAWDATA SORTED BY_EYEglasses'!E5 -> 31 | C5: ='RAWDATA SORTED BY_EYEglasses'!F5 -> 29.1 | D5: ='RAWDATA SORTED BY_EYEglasses'!G5 -> 25.5 | E5: ='RAWDATA SORTED BY_EYEglasses'!H5 -> 23.5 | F5: ='RAWDATA SORTED BY_EYEglasses'!I5 -> 22 | K5: ='RAWDATA SORTED BY_EYEglasses'!E49 -> 30 | L5: ='RAWDATA SORTED BY_EYEglasses'!F49 -> 25.5 | M5: ='RAWDATA SORTED BY_EYEglasses'!G49 -> 23 | N5: ='RAWDATA SORTED BY_EYEglasses'!H49 -> 22.5 | O5: ='RAWDATA SORTED BY_EYEglasses'!I49 -> 21.5
B6: ='RAWDATA SORTED BY_EYEglasses'!E6 -> 30.5 | C6: ='RAWDATA SORTED BY_EYEglasses'!F6 -> 26 | D6: ='RAWDATA SORTED BY_EYEglasses'!G6 -> 23.5 | E6: ='RAWDATA SORTED BY_EYEglasses'!H6 -> 22.7 | F6: ='RAWDATA SORTED BY_EYEglasses'!I6 -> 21 | K6: ='RAWDATA SORTED BY_EYEglasses'!E50 -> 29.5 | L6: ='RAWDATA SORTED BY_EYEglasses'!F50 -> 26.05 | M6: ='RAWDATA SORTED BY_EYEglasses'!G50 -> 23.6 | N6: ='RAWDATA SORTED BY_EYEglasses'!H50 -> 22.5 | O6: ='RAWDATA SORTED BY_EYEglasses'!I50 -> 21.8
B7: ='RAWDATA SORTED BY_EYEglasses'!E7 -> 30 | C7: ='RAWDATA SORTED BY_EYEglasses'!F7 -> 26 | D7: ='RAWDATA SORTED BY_EYEglasses'!G7 -> 24.3 | E7: ='RAWDATA SORTED BY_EYEglasses'!H7 -> 22.9 | F7: ='RAWDATA SORTED BY_EYEglasses'!I7 -> 21.5 | K7: ='RAWDATA SORTED BY_EYEglasses'!E51 -> 28.9 | L7: ='RAWDATA SORTED BY_EYEglasses'!F51 -> 23.7 | M7: ='RAWDATA SORTED BY_EYEglasses'!G51 -> 23.9 | N7: ='RAWDATA SORTED BY_EYEglasses'!H51 -> 23 | O7: ='RAWDATA SORTED BY_EYEglasses'!I51 -> 22.2
B8: ='RAWDATA SORTED BY_EYEglasses'!E8 -> 30 | C8: ='RAWDATA SORTED BY_EYEglasses'!F8 -> 26.7 | D8: ='RAWDATA SORTED BY_EYEglasses'!G8 -> 24.5 | E8: ='RAWDATA SORTED BY_EYEglasses'!H8 -> 23.8 | F8: ='RAWDATA SORTED BY_EYEglasses'!I8 -> 22.1 | K8: ='RAWDATA SORTED BY_EYEglasses'!E52 -> 29.3 | L8: ='RAWDATA SORTED BY_EYEglasses'!F52 -> 25.8 | M8: ='RAWDATA SORTED BY_EYEglasses'!G52 -> 24.5 | N8: ='RAWDATA SORTED BY_EYEglasses'!H52 -> 23.4 | O8: ='RAWDATA SORTED BY_EYEglasses'!I52 -> 22.2
B9: ='RAWDATA SORTED BY_EYEglasses'!E9 -> 30 | C9: ='RAWDATA SORTED BY_EYEglasses'!F9 -> 26.32 | D9: ='RAWDATA SORTED BY_EYEglasses'!G9 -> 23.9 | E9: ='RAWDATA SORTED BY_EYEglasses'!H9 -> 22.7 | F9: ='RAWDATA SORTED BY_EYEglasses'!I9 -> 21.9 | K9: ='RAWDATA SORTED BY_EYEglasses'!E53 -> 31.2 | L9: ='RAWDATA SORTED BY_EYEglasses'!F53 -> 27.5 | M9: ='RAWDATA SORTED BY_EYEglasses'!G53 -> 26.2 | N9: ='RAWDATA SORTED BY_EYEglasses'!H53 -> 24 | O9: ='RAWDATA SORTED BY_EYEglasses'!I53 -> 20.6
B10: ='RAWDATA SORTED BY_EYEglasses'!E10 -> 29.5 | C10: ='RAWDATA SORTED BY_EYEglasses'!F10 -> 24.5 | D10: ='RAWDATA SORTED BY_EYEglasses'!G10 -> 24.4 | E10: ='RAWDATA SORTED BY_EYEglasses'!H10 -> 23.5 | F10: ='RAWDATA SORTED BY_EYEglasses'!I10 -> 22.7 | K10: ='RAWDATA SORTED BY_EYEglasses'!E54 -> 30.5 | L10: ='RAWDATA SORTED BY_EYEglasses'!F54 -> 26.7 | M10: ='RAWDATA SORTED BY_EYEglasses'!G54 -> 24 | N10: ='RAWDATA SORTED BY_EYEglasses'!H54 -> 21 | O10: ='RAWDATA SORTED BY_EYEglasses'!I54 -> 20.5
B11: ='RAWDATA SORTED BY_EYEglasses'!E11 -> 30.2 | C11: ='RAWDATA SORTED BY_EYEglasses'!F11 -> 26.5 | D11: ='RAWDATA SORTED BY_EYEglasses'!G11 -> 24.8 | E11: ='RAWDATA SORTED BY_EYEglasses'!H11 -> 23.6 | F11: ='RAWDATA SORTED BY_EYEglasses'!I11 -> 22.8 | K11: ='RAWDATA SORTED BY_EYEglasses'!E55 -> 29.8 | L11: ='RAWDATA SORTED BY_EYEglasses'!F55 -> 25.3 | M11: ='RAWDATA SORTED BY_EYEglasses'!G55 -> 24.4 | N11: ='RAWDATA SORTED BY_EYEglasses'!H55 -> 23.8 | O11: ='RAWDATA SORTED BY_EYEglasses'!I55 -> 23
B12: ='RAWDATA SORTED BY_EYEglasses'!E12 -> 31.6 | C12: ='RAWDATA SORTED BY_EYEglasses'!F12 -> 28 | D12: ='RAWDATA SORTED BY_EYEglasses'!G12 -> 26.5 | E12: ='RAWDATA SORTED BY_EYEglasses'!H12 -> 24.5 | F12: ='RAWDATA SORTED BY_EYEglasses'!I12 -> 20.5 | K12: ='RAWDATA SORTED BY_EYEglasses'!E56 -> 30.2 | L12: ='RAWDATA SORTED BY_EYEglasses'!F56 -> 28 | M12: ='RAWDATA SORTED BY_EYEglasses'!G56 -> 25.8 | N12: ='RAWDATA SORTED BY_EYEglasses'!H56 -> 24.5 | O12: ='RAWDATA SORTED BY_EYEglasses'!I56 -> 22.5
B13: ='RAWDATA SORTED BY_EYEglasses'!E13 -> 30.8 | C13: ='RAWDATA SORTED BY_EYEglasses'!F13 -> 27.3 | D13: ='RAWDATA SORTED BY_EYEglasses'!G13 -> 24.5 | E13: ='RAWDATA SORTED BY_EYEglasses'!H13 -> 21.2 | F13: ='RAWDATA SORTED BY_EYEglasses'!I13 -> 21 | K13: ='RAWDATA SORTED BY_EYEglasses'!E57 -> 30.5 | L13: ='RAWDATA SORTED BY_EYEglasses'!F57 -> 28 | M13: ='RAWDATA SORTED BY_EYEglasses'!G57 -> 26.5 | N13: ='RAWDATA SORTED BY_EYEglasses'!H57 -> 24.8 | O13: ='RAWDATA SORTED BY_EYEglasses'!I57 -> 22
B14: ='RAWDATA SORTED BY_EYEglasses'!E14 -> 31.1 | C14: ='RAWDATA SORTED BY_EYEglasses'!F14 -> 27.5 | D14: ='RAWDATA SORTED BY_EYEglasses'!G14 -> 25.1 | E14: ='RAWDATA SORTED BY_EYEglasses'!H14 -> 24.2 | F14: ='RAWDATA SORTED BY_EYEglasses'!I14 -> 23.6 | K14: ='RAWDATA SORTED BY_EYEglasses'!E58 -> 31.5 | L14: ='RAWDATA SORTED BY_EYEglasses'!F58 -> 29 | M14: ='RAWDATA SORTED BY_EYEglasses'!G58 -> 27.2 | N14: ='RAWDATA SORTED BY_EYEglasses'!H58 -> 25.8 | O14: ='RAWDATA SORTED BY_EYEglasses'!I58 -> 23
... B26: ='RAWDATA SORTED BY_EYEglasses'!E26 -> 31.4 | C26: ='RAWDATA SORTED BY_EYEglasses'!F26 -> 28.2 | D26: ='RAWDATA SORTED BY_EYEglasses'!G26 -> 26.5 | E26: ='RAWDATA SORTED BY_EYEglasses'!H26 -> 26 | F26: ='RAWDATA SORTED BY_EYEglasses'!I26 -> 23.3 | K26: ='RAWDATA SORTED BY_EYEglasses'!E70 -> 31.7 | L26: ='RAWDATA SORTED BY_EYEglasses'!F70 -> 29.6 | M26: ='RAWDATA SORTED BY_EYEglasses'!G70 -> 28.3 | N26: ='RAWDATA SORTED BY_EYEglasses'!H70 -> 27.8 | O26: ='RAWDATA SORTED BY_EYEglasses'!I70 -> 27.6
B27: ='RAWDATA SORTED BY_EYEglasses'!E27 -> 30.7 | C27: ='RAWDATA SORTED BY_EYEglasses'!F27 -> 28.1 | D27: ='RAWDATA SORTED BY_EYEglasses'!G27 -> 27 | E27: ='RAWDATA SORTED BY_EYEglasses'!H27 -> 26.2 | F27: ='RAWDATA SORTED BY_EYEglasses'!I27 -> 24 | J27: AVERAGE | K27: =AVERAGE(K3:K26) -> 30.87 | L27: =AVERAGE(L3:L26) -> 28.389583 | M27: =AVERAGE(M3:M26) -> 26.816667 | N27: =AVERAGE(N3:N26) -> 25.55 | O27: =AVERAGE(O3:O26) -> 24.195833
B28: ='RAWDATA SORTED BY_EYEglasses'!E28 -> 30.99 | C28: ='RAWDATA SORTED BY_EYEglasses'!F28 -> 29 | D28: ='RAWDATA SORTED BY_EYEglasses'!G28 -> 27.4 | E28: ='RAWDATA SORTED BY_EYEglasses'!H28 -> 26.8 | F28: ='RAWDATA SORTED BY_EYEglasses'!I28 -> 24.6
B29: ='RAWDATA SORTED BY_EYEglasses'!E29 -> 31.5 | C29: ='RAWDATA SORTED BY_EYEglasses'!F29 -> 29.4 | D29: ='RAWDATA SORTED BY_EYEglasses'!G29 -> 28.8 | E29: ='RAWDATA SORTED BY_EYEglasses'!H29 -> 27.5 | F29: ='RAWDATA SORTED BY_EYEglasses'!I29 -> 26
B30: ='RAWDATA SORTED BY_EYEglasses'!E30 -> 32 | C30: ='RAWDATA SORTED BY_EYEglasses'!F30 -> 30.5 | D30: ='RAWDATA SORTED BY_EYEglasses'!G30 -> 27.9 | E30: ='RAWDATA SORTED BY_EYEglasses'!H30 -> 27.6 | F30: ='RAWDATA SORTED BY_EYEglasses'!I30 -> 26
B31: ='RAWDATA SORTED BY_EYEglasses'!E31 -> 34.4 | C31: ='RAWDATA SORTED BY_EYEglasses'!F31 -> 32 | D31: ='RAWDATA SORTED BY_EYEglasses'!G31 -> 28.7 | E31: ='RAWDATA SORTED BY_EYEglasses'!H31 -> 27.4 | F31: ='RAWDATA SORTED BY_EYEglasses'!I31 -> 27
B32: ='RAWDATA SORTED BY_EYEglasses'!E32 -> 32.8 | C32: ='RAWDATA SORTED BY_EYEglasses'!F32 -> 32 | D32: ='RAWDATA SORTED BY_EYEglasses'!G32 -> 28.2 | E32: ='RAWDATA SORTED BY_EYEglasses'!H32 -> 26.8 | F32: ='RAWDATA SORTED BY_EYEglasses'!I32 -> 26.2 | K32: MLX-P Average reading at all distance
B33: ='RAWDATA SORTED BY_EYEglasses'!E33 -> 32.8 | C33: ='RAWDATA SORTED BY_EYEglasses'!F33 -> 30.7 | D33: ='RAWDATA SORTED BY_EYEglasses'!G33 -> 29.5 | E33: ='RAWDATA SORTED BY_EYEglasses'!H33 -> 28.8 | F33: ='RAWDATA SORTED BY_EYEglasses'!I33 -> 27.4 | K33: Distance | L33: MLX-Pwith eye-glasses | M33: MLX-Pwithout eye-glasses
B34: ='RAWDATA SORTED BY_EYEglasses'!E34 -> 32.8 | C34: ='RAWDATA SORTED BY_EYEglasses'!F34 -> 31.8 | D34: ='RAWDATA SORTED BY_EYEglasses'!G34 -> 30.5 | E34: ='RAWDATA SORTED BY_EYEglasses'!H34 -> 28.8 | F34: ='RAWDATA SORTED BY_EYEglasses'!I34 -> 28 | K34: 1 | L34: =K27 -> 30.87 | M34: =B47 -> 31.402045
B35: ='RAWDATA SORTED BY_EYEglasses'!E35 -> 32.5 | C35: ='RAWDATA SORTED BY_EYEglasses'!F35 -> 31 | D35: ='RAWDATA SORTED BY_EYEglasses'!G35 -> 30.2 | E35: ='RAWDATA SORTED BY_EYEglasses'!H35 -> 27.8 | F35: ='RAWDATA SORTED BY_EYEglasses'!I35 -> 27 | K35: 2 | L35: =L27 -> 28.389583 | M35: =C47 -> 28.698182
B36: ='RAWDATA SORTED BY_EYEglasses'!E36 -> 32.2 | C36: ='RAWDATA SORTED BY_EYEglasses'!F36 -> 30.4 | D36: ='RAWDATA SORTED BY_EYEglasses'!G36 -> 29.8 | E36: ='RAWDATA SORTED BY_EYEglasses'!H36 -> 27.6 | F36: ='RAWDATA SORTED BY_EYEglasses'!I36 -> 27 | K36: 3 | L36: =M27 -> 26.816667 | M36: =D47 -> 27.011364
B37: ='RAWDATA SORTED BY_EYEglasses'!E37 -> 32.5 | C37: ='RAWDATA SORTED BY_EYEglasses'!F37 -> 30.2 | D37: ='RAWDATA SORTED BY_EYEglasses'!G37 -> 28.9 | E37: ='RAWDATA SORTED BY_EYEglasses'!H37 -> 27.5 | F37: ='RAWDATA SORTED BY_EYEglasses'!I37 -> 26.9 | K37: 4 | L37: =N27 -> 25.55 | M37: =E47 -> 25.830909
B38: ='RAWDATA SORTED BY_EYEglasses'!E38 -> 32.1 | C38: ='RAWDATA SORTED BY_EYEglasses'!F38 -> 29.8 | D38: ='RAWDATA SORTED BY_EYEglasses'!G38 -> 28.4 | E38: ='RAWDATA SORTED BY_EYEglasses'!H38 -> 27.5 | F38: ='RAWDATA SORTED BY_EYEglasses'!I38 -> 26 | K38: 5 | L38: =O27 -> 24.195833 | M38: =F47 -> 24.534091
B39: ='RAWDATA SORTED BY_EYEglasses'!E39 -> 32.5 | C39: ='RAWDATA SORTED BY_EYEglasses'!F39 -> 30.1 | D39: ='RAWDATA SORTED BY_EYEglasses'!G39 -> 28.8 | E39: ='RAWDATA SORTED BY_EYEglasses'!H39 -> 27.9 | F39: ='RAWDATA SORTED BY_EYEglasses'!I39 -> 27.2
B40: ='RAWDATA SORTED BY_EYEglasses'!E40 -> 32 | C40: ='RAWDATA SORTED BY_EYEglasses'!F40 -> 30.6 | D40: ='RAWDATA SORTED BY_EYEglasses'!G40 -> 30.4 | E40: ='RAWDATA SORTED BY_EYEglasses'!H40 -> 29 | F40: ='RAWDATA SORTED BY_EYEglasses'!I40 -> 28.3
B41: ='RAWDATA SORTED BY_EYEglasses'!E41 -> 32.3 | C41: ='RAWDATA SORTED BY_EYEglasses'!F41 -> 31.2 | D41: ='RAWDATA SORTED BY_EYEglasses'!G41 -> 30.3 | E41: ='RAWDATA SORTED BY_EYEglasses'!H41 -> 29.5 | F41: ='RAWDATA SORTED BY_EYEglasses'!I41 -> 28.1
B42: ='RAWDATA SORTED BY_EYEglasses'!E42 -> 32.2 | C42: ='RAWDATA SORTED BY_EYEglasses'!F42 -> 30.6 | D42: ='RAWDATA SORTED BY_EYEglasses'!G42 -> 29.5 | E42: ='RAWDATA SORTED BY_EYEglasses'!H42 -> 29 | F42: ='RAWDATA SORTED BY_EYEglasses'!I42 -> 28.1
B43: ='RAWDATA SORTED BY_EYEglasses'!E43 -> 32.7 | C43: ='RAWDATA SORTED BY_EYEglasses'!F43 -> 30.5 | D43: ='RAWDATA SORTED BY_EYEglasses'!G43 -> 29.5 | E43: ='RAWDATA SORTED BY_EYEglasses'!H43 -> 29 | F43: ='RAWDATA SORTED BY_EYEglasses'!I43 -> 28.1
B44: ='RAWDATA SORTED BY_EYEglasses'!E44 -> 32.8 | C44: ='RAWDATA SORTED BY_EYEglasses'!F44 -> 31.2 | D44: ='RAWDATA SORTED BY_EYEglasses'!G44 -> 29.6 | E44: ='RAWDATA SORTED BY_EYEglasses'!H44 -> 28.7 | F44: ='RAWDATA SORTED BY_EYEglasses'!I44 -> 27.7
B45: ='RAWDATA SORTED BY_EYEglasses'!E45 -> 32.2 | C45: ='RAWDATA SORTED BY_EYEglasses'!F45 -> 31 | D45: ='RAWDATA SORTED BY_EYEglasses'!G45 -> 30.1 | E45: ='RAWDATA SORTED BY_EYEglasses'!H45 -> 28.5 | F45: ='RAWDATA SORTED BY_EYEglasses'!I45 -> 27.2
B46: ='RAWDATA SORTED BY_EYEglasses'!E46 -> 32.8 | C46: ='RAWDATA SORTED BY_EYEglasses'!F46 -> 30.1 | D46: ='RAWDATA SORTED BY_EYEglasses'!G46 -> 28.5 | E46: ='RAWDATA SORTED BY_EYEglasses'!H46 -> 28.4 | F46: ='RAWDATA SORTED BY_EYEglasses'!I46 -> 27.7
A47: AVERAGE | B47: =AVERAGE(B3:B46) -> 31.402045 | C47: =AVERAGE(C3:C46) -> 28.698182 | D47: =AVERAGE(D3:D46) -> 27.011364 | E47: =AVERAGE(E3:E46) -> 25.830909 | F47: =AVERAGE(F3:F46) -> 24.534091

Sheet MLX-R_WorWT_EYEglasses
B1: MLX-R WITHOUT GLASSES | J1: MLX-R WITH GLASSES
C2: ='RAWDATA SORTED BY_EYEglasses'!J2 -> 1M | D2: ='RAWDATA SORTED BY_EYEglasses'!K2 -> 2M | E2: ='RAWDATA SORTED BY_EYEglasses'!L2 -> 3M | F2: ='RAWDATA SORTED BY_EYEglasses'!M2 -> 4M | G2: ='RAWDATA SORTED BY_EYEglasses'!N2 -> 5M | J2: =C2 -> 1M | K2: =D2 -> 2M | L2: =E2 -> 3M | M2: =F2 -> 4M | N2: =G2 -> 5M
C3: ='RAWDATA SORTED BY_EYEglasses'!J3 -> 30.5 | D3: ='RAWDATA SORTED BY_EYEglasses'!K3 -> 26 | E3: ='RAWDATA SORTED BY_EYEglasses'!L3 -> 23.5 | F3: ='RAWDATA SORTED BY_EYEglasses'!M3 -> 22.5 | G3: ='RAWDATA SORTED BY_EYEglasses'!N3 -> 21 | J3: ='RAWDATA SORTED BY_EYEglasses'!J47 -> 30.5 | K3: ='RAWDATA SORTED BY_EYEglasses'!K47 -> 28.5 | L3: ='RAWDATA SORTED BY_EYEglasses'!L47 -> 25.5 | M3: ='RAWDATA SORTED BY_EYEglasses'!M47 -> 22.5 | N3: ='RAWDATA SORTED BY_EYEglasses'!N47 -> 23
C4: ='RAWDATA SORTED BY_EYEglasses'!J4 -> 30.8 | D4: ='RAWDATA SORTED BY_EYEglasses'!K4 -> 29 | E4: ='RAWDATA SORTED BY_EYEglasses'!L4 -> 25.3 | F4: ='RAWDATA SORTED BY_EYEglasses'!M4 -> 23 | G4: ='RAWDATA SORTED BY_EYEglasses'!N4 -> 23 | J4: ='RAWDATA SORTED BY_EYEglasses'!J48 -> 31.2 | K4: ='RAWDATA SORTED BY_EYEglasses'!K48 -> 28.5 | L4: ='RAWDATA SORTED BY_EYEglasses'!L48 -> 25.4 | M4: ='RAWDATA SORTED BY_EYEglasses'!M48 -> 24 | N4: ='RAWDATA SORTED BY_EYEglasses'!N48 -> 22
C5: ='RAWDATA SORTED BY_EYEglasses'!J5 -> 32 | D5: ='RAWDATA SORTED BY_EYEglasses'!K5 -> 29.7 | E5: ='RAWDATA SORTED BY_EYEglasses'!L5 -> 25.7 | F5: ='RAWDATA SORTED BY_EYEglasses'!M5 -> 24 | G5: ='RAWDATA SORTED BY_EYEglasses'!N5 -> 23 | J5: ='RAWDATA SORTED BY_EYEglasses'!J49 -> 30.1 | K5: ='RAWDATA SORTED BY_EYEglasses'!K49 -> 26 | L5: ='RAWDATA SORTED BY_EYEglasses'!L49 -> 24.1 | M5: ='RAWDATA SORTED BY_EYEglasses'!M49 -> 23 | N5: ='RAWDATA SORTED BY_EYEglasses'!N49 -> 22
C6: ='RAWDATA SORTED BY_EYEglasses'!J6 -> 30 | D6: ='RAWDATA SORTED BY_EYEglasses'!K6 -> 27 | E6: ='RAWDATA SORTED BY_EYEglasses'!L6 -> 24.5 | F6: ='RAWDATA SORTED BY_EYEglasses'!M6 -> 23.7 | G6: ='RAWDATA SORTED BY_EYEglasses'!N6 -> 21 | J6: ='RAWDATA SORTED BY_EYEglasses'!J50 -> 30.2 | K6: ='RAWDATA SORTED BY_EYEglasses'!K50 -> 26.5 | L6: ='RAWDATA SORTED BY_EYEglasses'!L50 -> 24 | M6: ='RAWDATA SORTED BY_EYEglasses'!M50 -> 23 | N6: ='RAWDATA SORTED BY_EYEglasses'!N50 -> 22
C7: ='RAWDATA SORTED BY_EYEglasses'!J7 -> 30.2 | D7: ='RAWDATA SORTED BY_EYEglasses'!K7 -> 26.5 | E7: ='RAWDATA SORTED BY_EYEglasses'!L7 -> 24.7 | F7: ='RAWDATA SORTED BY_EYEglasses'!M7 -> 23.5 | G7: ='RAWDATA SORTED BY_EYEglasses'!N7 -> 22 | J7: ='RAWDATA SORTED BY_EYEglasses'!J51 -> 29 | K7: ='RAWDATA SORTED BY_EYEglasses'!K51 -> 26 | L7: ='RAWDATA SORTED BY_EYEglasses'!L51 -> 24 | M7: ='RAWDATA SORTED BY_EYEglasses'!M51 -> 23 | N7: ='RAWDATA SORTED BY_EYEglasses'!N51 -> 22.8
C8: ='RAWDATA SORTED BY_EYEglasses'!J8 -> 30.5 | D8: ='RAWDATA SORTED BY_EYEglasses'!K8 -> 27 | E8: ='RAWDATA SORTED BY_EYEglasses'!L8 -> 26 | F8: ='RAWDATA SORTED BY_EYEglasses'!M8 -> 24 | G8: ='RAWDATA SORTED BY_EYEglasses'!N8 -> 23 | J8: ='RAWDATA SORTED BY_EYEglasses'!J52 -> 30.5 | K8: ='RAWDATA SORTED BY_EYEglasses'!K52 -> 26 | L8: ='RAWDATA SORTED BY_EYEglasses'!L52 -> 25 | M8: ='RAWDATA SORTED BY_EYEglasses'!M52 -> 24 | N8: ='RAWDATA SORTED BY_EYEglasses'!N52 -> 22.6
C9: ='RAWDATA SORTED BY_EYEglasses'!J9 -> 30.5 | D9: ='RAWDATA SORTED BY_EYEglasses'!K9 -> 26.58 | E9: ='RAWDATA SORTED BY_EYEglasses'!L9 -> 24.5 | F9: ='RAWDATA SORTED BY_EYEglasses'!M9 -> 23.3 | G9: ='RAWDATA SORTED BY_EYEglasses'!N9 -> 23 | J9: ='RAWDATA SORTED BY_EYEglasses'!J53 -> 31 | K9: ='RAWDATA SORTED BY_EYEglasses'!K53 -> 28 | L9: ='RAWDATA SORTED BY_EYEglasses'!L53 -> 26.6 | M9: ='RAWDATA SORTED BY_EYEglasses'!M53 -> 24.2 | N9: ='RAWDATA SORTED BY_EYEglasses'!N53 -> 21
C10: ='RAWDATA SORTED BY_EYEglasses'!J10 -> 30.5 | D10: ='RAWDATA SORTED BY_EYEglasses'!K10 -> 26.5 | E10: ='RAWDATA SORTED BY_EYEglasses'!L10 -> 25.4 | F10: ='RAWDATA SORTED BY_EYEglasses'!M10 -> 23.7 | G10: ='RAWDATA SORTED BY_EYEglasses'!N10 -> 23 | J10: ='RAWDATA SORTED BY_EYEglasses'!J54 -> 31.4 | K10: ='RAWDATA SORTED BY_EYEglasses'!K54 -> 27 | L10: ='RAWDATA SORTED BY_EYEglasses'!L54 -> 24.2 | M10: ='RAWDATA SORTED BY_EYEglasses'!M54 -> 21.5 | N10: ='RAWDATA SORTED BY_EYEglasses'!N54 -> 20
C11: ='RAWDATA SORTED BY_EYEglasses'!J11 -> 30.8 | D11: ='RAWDATA SORTED BY_EYEglasses'!K11 -> 26.2 | E11: ='RAWDATA SORTED BY_EYEglasses'!L11 -> 25.5 | F11: ='RAWDATA SORTED BY_EYEglasses'!M11 -> 24.3 | G11: ='RAWDATA SORTED BY_EYEglasses'!N11 -> 23 | J11: ='RAWDATA SORTED BY_EYEglasses'!J55 -> 30.8 | K11: ='RAWDATA SORTED BY_EYEglasses'!K55 -> 26.3 | L11: ='RAWDATA SORTED BY_EYEglasses'!L55 -> 25.1 | M11: ='RAWDATA SORTED BY_EYEglasses'!M55 -> 24.5 | N11: ='RAWDATA SORTED BY_EYEglasses'!N55 -> 23.8
C12: ='RAWDATA SORTED BY_EYEglasses'!J12 -> 31.2 | D12: ='RAWDATA SORTED BY_EYEglasses'!K12 -> 28.2 | E12: ='RAWDATA SORTED BY_EYEglasses'!L12 -> 26.8 | F12: ='RAWDATA SORTED BY_EYEglasses'!M12 -> 24.8 | G12: ='RAWDATA SORTED BY_EYEglasses'!N12 -> 21 | J12: ='RAWDATA SORTED BY_EYEglasses'!J56 -> 31 | K12: ='RAWDATA SORTED BY_EYEglasses'!K56 -> 27.5 | L12: ='RAWDATA SORTED BY_EYEglasses'!L56 -> 26 | M12: ='RAWDATA SORTED BY_EYEglasses'!M56 -> 24.2 | N12: ='RAWDATA SORTED BY_EYEglasses'!N56 -> 22
C13: ='RAWDATA SORTED BY_EYEglasses'!J13 -> 31.8 | D13: ='RAWDATA SORTED BY_EYEglasses'!K13 -> 28.1 | E13: ='RAWDATA SORTED BY_EYEglasses'!L13 -> 24.8 | F13: ='RAWDATA SORTED BY_EYEglasses'!M13 -> 21.5 | G13: ='RAWDATA SORTED BY_EYEglasses'!N13 -> 21.3 | J13: ='RAWDATA SORTED BY_EYEglasses'!J57 -> 31 | K13: ='RAWDATA SORTED BY_EYEglasses'!K57 -> 29.2 | L13: ='RAWDATA SORTED BY_EYEglasses'!L57 -> 27 | M13: ='RAWDATA SORTED BY_EYEglasses'!M57 -> 25.5 | N13: ='RAWDATA SORTED BY_EYEglasses'!N57 -> 22.8
C14: ='RAWDATA SORTED BY_EYEglasses'!J14 -> 31.5 | D14: ='RAWDATA SORTED BY_EYEglasses'!K14 -> 28.5 | E14: ='RAWDATA SORTED BY_EYEglasses'!L14 -> 25.8 | F14: ='RAWDATA SORTED BY_EYEglasses'!M14 -> 24.5 | G14: ='RAWDATA SORTED BY_EYEglasses'!N14 -> 24 | J14: ='RAWDATA SORTED BY_EYEglasses'!J58 -> 31.2 | K14: ='RAWDATA SORTED BY_EYEglasses'!K58 -> 29.5 | L14: ='RAWDATA SORTED BY_EYEglasses'!L58 -> 27 | M14: ='RAWDATA SORTED BY_EYEglasses'!M58 -> 26.2 | N14: ='RAWDATA SORTED BY_EYEglasses'!N58 -> 23.3
... C26: ='RAWDATA SORTED BY_EYEglasses'!J26 -> 32.4 | D26: ='RAWDATA SORTED BY_EYEglasses'!K26 -> 28.5 | E26: ='RAWDATA SORTED BY_EYEglasses'!L26 -> 26.8 | F26: ='RAWDATA SORTED BY_EYEglasses'!M26 -> 26.3 | G26: ='RAWDATA SORTED BY_EYEglasses'!N26 -> 23.5 | J26: ='RAWDATA SORTED BY_EYEglasses'!J70 -> 32.6 | K26: ='RAWDATA SORTED BY_EYEglasses'!K70 -> 30.1 | L26: ='RAWDATA SORTED BY_EYEglasses'!L70 -> 29.3 | M26: ='RAWDATA SORTED BY_EYEglasses'!M70 -> 28.8 | N26: ='RAWDATA SORTED BY_EYEglasses'!N70 -> 28.5
C27: ='RAWDATA SORTED BY_EYEglasses'!J27 -> 31.2 | D27: ='RAWDATA SORTED BY_EYEglasses'!K27 -> 28.6 | E27: ='RAWDATA SORTED BY_EYEglasses'!L27 -> 27.3 | F27: ='RAWDATA SORTED BY_EYEglasses'!M27 -> 27 | G27: ='RAWDATA SORTED BY_EYEglasses'!N27 -> 24.2 | I27: AVERAGE | J27: =AVERAGE(J3:J26) -> 31.366667 | K27: =AVERAGE(K3:K26) -> 28.8375 | L27: =AVERAGE(L3:L26) -> 27.216667 | M27: =AVERAGE(M3:M26) -> 25.9375 | N27: =AVERAGE(N3:N26) -> 24.425
C28: ='RAWDATA SORTED BY_EYEglasses'!J28 -> 31.1 | D28: ='RAWDATA SORTED BY_EYEglasses'!K28 -> 28.8 | E28: ='RAWDATA SORTED BY_EYEglasses'!L28 -> 27.8 | F28: ='RAWDATA SORTED BY_EYEglasses'!M28 -> 27.2 | G28: ='RAWDATA SORTED BY_EYEglasses'!N28 -> 24.8
C29: ='RAWDATA SORTED BY_EYEglasses'!J29 -> 31.8 | D29: ='RAWDATA SORTED BY_EYEglasses'!K29 -> 30.2 | E29: ='RAWDATA SORTED BY_EYEglasses'!L29 -> 28.8 | F29: ='RAWDATA SORTED BY_EYEglasses'!M29 -> 28 | G29: ='RAWDATA SORTED BY_EYEglasses'!N29 -> 26.3
C30: ='RAWDATA SORTED BY_EYEglasses'!J30 -> 33 | D30: ='RAWDATA SORTED BY_EYEglasses'!K30 -> 30.8 | E30: ='RAWDATA SORTED BY_EYEglasses'!L30 -> 28.5 | F30: ='RAWDATA SORTED BY_EYEglasses'!M30 -> 28.2 | G30: ='RAWDATA SORTED BY_EYEglasses'!N30 -> 26 | J30: MLX-R Average reading with or without Eye-Glasses
C31: ='RAWDATA SORTED BY_EYEglasses'!J31 -> 35 | D31: ='RAWDATA SORTED BY_EYEglasses'!K31 -> 32.2 | E31: ='RAWDATA SORTED BY_EYEglasses'!L31 -> 29 | F31: ='RAWDATA SORTED BY_EYEglasses'!M31 -> 27.5 | G31: ='RAWDATA SORTED BY_EYEglasses'!N31 -> 27.2 | J31: Distance | K31: MLX-Rwith eye-glasses | L31: MLX-Rwithout eye-glasses
C32: ='RAWDATA SORTED BY_EYEglasses'!J32 -> 33.3 | D32: ='RAWDATA SORTED BY_EYEglasses'!K32 -> 32.6 | E32: ='RAWDATA SORTED BY_EYEglasses'!L32 -> 29.8 | F32: ='RAWDATA SORTED BY_EYEglasses'!M32 -> 27.8 | G32: ='RAWDATA SORTED BY_EYEglasses'!N32 -> 26.5 | J32: 1 | K32: =J27 -> 31.366667 | L32: =C47 -> 31.85
C33: ='RAWDATA SORTED BY_EYEglasses'!J33 -> 32.3 | D33: ='RAWDATA SORTED BY_EYEglasses'!K33 -> 30.8 | E33: ='RAWDATA SORTED BY_EYEglasses'!L33 -> 30.2 | F33: ='RAWDATA SORTED BY_EYEglasses'!M33 -> 29 | G33: ='RAWDATA SORTED BY_EYEglasses'!N33 -> 27.8 | J33: 2 | K33: =K27 -> 28.8375 | L33: =D47 -> 29.176818
C34: ='RAWDATA SORTED BY_EYEglasses'!J34 -> 32.8 | D34: ='RAWDATA SORTED BY_EYEglasses'!K34 -> 32.5 | E34: ='RAWDATA SORTED BY_EYEglasses'!L34 -> 30.9 | F34: ='RAWDATA SORTED BY_EYEglasses'!M34 -> 28.7 | G34: ='RAWDATA SORTED BY_EYEglasses'!N34 -> 28.1 | J34: 3 | K34: =L27 -> 27.216667 | L34: =E47 -> 27.513636
C35: ='RAWDATA SORTED BY_EYEglasses'!J35 -> 32.6 | D35: ='RAWDATA SORTED BY_EYEglasses'!K35 -> 32.2 | E35: ='RAWDATA SORTED BY_EYEglasses'!L35 -> 30.5 | F35: ='RAWDATA SORTED BY_EYEglasses'!M35 -> 28.5 | G35: ='RAWDATA SORTED BY_EYEglasses'!N35 -> 28.2 | J35: 4 | K35: =M27 -> 25.9375 | L35: =F47 -> 26.245455
C36: ='RAWDATA SORTED BY_EYEglasses'!J36 -> 32.5 | D36: ='RAWDATA SORTED BY_EYEglasses'!K36 -> 30.4 | E36: ='RAWDATA SORTED BY_EYEglasses'!L36 -> 30 | F36: ='RAWDATA SORTED BY_EYEglasses'!M36 -> 28.3 | G36: ='RAWDATA SORTED BY_EYEglasses'!N36 -> 27 | J36: 5 | K36: =N27 -> 24.425 | L36: =G47 -> 24.85
C37: ='RAWDATA SORTED BY_EYEglasses'!J37 -> 33 | D37: ='RAWDATA SORTED BY_EYEglasses'!K37 -> 30.4 | E37: ='RAWDATA SORTED BY_EYEglasses'!L37 -> 29.2 | F37: ='RAWDATA SORTED BY_EYEglasses'!M37 -> 27.5 | G37: ='RAWDATA SORTED BY_EYEglasses'!N37 -> 27
C38: ='RAWDATA SORTED BY_EYEglasses'!J38 -> 32 | D38: ='RAWDATA SORTED BY_EYEglasses'!K38 -> 30.1 | E38: ='RAWDATA SORTED BY_EYEglasses'!L38 -> 28.8 | F38: ='RAWDATA SORTED BY_EYEglasses'!M38 -> 28 | G38: ='RAWDATA SORTED BY_EYEglasses'!N38 -> 26.2
C39: ='RAWDATA SORTED BY_EYEglasses'!J39 -> 33.1 | D39: ='RAWDATA SORTED BY_EYEglasses'!K39 -> 30.6 | E39: ='RAWDATA SORTED BY_EYEglasses'!L39 -> 29.5 | F39: ='RAWDATA SORTED BY_EYEglasses'!M39 -> 28.5 | G39: ='RAWDATA SORTED BY_EYEglasses'!N39 -> 27.4
C40: ='RAWDATA SORTED BY_EYEglasses'!J40 -> 32.5 | D40: ='RAWDATA SORTED BY_EYEglasses'!K40 -> 30.7 | E40: ='RAWDATA SORTED BY_EYEglasses'!L40 -> 30.1 | F40: ='RAWDATA SORTED BY_EYEglasses'!M40 -> 29.3 | G40: ='RAWDATA SORTED BY_EYEglasses'!N40 -> 28
C41: ='RAWDATA SORTED BY_EYEglasses'!J41 -> 33.1 | D41: ='RAWDATA SORTED BY_EYEglasses'!K41 -> 31.5 | E41: ='RAWDATA SORTED BY_EYEglasses'!L41 -> 30.6 | F41: ='RAWDATA SORTED BY_EYEglasses'!M41 -> 29.6 | G41: ='RAWDATA SORTED BY_EYEglasses'!N41 -> 28.3
C42: ='RAWDATA SORTED BY_EYEglasses'!J42 -> 32.7 | D42: ='RAWDATA SORTED BY_EYEglasses'!K42 -> 31.4 | E42: ='RAWDATA SORTED BY_EYEglasses'!L42 -> 30.6 | F42: ='RAWDATA SORTED BY_EYEglasses'!M42 -> 29.4 | G42: ='RAWDATA SORTED BY_EYEglasses'!N42 -> 28.3
C43: ='RAWDATA SORTED BY_EYEglasses'!J43 -> 33.2 | D43: ='RAWDATA SORTED BY_EYEglasses'!K43 -> 31.1 | E43: ='RAWDATA SORTED BY_EYEglasses'!L43 -> 30 | F43: ='RAWDATA SORTED BY_EYEglasses'!M43 -> 29.6 | G43: ='RAWDATA SORTED BY_EYEglasses'!N43 -> 28
C44: ='RAWDATA SORTED BY_EYEglasses'!J44 -> 33 | D44: ='RAWDATA SORTED BY_EYEglasses'!K44 -> 31.7 | E44: ='RAWDATA SORTED BY_EYEglasses'!L44 -> 30 | F44: ='RAWDATA SORTED BY_EYEglasses'!M44 -> 29 | G44: ='RAWDATA SORTED BY_EYEglasses'!N44 -> 28
C45: ='RAWDATA SORTED BY_EYEglasses'!J45 -> 33 | D45: ='RAWDATA SORTED BY_EYEglasses'!K45 -> 31.5 | E45: ='RAWDATA SORTED BY_EYEglasses'!L45 -> 30.5 | F45: ='RAWDATA SORTED BY_EYEglasses'!M45 -> 28.8 | G45: ='RAWDATA SORTED BY_EYEglasses'!N45 -> 27.5
C46: ='RAWDATA SORTED BY_EYEglasses'!J46 -> 33.2 | D46: ='RAWDATA SORTED BY_EYEglasses'!K46 -> 30.6 | E46: ='RAWDATA SORTED BY_EYEglasses'!L46 -> 29.3 | F46: ='RAWDATA SORTED BY_EYEglasses'!M46 -> 28.7 | G46: ='RAWDATA SORTED BY_EYEglasses'!N46 -> 28.8
B47: AVERAGE | C47: =AVERAGE(C3:C46) -> 31.85 | D47: =AVERAGE(D3:D46) -> 29.176818 | E47: =AVERAGE(E3:E46) -> 27.513636 | F47: =AVERAGE(F3:F46) -> 26.245455 | G47: =AVERAGE(G3:G46) -> 24.85

Sheet RS-T10_WorWT_EYEglasses
B1: RS-T10 WITHOUT GLASSES | I1: RS-T10 WITH GLASSES
B2: ='RAWDATA SORTED BY_EYEglasses'!O2 -> 1M | C2: ='RAWDATA SORTED BY_EYEglasses'!P2 -> 2M | D2: ='RAWDATA SORTED BY_EYEglasses'!Q2 -> 3M | E2: ='RAWDATA SORTED BY_EYEglasses'!R2 -> 4M | F2: ='RAWDATA SORTED BY_EYEglasses'!S2 -> 5M | I2: =B2 -> 1M | J2: =C2 -> 2M | K2: =D2 -> 3M | L2: =E2 -> 4M | M2: =F2 -> 5M
B3: ='RAWDATA SORTED BY_EYEglasses'!O3 -> 29.5 | C3: ='RAWDATA SORTED BY_EYEglasses'!P3 -> 27 | D3: ='RAWDATA SORTED BY_EYEglasses'!Q3 -> 26 | E3: ='RAWDATA SORTED BY_EYEglasses'!R3 -> 23 | F3: ='RAWDATA SORTED BY_EYEglasses'!S3 -> 21.7 | I3: ='RAWDATA SORTED BY_EYEglasses'!O47 -> 30 | J3: ='RAWDATA SORTED BY_EYEglasses'!P47 -> 28.7 | K3: ='RAWDATA SORTED BY_EYEglasses'!Q47 -> 25.7 | L3: ='RAWDATA SORTED BY_EYEglasses'!R47 -> 23.5 | M3: ='RAWDATA SORTED BY_EYEglasses'!S47 -> 22.5
B4: ='RAWDATA SORTED BY_EYEglasses'!O4 -> 30 | C4: ='RAWDATA SORTED BY_EYEglasses'!P4 -> 28.5 | D4: ='RAWDATA SORTED BY_EYEglasses'!Q4 -> 26.5 | E4: ='RAWDATA SORTED BY_EYEglasses'!R4 -> 24.5 | F4: ='RAWDATA SORTED BY_EYEglasses'!S4 -> 22.5 | I4: ='RAWDATA SORTED BY_EYEglasses'!O48 -> 32 | J4: ='RAWDATA SORTED BY_EYEglasses'!P48 -> 30 | K4: ='RAWDATA SORTED BY_EYEglasses'!Q48 -> 26 | L4: ='RAWDATA SORTED BY_EYEglasses'!R48 -> 24 | M4: ='RAWDATA SORTED BY_EYEglasses'!S48 -> 22.5
B5: ='RAWDATA SORTED BY_EYEglasses'!O5 -> 31.5 | C5: ='RAWDATA SORTED BY_EYEglasses'!P5 -> 31 | D5: ='RAWDATA SORTED BY_EYEglasses'!Q5 -> 26.5 | E5: ='RAWDATA SORTED BY_EYEglasses'!R5 -> 24.5 | F5: ='RAWDATA SORTED BY_EYEglasses'!S5 -> 23 | I5: ='RAWDATA SORTED BY_EYEglasses'!O49 -> 30 | J5: ='RAWDATA SORTED BY_EYEglasses'!P49 -> 27 | K5: ='RAWDATA SORTED BY_EYEglasses'!Q49 -> 25 | L5: ='RAWDATA SORTED BY_EYEglasses'!R49 -> 23 | M5: ='RAWDATA SORTED BY_EYEglasses'!S49 -> 22
B6: ='RAWDATA SORTED BY_EYEglasses'!O6 -> 30.5 | C6: ='RAWDATA SORTED BY_EYEglasses'!P6 -> 28 | D6: ='RAWDATA SORTED BY_EYEglasses'!Q6 -> 25.5 | E6: ='RAWDATA SORTED BY_EYEglasses'!R6 -> 23 | F6: ='RAWDATA SORTED BY_EYEglasses'!S6 -> 21.5 | I6: ='RAWDATA SORTED BY_EYEglasses'!O50 -> 30.1 | J6: ='RAWDATA SORTED BY_EYEglasses'!P50 -> 27.5 | K6: ='RAWDATA SORTED BY_EYEglasses'!Q50 -> 25.8 | L6: ='RAWDATA SORTED BY_EYEglasses'!R50 -> 24.4 | M6: ='RAWDATA SORTED BY_EYEglasses'!S50 -> 23
B7: ='RAWDATA SORTED BY_EYEglasses'!O7 -> 30 | C7: ='RAWDATA SORTED BY_EYEglasses'!P7 -> 26.7 | D7: ='RAWDATA SORTED BY_EYEglasses'!Q7 -> 25.8 | E7: ='RAWDATA SORTED BY_EYEglasses'!R7 -> 25 | F7: ='RAWDATA SORTED BY_EYEglasses'!S7 -> 23 | I7: ='RAWDATA SORTED BY_EYEglasses'!O51 -> 29 | J7: ='RAWDATA SORTED BY_EYEglasses'!P51 -> 26 | K7: ='RAWDATA SORTED BY_EYEglasses'!Q51 -> 23.4 | L7: ='RAWDATA SORTED BY_EYEglasses'!R51 -> 21.9 | M7: ='RAWDATA SORTED BY_EYEglasses'!S51 -> 20.5
B8: ='RAWDATA SORTED BY_EYEglasses'!O8 -> 30.1 | C8: ='RAWDATA SORTED BY_EYEglasses'!P8 -> 28 | D8: ='RAWDATA SORTED BY_EYEglasses'!Q8 -> 26 | E8: ='RAWDATA SORTED BY_EYEglasses'!R8 -> 24 | F8: ='RAWDATA SORTED BY_EYEglasses'!S8 -> 24 | I8: ='RAWDATA SORTED BY_EYEglasses'!O52 -> 29.1 | J8: ='RAWDATA SORTED BY_EYEglasses'!P52 -> 27.5 | K8: ='RAWDATA SORTED BY_EYEglasses'!Q52 -> 25.8 | L8: ='RAWDATA SORTED BY_EYEglasses'!R52 -> 24 | M8: ='RAWDATA SORTED BY_EYEglasses'!S52 -> 22.2
B9: ='RAWDATA SORTED BY_EYEglasses'!O9 -> 29.1 | C9: ='RAWDATA SORTED BY_EYEglasses'!P9 -> 28.2 | D9: ='RAWDATA SORTED BY_EYEglasses'!Q9 -> 25.6 | E9: ='RAWDATA SORTED BY_EYEglasses'!R9 -> 24.6 | F9: ='RAWDATA SORTED BY_EYEglasses'!S9 -> 23.5 | I9: ='RAWDATA SORTED BY_EYEglasses'!O53 -> 30 | J9: ='RAWDATA SORTED BY_EYEglasses'!P53 -> 28.2 | K9: ='RAWDATA SORTED BY_EYEglasses'!Q53 -> 27 | L9: ='RAWDATA SORTED BY_EYEglasses'!R53 -> 24 | M9: ='RAWDATA SORTED BY_EYEglasses'!S53 -> 20.5
B10: ='RAWDATA SORTED BY_EYEglasses'!O10 -> 29.5 | C10: ='RAWDATA SORTED BY_EYEglasses'!P10 -> 26.5 | D10: ='RAWDATA SORTED BY_EYEglasses'!Q10 -> 25.5 | E10: ='RAWDATA SORTED BY_EYEglasses'!R10 -> 23.2 | F10: ='RAWDATA SORTED BY_EYEglasses'!S10 -> 20.5 | I10: ='RAWDATA SORTED BY_EYEglasses'!O54 -> 30.5 | J10: ='RAWDATA SORTED BY_EYEglasses'!P54 -> 27.8 | K10: ='RAWDATA SORTED BY_EYEglasses'!Q54 -> 24 | L10: ='RAWDATA SORTED BY_EYEglasses'!R54 -> 22 | M10: ='RAWDATA SORTED BY_EYEglasses'!S54 -> 21
B11: ='RAWDATA SORTED BY_EYEglasses'!O11 -> 29.3 | C11: ='RAWDATA SORTED BY_EYEglasses'!P11 -> 28.1 | D11: ='RAWDATA SORTED BY_EYEglasses'!Q11 -> 26.5 | E11: ='RAWDATA SORTED BY_EYEglasses'!R11 -> 25.2 | F11: ='RAWDATA SORTED BY_EYEglasses'!S11 -> 23.7 | I11: ='RAWDATA SORTED BY_EYEglasses'!O55 -> 29.2 | J11: ='RAWDATA SORTED BY_EYEglasses'!P55 -> 25.5 | K11: ='RAWDATA SORTED BY_EYEglasses'!Q55 -> 26.6 | L11: ='RAWDATA SORTED BY_EYEglasses'!R55 -> 23.3 | M11: ='RAWDATA SORTED BY_EYEglasses'!S55 -> 21.5
B12: ='RAWDATA SORTED BY_EYEglasses'!O12 -> 31.5 | C12: ='RAWDATA SORTED BY_EYEglasses'!P12 -> 28.5 | D12: ='RAWDATA SORTED BY_EYEglasses'!Q12 -> 28 | E12: ='RAWDATA SORTED BY_EYEglasses'!R12 -> 25 | F12: ='RAWDATA SORTED BY_EYEglasses'!S12 -> 20.8 | I12: ='RAWDATA SORTED BY_EYEglasses'!O56 -> 29 | J12: ='RAWDATA SORTED BY_EYEglasses'!P56 -> 27.9 | K12: ='RAWDATA SORTED BY_EYEglasses'!Q56 -> 26.2 | L12: ='RAWDATA SORTED BY_EYEglasses'!R56 -> 24.2 | M12: ='RAWDATA SORTED BY_EYEglasses'!S56 -> 22
B13: ='RAWDATA SORTED BY_EYEglasses'!O13 -> 30.5 | C13: ='RAWDATA SORTED BY_EYEglasses'!P13 -> 28.5 | D13: ='RAWDATA SORTED BY_EYEglasses'!Q13 -> 24.5 | E13: ='RAWDATA SORTED BY_EYEglasses'!R13 -> 22.5 | F13: ='RAWDATA SORTED BY_EYEglasses'!S13 -> 22 | I13: ='RAWDATA SORTED BY_EYEglasses'!O57 -> 30 | J13: ='RAWDATA SORTED BY_EYEglasses'!P57 -> 28.5 | K13: ='RAWDATA SORTED BY_EYEglasses'!Q57 -> 26.8 | L13: ='RAWDATA SORTED BY_EYEglasses'!R57 -> 24.8 | M13: ='RAWDATA SORTED BY_EYEglasses'!S57 -> 22
B14: ='RAWDATA SORTED BY_EYEglasses'!O14 -> 30 | C14: ='RAWDATA SORTED BY_EYEglasses'!P14 -> 28.5 | D14: ='RAWDATA SORTED BY_EYEglasses'!Q14 -> 26 | E14: ='RAWDATA SORTED BY_EYEglasses'!R14 -> 24.7 | F14: ='RAWDATA SORTED BY_EYEglasses'!S14 -> 23 | I14: ='RAWDATA SORTED BY_EYEglasses'!O58 -> 30.5 | J14: ='RAWDATA SORTED BY_EYEglasses'!P58 -> 28.5 | K14: ='RAWDATA SORTED BY_EYEglasses'!Q58 -> 26.5 | L14: ='RAWDATA SORTED BY_EYEglasses'!R58 -> 24 | M14: ='RAWDATA SORTED BY_EYEglasses'!S58 -> 22.2
... B26: ='RAWDATA SORTED BY_EYEglasses'!O26 -> 30.5 | C26: ='RAWDATA SORTED BY_EYEglasses'!P26 -> 29 | D26: ='RAWDATA SORTED BY_EYEglasses'!Q26 -> 27 | E26: ='RAWDATA SORTED BY_EYEglasses'!R26 -> 26.1 | F26: ='RAWDATA SORTED BY_EYEglasses'!S26 -> 24 | I26: ='RAWDATA SORTED BY_EYEglasses'!O70 -> 29.2 | J26: ='RAWDATA SORTED BY_EYEglasses'!P70 -> 27.7 | K26: ='RAWDATA SORTED BY_EYEglasses'!Q70 -> 26.2 | L26: ='RAWDATA SORTED BY_EYEglasses'!R70 -> 24.1 | M26: ='RAWDATA SORTED BY_EYEglasses'!S70 -> 23.9
B27: ='RAWDATA SORTED BY_EYEglasses'!O27 -> 30.5 | C27: ='RAWDATA SORTED BY_EYEglasses'!P27 -> 28.2 | D27: ='RAWDATA SORTED BY_EYEglasses'!Q27 -> 27.6 | E27: ='RAWDATA SORTED BY_EYEglasses'!R27 -> 26.6 | F27: ='RAWDATA SORTED BY_EYEglasses'!S27 -> 25 | H27: AVERAGE | I27: =AVERAGE(I3:I26) -> 30.2625 | J27: =AVERAGE(J3:J26) -> 28.654167 | K27: =AVERAGE(K3:K26) -> 26.933333 | L27: =AVERAGE(L3:L26) -> 25.283333 | M27: =AVERAGE(M3:M26) -> 23.729167
B28: ='RAWDATA SORTED BY_EYEglasses'!O28 -> 29.8 | C28: ='RAWDATA SORTED BY_EYEglasses'!P28 -> 29 | D28: ='RAWDATA SORTED BY_EYEglasses'!Q28 -> 27.4 | E28: ='RAWDATA SORTED BY_EYEglasses'!R28 -> 26.8 | F28: ='RAWDATA SORTED BY_EYEglasses'!S28 -> 24.2
B29: ='RAWDATA SORTED BY_EYEglasses'!O29 -> 30.3 | C29: ='RAWDATA SORTED BY_EYEglasses'!P29 -> 29.2 | D29: ='RAWDATA SORTED BY_EYEglasses'!Q29 -> 28.7 | E29: ='RAWDATA SORTED BY_EYEglasses'!R29 -> 27.8 | F29: ='RAWDATA SORTED BY_EYEglasses'!S29 -> 25.5
B30: ='RAWDATA SORTED BY_EYEglasses'!O30 -> 31.5 | C30: ='RAWDATA SORTED BY_EYEglasses'!P30 -> 30.8 | D30: ='RAWDATA SORTED BY_EYEglasses'!Q30 -> 28.5 | E30: ='RAWDATA SORTED BY_EYEglasses'!R30 -> 27.5 | F30: ='RAWDATA SORTED BY_EYEglasses'!S30 -> 26.5
B31: ='RAWDATA SORTED BY_EYEglasses'!O31 -> 32 | C31: ='RAWDATA SORTED BY_EYEglasses'!P31 -> 31.2 | D31: ='RAWDATA SORTED BY_EYEglasses'!Q31 -> 28.8 | E31: ='RAWDATA SORTED BY_EYEglasses'!R31 -> 28.2 | F31: ='RAWDATA SORTED BY_EYEglasses'!S31 -> 28 | H31: RS-T10 Average reading with or without Eye-Glasses
B32: ='RAWDATA SORTED BY_EYEglasses'!O32 -> 32.2 | C32: ='RAWDATA SORTED BY_EYEglasses'!P32 -> 31 | D32: ='RAWDATA SORTED BY_EYEglasses'!Q32 -> 28.5 | E32: ='RAWDATA SORTED BY_EYEglasses'!R32 -> 27.8 | F32: ='RAWDATA SORTED BY_EYEglasses'!S32 -> 26.2 | H32: Distance | I32: RS-T10with eye-glasses | J32: RS-T10without eye-glasses
B33: ='RAWDATA SORTED BY_EYEglasses'!O33 -> 31.2 | C33: ='RAWDATA SORTED BY_EYEglasses'!P33 -> 30.4 | D33: ='RAWDATA SORTED BY_EYEglasses'!Q33 -> 30.2 | E33: ='RAWDATA SORTED BY_EYEglasses'!R33 -> 27 | F33: ='RAWDATA SORTED BY_EYEglasses'!S33 -> 26.5 | H33: 1 | I33: =I27 -> 30.2625 | J33: =B47 -> 30.502273
B34: ='RAWDATA SORTED BY_EYEglasses'!O34 -> 31.7 | C34: ='RAWDATA SORTED BY_EYEglasses'!P34 -> 31 | D34: ='RAWDATA SORTED BY_EYEglasses'!Q34 -> 30.1 | E34: ='RAWDATA SORTED BY_EYEglasses'!R34 -> 27.4 | F34: ='RAWDATA SORTED BY_EYEglasses'!S34 -> 26 | H34: 2 | I34: =J27 -> 28.654167 | J34: =C47 -> 28.9
B35: ='RAWDATA SORTED BY_EYEglasses'!O35 -> 31.6 | C35: ='RAWDATA SORTED BY_EYEglasses'!P35 -> 30.8 | D35: ='RAWDATA SORTED BY_EYEglasses'!Q35 -> 29.7 | E35: ='RAWDATA SORTED BY_EYEglasses'!R35 -> 27 | F35: ='RAWDATA SORTED BY_EYEglasses'!S35 -> 25.7 | H35: 3 | I35: =K27 -> 26.933333 | J35: =D47 -> 27.381818
B36: ='RAWDATA SORTED BY_EYEglasses'!O36 -> 31.5 | C36: ='RAWDATA SORTED BY_EYEglasses'!P36 -> 30.2 | D36: ='RAWDATA SORTED BY_EYEglasses'!Q36 -> 28.5 | E36: ='RAWDATA SORTED BY_EYEglasses'!R36 -> 27.3 | F36: ='RAWDATA SORTED BY_EYEglasses'!S36 -> 26.8 | H36: 4 | I36: =L27 -> 25.283333 | J36: =E47 -> 25.772727
B37: ='RAWDATA SORTED BY_EYEglasses'!O37 -> 31.7 | C37: ='RAWDATA SORTED BY_EYEglasses'!P37 -> 30 | D37: ='RAWDATA SORTED BY_EYEglasses'!Q37 -> 28.5 | E37: ='RAWDATA SORTED BY_EYEglasses'!R37 -> 27.2 | F37: ='RAWDATA SORTED BY_EYEglasses'!S37 -> 26.6 | H37: 5 | I37: =M27 -> 23.729167 | J37: =F47 -> 24.338636
B38: ='RAWDATA SORTED BY_EYEglasses'!O38 -> 31.5 | C38: ='RAWDATA SORTED BY_EYEglasses'!P38 -> 30 | D38: ='RAWDATA SORTED BY_EYEglasses'!Q38 -> 28.8 | E38: ='RAWDATA SORTED BY_EYEglasses'!R38 -> 27 | F38: ='RAWDATA SORTED BY_EYEglasses'!S38 -> 25.9
B39: ='RAWDATA SORTED BY_EYEglasses'!O39 -> 31.2 | C39: ='RAWDATA SORTED BY_EYEglasses'!P39 -> 29.2 | D39: ='RAWDATA SORTED BY_EYEglasses'!Q39 -> 28.8 | E39: ='RAWDATA SORTED BY_EYEglasses'!R39 -> 27.7 | F39: ='RAWDATA SORTED BY_EYEglasses'!S39 -> 26.3
B40: ='RAWDATA SORTED BY_EYEglasses'!O40 -> 30.6 | C40: ='RAWDATA SORTED BY_EYEglasses'!P40 -> 30 | D40: ='RAWDATA SORTED BY_EYEglasses'!Q40 -> 29.4 | E40: ='RAWDATA SORTED BY_EYEglasses'!R40 -> 28.7 | F40: ='RAWDATA SORTED BY_EYEglasses'!S40 -> 27.2
B41: ='RAWDATA SORTED BY_EYEglasses'!O41 -> 30.8 | C41: ='RAWDATA SORTED BY_EYEglasses'!P41 -> 30.2 | D41: ='RAWDATA SORTED BY_EYEglasses'!Q41 -> 29.4 | E41: ='RAWDATA SORTED BY_EYEglasses'!R41 -> 28 | F41: ='RAWDATA SORTED BY_EYEglasses'!S41 -> 27
B42: ='RAWDATA SORTED BY_EYEglasses'!O42 -> 31.4 | C42: ='RAWDATA SORTED BY_EYEglasses'!P42 -> 30.2 | D42: ='RAWDATA SORTED BY_EYEglasses'!Q42 -> 29.2 | E42: ='RAWDATA SORTED BY_EYEglasses'!R42 -> 28.6 | F42: ='RAWDATA SORTED BY_EYEglasses'!S42 -> 27
B43: ='RAWDATA SORTED BY_EYEglasses'!O43 -> 31.2 | C43: ='RAWDATA SORTED BY_EYEglasses'!P43 -> 29.5 | D43: ='RAWDATA SORTED BY_EYEglasses'!Q43 -> 28.4 | E43: ='RAWDATA SORTED BY_EYEglasses'!R43 -> 27.3 | F43: ='RAWDATA SORTED BY_EYEglasses'!S43 -> 26.5
B44: ='RAWDATA SORTED BY_EYEglasses'!O44 -> 31.1 | C44: ='RAWDATA SORTED BY_EYEglasses'!P44 -> 30 | D44: ='RAWDATA SORTED BY_EYEglasses'!Q44 -> 29.2 | E44: ='RAWDATA SORTED BY_EYEglasses'!R44 -> 28.1 | F44: ='RAWDATA SORTED BY_EYEglasses'!S44 -> 27
B45: ='RAWDATA SORTED BY_EYEglasses'!O45 -> 31.4 | C45: ='RAWDATA SORTED BY_EYEglasses'!P45 -> 30.8 | D45: ='RAWDATA SORTED BY_EYEglasses'!Q45 -> 29.5 | E45: ='RAWDATA SORTED BY_EYEglasses'!R45 -> 27.8 | F45: ='RAWDATA SORTED BY_EYEglasses'!S45 -> 26.5
B46: ='RAWDATA SORTED BY_EYEglasses'!O46 -> 28.9 | C46: ='RAWDATA SORTED BY_EYEglasses'!P46 -> 29.1 | D46: ='RAWDATA SORTED BY_EYEglasses'!Q46 -> 26.6 | E46: ='RAWDATA SORTED BY_EYEglasses'!R46 -> 24.2 | F46: ='RAWDATA SORTED BY_EYEglasses'!S46 -> 24.6
A47: AVERAGE | B47: =AVERAGE(B3:B46) -> 30.502273 | C47: =AVERAGE(C3:C46) -> 28.9 | D47: =AVERAGE(D3:D46) -> 27.381818 | E47: =AVERAGE(E3:E46) -> 25.772727 | F47: =AVERAGE(F3:F46) -> 24.338636

Sheet MLXP&R_RS-T10_WorWT_EYEglasses
